{"type":"FeatureCollection","features":[{"type":"Feature","properties":{"id":"AL","iso2":"AL","name":"Albania","level":"country","population":2700000,"gdp_per_capita_ppp":17000,"seats_lower":140},"geometry":{"type":"Polygon","coordinates":[[[19.436214,41.021065],[19.513885,41.256104],[19.492496,41.300552],[19.452221,41.309715],[19.442497,41.406944],[19.519997,41.57],[19.566666,41.584999],[19.584721,41.605827],[19.570829,41.685268],[19.584164,41.698883],[19.59972,41.804161],[19.449165,41.859718],[19.367771,41.848999],[19.34333,41.912498],[19.346943,41.955551],[19.374603,42.071487],[19.400276,42.10527],[19.282497,42.185555],[19.606388,42.539444],[19.609444,42.572495],[19.645832,42.61805],[19.713055,42.660553],[19.755833,42.639717],[19.773052,42.597496],[19.75,42.579994],[19.746944,42.546944],[19.765274,42.504715],[19.822498,42.471939],[20.057777,42.563889],[20.106667,42.529999],[20.161942,42.511665],[20.220833,42.433327],[20.24472,42.328606],[20.355675,42.311844],[20.450832,42.278328],[20.526108,42.211662],[20.623886,41.963333],[20.617775,41.941666],[20.581108,41.918884],[20.589642,41.882187],[20.568951,41.874542],[20.516941,41.743889],[20.533886,41.63472],[20.46611,41.55555],[20.458054,41.526382],[20.471664,41.497772],[20.562496,41.408051],[20.549999,41.373055],[20.524166,41.350273],[20.497498,41.347221],[20.495552,41.320549],[20.519165,41.246384],[20.578331,41.162773],[20.600613,41.093185],[20.669998,41.088051],[20.733887,40.911942],[20.811943,40.901108],[20.848331,40.935555],[20.944164,40.919167],[20.983887,40.893608],[20.983887,40.793053],[21.053055,40.673332],[21.041386,40.561943],[20.945553,40.466942],[20.833332,40.462219],[20.791924,40.431541],[20.75861,40.311943],[20.73333,40.305275],[20.713055,40.278328],[20.721107,40.223053],[20.671944,40.098053],[20.555832,40.066383],[20.449997,40.072495],[20.316109,39.993332],[20.338055,39.921661],[20.415276,39.836937],[20.407219,39.804443],[20.381386,39.787216],[20.306129,39.812119],[20.291386,39.806664],[20.320831,39.733604],[20.31472,39.72361],[20.21833,39.646385],[20.141388,39.656105],[20.031944,39.69722],[19.990555,39.685829],[19.981941,39.700272],[19.987778,39.867218],[19.863052,40.039719],[19.764999,40.071938],[19.730553,40.10305],[19.452774,40.224716],[19.288609,40.417496],[19.318886,40.438889],[19.344166,40.43055],[19.396664,40.382774],[19.418888,40.326942],[19.447498,40.328049],[19.478611,40.350273],[19.487778,40.440826],[19.45583,40.561104],[19.390831,40.580826],[19.307209,40.645309],[19.358887,40.699997],[19.41333,40.866386],[19.521385,40.908051],[19.51083,40.969994],[19.461109,41.006943],[19.436214,41.021065]]]}},{"type":"Feature","properties":{"id":"BA","iso2":"BA","name":"Bosnia and Herzegovina","level":"country","population":3200000,"gdp_per_capita_ppp":18000,"seats_lower":42},"geometry":{"type":"Polygon","coordinates":[[[17.649841,42.889076],[17.578526,42.943825],[17.683609,42.967216],[17.649719,43.054993],[17.589443,43.102219],[17.434719,43.179443],[17.298054,43.28083],[17.256107,43.414444],[17.271942,43.444443],[17.261665,43.459717],[17.098331,43.513611],[16.976387,43.586105],[16.711941,43.826385],[16.650276,43.908051],[16.53722,44.013611],[16.438889,44.031944],[16.354721,44.081665],[16.32972,44.104164],[16.309444,44.148605],[16.264999,44.189438],[16.143055,44.19944],[16.198055,44.353607],[16.126389,44.498604],[16.074165,44.530548],[16.033333,44.574165],[15.956944,44.699997],[15.92861,44.712219],[15.854721,44.714439],[15.7675,44.776108],[15.736944,44.812492],[15.769165,44.922775],[15.765554,45.082222],[15.781111,45.161942],[15.81111,45.195549],[15.834166,45.211937],[15.924999,45.22805],[16.015274,45.21833],[16.209721,45.034439],[16.291759,44.999115],[16.342712,45.0009],[16.357018,45.008499],[16.417805,45.12426],[16.526386,45.224442],[16.601952,45.230194],[16.682777,45.204994],[16.824444,45.187492],[16.845989,45.194435],[16.913925,45.265945],[17.036388,45.227219],[17.04361,45.206108],[17.07111,45.188332],[17.177219,45.148605],[17.240555,45.148605],[17.282497,45.176384],[17.48111,45.131104],[17.483887,45.111107],[17.596386,45.108887],[17.689999,45.122772],[17.851944,45.049438],[17.933052,45.080276],[18.070274,45.104439],[18.119999,45.083328],[18.197498,45.081665],[18.218052,45.095276],[18.216663,45.129715],[18.251942,45.138885],[18.634163,45.083328],[18.794167,44.997215],[18.800831,44.949715],[18.789997,44.938889],[18.763885,44.945],[18.768055,44.915833],[18.861111,44.858604],[19.039719,44.861382],[19.177219,44.923607],[19.310276,44.908607],[19.371387,44.88916],[19.382774,44.863052],[19.31361,44.70472],[19.193981,44.560158],[19.123402,44.514542],[19.104443,44.355827],[19.161705,44.286011],[19.239998,44.264999],[19.357952,44.209412],[19.485832,44.120277],[19.61972,44.052216],[19.619442,44.018883],[19.524502,43.958939],[19.374165,43.965553],[19.30674,43.998528],[19.237019,44.011009],[19.251221,43.962379],[19.487499,43.763329],[19.51083,43.679718],[19.493889,43.588051],[19.480553,43.571388],[19.408607,43.584442],[19.228809,43.513214],[19.006664,43.555832],[18.951664,43.512497],[18.956665,43.454437],[19.023052,43.435555],[19.093609,43.308884],[19.07222,43.248055],[19.048866,43.231026],[19.016666,43.239441],[18.954441,43.29361],[18.960293,43.326683],[18.914238,43.358315],[18.83934,43.348022],[18.699997,43.255554],[18.643887,43.13916],[18.659164,43.080276],[18.649998,43.044167],[18.524441,43.012215],[18.480553,42.964439],[18.455555,42.825554],[18.515831,42.73111],[18.560276,42.712219],[18.577499,42.654999],[18.56583,42.630554],[18.455555,42.565826],[18.411942,42.606384],[18.362499,42.626663],[18.268608,42.618332],[18.160553,42.695],[17.882774,42.81916],[17.797497,42.903885],[17.714996,42.926941],[17.684444,42.918884],[17.649841,42.889076]]]}},{"type":"Feature","properties":{"id":"BG","iso2":"BG","name":"Bulgaria","level":"country","population":6400000,"gdp_per_capita_ppp":32000,"seats_lower":240},"geometry":{"type":"Polygon","coordinates":[[[27.879166,42.841103],[27.898605,42.785271],[27.896938,42.702766],[27.728886,42.709717],[27.514996,42.556389],[27.44833,42.469994],[27.50555,42.431107],[27.553883,42.448875],[27.616665,42.44722],[27.704163,42.399994],[27.703888,42.368889],[27.759995,42.246101],[27.968609,42.072495],[28.022221,41.998055],[28.013054,41.982216],[27.869717,42.005547],[27.830273,42.001389],[27.638054,41.958321],[27.566666,41.907776],[27.41,41.995827],[27.361664,42.064995],[27.287777,42.100548],[27.233051,42.109993],[27.031384,42.081383],[26.962221,42.003323],[26.621384,41.973053],[26.560593,41.928925],[26.575294,41.898643],[26.542217,41.828049],[26.374722,41.819153],[26.345551,41.786652],[26.331944,41.748878],[26.361095,41.711052],[26.277222,41.709991],[26.234772,41.740028],[26.171944,41.748322],[26.074444,41.711937],[26.068604,41.660271],[26.10305,41.627213],[26.13472,41.63221],[26.183884,41.536942],[26.198051,41.439438],[26.139996,41.354713],[25.886662,41.309166],[25.814159,41.336098],[25.653049,41.317772],[25.567776,41.32222],[25.503609,41.289444],[25.279716,41.24305],[25.239441,41.254433],[25.185833,41.305275],[25.061192,41.362572],[24.898888,41.411942],[24.819443,41.404999],[24.809444,41.352219],[24.608887,41.43222],[24.564442,41.503326],[24.46611,41.551941],[24.307777,41.546387],[24.263885,41.570549],[24.199993,41.543785],[24.09333,41.549995],[24.063053,41.520828],[24.066387,41.485275],[23.978886,41.441109],[23.886387,41.451942],[23.796387,41.436661],[23.63583,41.378052],[23.440552,41.409439],[23.29472,41.406105],[23.231388,41.377495],[23.227219,41.346382],[23.180832,41.322777],[23.094444,41.320549],[22.935604,41.342125],[22.966663,41.374161],[22.952499,41.634438],[23.02972,41.71666],[23.014721,41.762215],[22.961941,41.77861],[22.828609,42.026939],[22.685833,42.065277],[22.521111,42.148605],[22.365276,42.323883],[22.410831,42.335274],[22.519444,42.399162],[22.558052,42.479164],[22.549442,42.510277],[22.464165,42.568886],[22.44722,42.599442],[22.442219,42.821663],[22.524998,42.878609],[22.603886,42.896111],[22.66222,42.880829],[22.745552,42.893608],[22.966389,43.101662],[22.990555,43.133049],[23.004997,43.192772],[22.904442,43.230827],[22.847221,43.284996],[22.833054,43.328888],[22.766666,43.385826],[22.628052,43.430832],[22.543331,43.472496],[22.414165,43.709442],[22.367222,43.826942],[22.416943,44.006943],[22.552776,44.063889],[22.614719,44.117493],[22.619164,44.169998],[22.653332,44.214439],[22.681435,44.224701],[22.907497,44.113609],[23.003609,44.099442],[23.044167,44.076111],[23.042774,44.056664],[23.003407,44.017799],[22.88472,43.988052],[22.843243,43.90506],[22.847618,43.86821],[22.863331,43.848328],[22.966942,43.81694],[23.071457,43.802177],[23.138885,43.808327],[23.269009,43.849243],[23.418224,43.856171],[23.516003,43.835381],[23.612499,43.796104],[23.774166,43.78833],[23.987499,43.744164],[24.179996,43.684715],[24.352497,43.695549],[24.497219,43.760277],[24.52861,43.761108],[24.598331,43.753883],[24.705555,43.715271],[25.022751,43.71019],[25.224716,43.687485],[25.380711,43.622437],[25.53194,43.6436],[25.681339,43.69043],[25.772495,43.705544],[25.878262,43.778824],[25.947495,43.852219],[26.144161,43.986382],[26.301941,44.030823],[26.79472,44.095276],[26.913403,44.136124],[27.036427,44.147339],[27.222775,44.119987],[27.272713,44.132149],[27.29055,44.088051],[27.399998,44.021935],[27.614162,44.023598],[27.656109,44.042496],[27.67944,44.029999],[27.711662,43.971657],[27.736382,43.959717],[27.820271,43.965828],[27.918884,44.005547],[27.951664,43.978882],[27.997215,43.859154],[28.047218,43.831657],[28.257771,43.764435],[28.484997,43.744164],[28.583244,43.747765],[28.57,43.689713],[28.572777,43.600822],[28.606384,43.536385],[28.553883,43.448318],[28.479443,43.393326],[28.453331,43.385277],[28.376659,43.414986],[28.299721,43.421654],[28.152493,43.404999],[28.093327,43.369713],[28.015831,43.225822],[27.945,43.167213],[27.888882,43.041382],[27.901665,42.855553],[27.879166,42.841103]]]}},{"type":"Feature","properties":{"id":"CY","iso2":"CY","name":"Cyprus","level":"country","population":1300000,"gdp_per_capita_ppp":51000,"seats_lower":56},"geometry":{"type":"Polygon","coordinates":[[[33.652618,35.354103],[33.756943,35.399719],[33.853607,35.403053],[33.969719,35.436104],[34.314163,35.575554],[34.389442,35.623886],[34.590271,35.690277],[34.569717,35.643608],[34.28083,35.476944],[33.948326,35.30722],[33.921387,35.272774],[33.90583,35.242218],[33.902496,35.161659],[34.035553,35.041382],[34.087219,34.963882],[33.976944,34.981384],[33.91333,34.969444],[33.858887,34.936661],[33.790276,34.970276],[33.677498,34.965553],[33.646111,34.935555],[33.638054,34.860832],[33.606667,34.820274],[33.365273,34.725273],[33.217216,34.69944],[33.133606,34.70166],[33.059715,34.679161],[33.007023,34.632397],[33.007023,34.595886],[33.030838,34.56255],[32.981625,34.572071],[32.941936,34.56255],[32.941936,34.594299],[32.918125,34.629223],[32.899075,34.651447],[32.859444,34.666107],[32.698326,34.64222],[32.491943,34.702217],[32.40416,34.750832],[32.323326,34.909439],[32.274162,35.043884],[32.275276,35.093605],[32.291939,35.096664],[32.369164,35.039719],[32.397774,35.039444],[32.460274,35.064438],[32.549164,35.173607],[32.660553,35.190277],[32.721939,35.180832],[32.820549,35.143883],[32.85833,35.150551],[32.901939,35.174164],[32.916939,35.199997],[32.939163,35.327499],[32.921299,35.393208],[33.002777,35.365555],[33.369438,35.328606],[33.468048,35.328049],[33.63166,35.350273],[33.652618,35.354103]]]}},{"type":"Feature","properties":{"id":"DK","iso2":"DK","name":"Denmark","level":"country","population":5900000,"gdp_per_capita_ppp":74000,"seats_lower":179},"geometry":{"type":"MultiPolygon","coordinates":[[[[11.513887,54.82972000000012],[11.564444,54.82194],[11.6425,54.877777],[11.64389,54.9061],[11.656944,54.903885],[11.849443000000122,54.765831],[11.862221,54.74305],[11.858332,54.689438],[11.833887,54.66111],[11.785,54.639999],[11.57888800000012,54.66333],[11.451387,54.620552],[11.26222,54.70722],[11.03167,54.756104],[10.989891000000114,54.79085],[11.025276,54.81443800000011],[11.014444,54.895828],[11.05778,54.934998],[11.136389,54.95388800000012],[11.275555,54.94971],[11.33111,54.91944100000012],[11.361111,54.883888],[11.408888,54.86249],[11.513887,54.82972000000012]]],[[[12.03805,54.892494],[12.11055,54.88749700000011],[12.169443,54.839165],[12.055277000000103,54.774719],[11.969721000000106,54.69944],[11.958611000000133,54.66333],[11.98,54.570274],[11.964443,54.561661],[11.92305,54.576111],[11.871944,54.651382],[11.877777,54.6877750000001],[11.899166,54.71860500000014],[11.80194,54.839165],[11.755554,54.85472],[11.708611,54.936661],[11.750832,54.960831],[11.846666,54.95611],[12.019999,54.896385],[12.03805,54.892494]]],[[[10.432777,54.84166],[10.407221000000106,54.82139],[10.248333000000116,54.90416],[10.184166,54.97361],[10.440832,54.86388],[10.432777,54.84166]]],[[[12.557499,54.964165],[12.544722,54.94722000000013],[12.52055,54.94416],[12.40416,54.96305100000012],[12.338055,54.958885],[12.18361,54.880272],[12.115833000000123,54.90416],[12.135832,54.956665],[12.311943,55.03527100000014],[12.50666600000011,55.015831],[12.532776,55.00666],[12.554722,54.972221],[12.557499,54.964165]]],[[[10.615,54.950272],[10.549166000000127,54.949997],[10.49861,55.00166300000012],[10.504999,55.00944],[10.631943,55.043327],[10.677221,54.98944100000011],[10.666666000000134,54.97361],[10.615,54.950272]]],[[[9.792500000000132,55.07499700000011],[9.96611,55.012497],[10.04389,54.937775],[10.07111,54.87471000000011],[9.978611000000114,54.85860400000013],[9.926943,54.86249],[9.781387,54.910271],[9.760555,54.98111],[9.84417,54.942215],[9.836111,54.976387],[9.793610000000115,55.014999],[9.700832,55.00972],[9.63222100000013,55.046944],[9.707777000000135,55.080826000000116],[9.77194,55.080826000000116],[9.792500000000132,55.07499700000011]]],[[[10.756943,54.777222],[10.714722000000108,54.72499800000014],[10.674999,54.75388],[10.651943,54.83721900000012],[10.68194,54.908607],[10.736666000000127,54.959717000000126],[10.801388,54.991104],[10.85055,55.044998],[10.91139,55.14361],[10.949165,55.16111],[10.958887,55.14444],[10.89777800000013,55.001106],[10.838888,54.943329],[10.786943,54.84388700000011],[10.756943,54.777222]]],[[[15.051666,54.99499500000013],[14.746944,55.065277],[14.679722,55.099716],[14.698889,55.214996],[14.744165,55.29249600000014],[14.763887,55.30555],[14.83861,55.250549],[15.141109,55.138611],[15.148333,55.0825],[15.10333,55.02055400000012],[15.061388,54.99638],[15.051666,54.99499500000013]]],[[[8.46361,55.33416],[8.429722,55.34805300000011],[8.388887,55.398048],[8.356943,55.45221700000013],[8.38083300000011,55.466385],[8.401388,55.4675],[8.45833,55.42638],[8.471388,55.336388],[8.46361,55.33416]]],[[[10.745277000000101,55.482216],[10.79055,55.362778],[10.834721,55.293884],[10.81167,55.186386],[10.782776,55.122498],[10.733332000000132,55.064438],[10.598888000000102,55.05805],[10.529444,55.02944200000013],[10.49778,55.028885],[10.15278,55.08444],[10.13528,55.117218],[10.15278,55.132774],[10.11861,55.17889],[10.005833,55.193329],[9.896944,55.279716],[9.88722,55.34221600000012],[9.810833,55.436661],[9.768055,55.466942],[9.675554,55.49916100000013],[9.74861,55.540276],[9.81305,55.547493],[9.832499,55.54471600000011],[9.8375,55.522499],[9.85639,55.512497],[9.904999,55.505829],[10.0003,55.541264000000126],[10.309721,55.616943],[10.39917,55.588882],[10.484722,55.53249],[10.452221,55.481667],[10.416111,55.452774],[10.42555,55.438606],[10.478611,55.438049],[10.60611,55.486382],[10.6175,55.563889],[10.603333,55.607216],[10.619165,55.619164],[10.747221,55.49110400000012],[10.745277000000101,55.482216]]],[[[12.579443,55.551384],[12.5525,55.55305],[12.52222,55.57694],[12.51194,55.6097180000001],[12.60611,55.69611],[12.675833,55.588608000000136],[12.579443,55.551384]]],[[[10.630554,55.865555],[10.65889,55.86582900000013],[10.666893,55.892586],[10.666943000000117,55.875549],[10.613888,55.76332900000011],[10.527498,55.765831],[10.511665,55.80194100000011],[10.523611,55.98138],[10.562498000000119,55.996109000000104],[10.560555,55.952774],[10.623888,55.868889],[10.630554,55.865555]]],[[[12.567221,55.992218],[12.515554,55.91944100000012],[12.57444,55.848053],[12.59861,55.793327],[12.600277,55.75444],[12.58417,55.735275],[12.600277,55.704163],[12.502777,55.631386],[12.49555400000014,55.603882],[12.421665,55.616386],[12.380833,55.609993000000145],[12.253332,55.552498],[12.190832,55.47861],[12.195276,55.45221700000013],[12.224165,55.427773],[12.297777,55.40305],[12.37666,55.395271],[12.430555,55.361664],[12.45194400000014,55.336388],[12.461666,55.286385],[12.412498,55.25582900000012],[12.32528,55.23333],[12.20333,55.22805000000011],[12.025555,55.169441],[12.013054,55.152496],[12.058054,55.133049],[12.130554,55.13361],[12.181389000000138,55.114166],[12.171665,54.998886],[12.041111,54.966385000000116],[11.99499900000012,54.971382],[11.936388,55.003326],[11.91028,55.003326],[11.896387000000118,54.991386],[11.900913000000116,54.97882],[11.840277,55.023331],[11.730555,55.060555000000136],[11.797777,55.15583],[11.730833000000132,55.20361],[11.69451,55.20760300000012],[11.658333,55.18721800000014],[11.553055,55.190826],[11.42778,55.21583],[11.30611,55.188889],[11.246666,55.19971],[11.187777,55.338882000000126],[11.218054,55.393608],[11.203609000000142,55.44888300000014],[11.144444,55.5774990000001],[11.089167,55.662773],[10.87361,55.7325],[10.940832000000114,55.738884],[11.129444,55.721664],[11.201111,55.698051],[11.34333,55.74749800000012],[11.486944,55.84166],[11.516388,55.89833],[11.50778,55.918884],[11.478611,55.93694],[11.359722,55.94916500000011],[11.283333,55.971382],[11.273333,55.991661000000136],[11.60639,55.936386],[11.772778,55.962219],[11.778332,55.948608],[11.73972,55.92139],[11.670277000000112,55.890549],[11.67055,55.814163],[11.745277000000101,55.784164],[11.79972,55.687218],[11.79444,55.66166],[11.825554,55.682495],[11.902777,55.925827],[11.959444000000133,55.917221],[11.998888,55.89444],[12.05694,55.742218],[12.031111,55.71527100000014],[11.970554000000106,55.717499],[11.936666,55.676941],[11.935833,55.6533280000001],[12.05722,55.6533280000001],[12.093887000000109,55.711105],[12.03972,55.924164],[12.007500000000107,55.959442],[11.866388,55.93721800000014],[11.845833,55.9524990000001],[11.859444,55.966660000000104],[12.174166,56.103607000000125],[12.290554,56.12888],[12.51417,56.08777600000013],[12.612499,56.045273],[12.618055,56.03388200000012],[12.573332000000107,55.995827],[12.567221,55.992218]]],[[[11.565832,56.67083000000014],[11.545832000000132,56.67083000000014],[11.503332000000114,56.707771],[11.64861100000013,56.719994],[11.565832,56.67083000000014]]],[[[8.924721,56.91861],[8.878887000000134,56.79860700000012],[8.766943,56.692215],[8.655277,56.67416400000013],[8.603054,56.72583],[8.55472200000014,56.738884],[8.509165,56.73555],[8.546110000000112,56.793327],[8.617005,56.830849],[8.65,56.889442],[8.81361,56.904999],[8.85972,56.95527600000014],[8.899721,56.95527600000014],[8.924721,56.92249],[8.924721,56.91861]]],[[[9.974274,57.07173200000011],[10.179443000000106,56.994164],[10.311891,56.981304],[10.288055,56.963051],[10.26833,56.90416],[10.305277,56.748055],[10.24055,56.717773],[10.154444,56.719994],[9.866388000000143,56.65028],[9.93305400000014,56.641663],[10.077221,56.686104],[10.17722,56.696388],[10.33861,56.695274],[10.36055,56.670273],[10.36360900000011,56.638885],[10.218887,56.55305],[10.187777,56.4686],[10.230833,56.47305],[10.230276,56.54944],[10.308666,56.57815900000014],[10.42583,56.5241620000001],[10.530277,56.50833],[10.786943,56.534164],[10.84417,56.523888],[10.963055,56.439438],[10.921389,56.343605],[10.744999,56.163887],[10.673887,56.18777],[10.69222,56.206383],[10.684444,56.22110700000013],[10.617777,56.22639],[10.549166000000127,56.166382],[10.57778,56.123055],[10.571388,56.111382],[10.515276,56.10083],[10.39,56.161942],[10.353054,56.19527],[10.4275,56.22110700000013],[10.479443000000117,56.220551000000114],[10.5075,56.270828],[10.44861,56.291939],[10.40055500000011,56.290833],[10.24679,56.178551],[10.215,56.139717],[10.255833,56.095551],[10.279722,56.018883],[10.249722000000133,55.91416],[10.189165,55.828049],[10.143888000000118,55.838333],[10.132221,55.864441],[10.09389,55.878609],[9.982498,55.87166600000012],[9.86555,55.84638200000012],[9.892221,55.833328],[10.04861,55.81443800000011],[10.045832,55.750275],[9.992777,55.704994],[9.811666,55.66944],[9.671944,55.708885],[9.55,55.705826],[9.566387,55.694443],[9.639444,55.692772],[9.819166,55.604721],[9.70417,55.53110500000014],[9.588333,55.421661],[9.610275000000115,55.39444],[9.596666000000141,55.367218],[9.6675,55.28083],[9.71111100000013,55.26111],[9.68861,55.196938],[9.638611,55.180832],[9.606943000000115,55.193886],[9.565277,55.18721800000014],[9.489443000000108,55.151939],[9.45917,55.123886],[9.5075,55.050278],[9.727499,54.98944100000011],[9.768055,54.891106],[9.742777,54.831383],[9.620554,54.85527000000013],[9.614166,54.890549],[9.648054000000116,54.9138870000001],[9.612778000000105,54.928329],[9.593054,54.926941],[9.445358,54.825401],[9.3925,54.83527400000014],[9.342777,54.808609000000104],[9.253611,54.80888],[9.23361,54.82444],[9.22416,54.853607],[8.94111,54.905548],[8.82889,54.9138870000001],[8.699444,54.892776],[8.66454,54.913094],[8.654722000000106,54.981941],[8.676109,55.114166],[8.561388000000136,55.10083],[8.556389,55.083328],[8.49583200000012,55.060272],[8.471388,55.073608],[8.456944,55.123886],[8.488333000000125,55.195],[8.592777,55.185555],[8.553888,55.154442],[8.56916600000011,55.144165],[8.643888,55.13110400000011],[8.688889,55.136383],[8.689444,55.160271],[8.661388000000102,55.203331],[8.66222,55.3325],[8.623888,55.427498],[8.589722,55.44305400000013],[8.439999,55.45221700000013],[8.30749900000012,55.553329],[8.256943,55.49110400000012],[8.087221,55.548882],[8.13944400000014,55.624718],[8.185555000000136,55.74305],[8.127222,55.98555],[8.1475,55.97694400000012],[8.158333,55.953606],[8.186388000000136,55.809998],[8.276667,55.834999],[8.397221,55.897499],[8.31694,56.010826],[8.31111,56.053055],[8.255,56.082771],[8.137499,56.110832],[8.14194300000014,55.996384],[8.113888,56.000832],[8.10111,56.052216],[8.12278,56.3491590000001],[8.118332,56.53083],[8.156111,56.63777],[8.216665,56.71054800000013],[8.237778000000105,56.6877750000001],[8.203888,56.638054],[8.24972,56.604996],[8.32722,56.579994],[8.40167,56.581108],[8.470833,56.561104000000114],[8.632776,56.47527300000013],[8.728333,56.48222],[8.745832,56.49305],[8.764444,56.56443800000011],[8.70666,56.587776],[8.68111,56.619995],[8.838333,56.715828],[8.873055,56.762497],[8.952499,56.804718],[9.070000000000107,56.80778],[9.111387,56.79277000000013],[9.152498,56.70388800000012],[9.053333,56.628052],[9.043333,56.599159],[9.05861,56.56694],[9.09111,56.568886],[9.106943,56.61055],[9.210833,56.63304900000014],[9.274166,56.629997],[9.281944,56.604164],[9.25083,56.58027600000014],[9.27833,56.547775],[9.321665,56.52555100000012],[9.371111,56.540833000000134],[9.376389,56.564995],[9.344166,56.56638],[9.323056000000122,56.67638],[9.304443,56.699997],[9.28028,56.70416],[9.186388,56.66972],[9.16611,56.67805],[9.165,56.892494],[9.178200000000118,56.916031],[9.309444,57.001938],[9.42555,57.02],[9.559166000000118,57.00471],[9.76417,57.05332900000013],[9.853611,57.04555],[9.966499,57.066544],[9.974274,57.07173200000011]]],[[[11.19583,57.310829000000126],[11.05833200000012,57.24082900000013],[10.997499,57.22333],[10.93388700000014,57.2502750000001],[10.874998,57.24777200000011],[10.854443000000117,57.26305],[10.921389,57.302773],[11.02583,57.320274],[11.15028,57.33166],[11.188889,57.32638500000013],[11.19694,57.31416300000012],[11.19583,57.310829000000126]]],[[[10.43249900000012,57.592216],[10.438332000000116,57.543327],[10.528055000000109,57.41389],[10.54222,57.22999600000014],[10.423887,57.157219],[10.33662,56.991665],[10.218611,56.992775],[10.006666,57.089989],[9.5,57.046387],[9.243889000000138,56.99555],[9.115549,57.052773000000116],[9.115833,57.034996],[9.03861000000012,57.01194],[9.000555,57.024994000000106],[8.885832000000107,56.997498],[8.766109,56.94971],[8.724443000000122,56.957497],[8.670832,56.945274],[8.619165000000123,56.88555],[8.607498,56.844162],[8.563889000000131,56.813606],[8.48722,56.788055],[8.46305500000011,56.697777],[8.415797,56.678127],[8.51444,56.66777],[8.591389,56.686104],[8.60722,56.63055400000013],[8.5975,56.60611],[8.554998,56.582497],[8.43693,56.65852],[8.248888,56.698608],[8.234999,56.755554],[8.245832,56.806664],[8.378887,56.945549],[8.624166,57.124443],[8.766109,57.101105],[8.846666,57.10833],[9.017221,57.15361],[9.19611,57.136108],[9.39,57.151108000000136],[9.49583200000012,57.190277],[9.580555,57.241104],[9.772778,57.444717],[9.960278,57.588333],[10.16111,57.592216],[10.26694,57.613052],[10.577221,57.746666],[10.645953000000134,57.736267],[10.526388,57.683609],[10.437777,57.603333],[10.43249900000012,57.592216]]]]}},{"type":"Feature","properties":{"id":"IE","iso2":"IE","name":"Ireland","level":"country","population":5300000,"gdp_per_capita_ppp":137000,"seats_lower":174},"geometry":{"type":"MultiPolygon","coordinates":[[[[-9.65639,53.222221],[-9.70389,53.22694400000012],[-9.72472,53.26805],[-9.660833,53.279999],[-9.64194,53.25193800000011],[-9.64861,53.22694400000012],[-9.65639,53.222221]]],[[[-9.964169,54.018608],[-9.93611,53.99139],[-9.92389,53.950554000000125],[-9.940834,53.886665],[-9.955,53.876663],[-10.05556,53.909439],[-10.062778,53.927773000000116],[-10.15222,53.959717000000126],[-10.26417,53.96860500000014],[-10.26556,53.977776],[-10.19667,54.00833100000011],[-10.119522,54.0],[-10.06917,54.02166],[-9.96806,54.02082800000011],[-9.964169,54.018608]]],[[[-8.43694,54.944443],[-8.45389,54.95499],[-8.435,54.948326],[-8.43694,54.944443]]],[[[-8.518612,54.964165],[-8.56444,54.972771],[-8.538612,55.015831],[-8.493334,54.99749800000012],[-8.48944,54.969994],[-8.518612,54.964165]]],[[[-7.40639,54.953331],[-7.458056,54.857773],[-7.553334,54.762772],[-7.73917,54.710548],[-7.82972,54.7355500000001],[-7.92528,54.702217],[-7.90639,54.664444],[-7.855278,54.63472],[-7.7775,54.62693800000011],[-7.752223,54.594444],[-7.833611,54.55389],[-8.04695,54.507217],[-8.17167,54.463879000000134],[-8.15667,54.438606],[-8.05583,54.36639],[-7.94139,54.299438],[-7.878056,54.28916],[-7.8675,54.2241590000001],[-7.82056,54.19916500000011],[-7.69694,54.2024990000001],[-7.62778,54.16971600000011],[-7.620001,54.14611100000013],[-7.55944,54.126938],[-7.330278,54.113052],[-7.280834,54.124992000000134],[-7.14583,54.225273],[-7.1425,54.255829],[-7.175556,54.28916],[-7.16083,54.336662],[-7.05833,54.41],[-7.02528,54.41693900000013],[-6.92694,54.37916600000011],[-6.87611,54.345276],[-6.851667,54.28749800000014],[-6.73472,54.18361],[-6.65556,54.065277],[-6.625,54.039162],[-6.4475,54.058327],[-6.33889,54.115555],[-6.2725,54.10499600000014],[-6.17056,54.036942],[-6.12861,54.029716],[-6.10528,54.002777],[-6.10833,53.989166000000125],[-6.155001,53.972221],[-6.35056,54.013885],[-6.38194,53.94944],[-6.37944,53.909439],[-6.36222,53.888054],[-6.28972,53.86388],[-6.255,53.833611],[-6.240001,53.782776],[-6.25111,53.719444000000124],[-6.21417,53.635551],[-6.14917,53.59027100000014],[-6.10139,53.583054],[-6.081112,53.56360600000011],[-6.07889,53.522499],[-6.14972,53.386108],[-6.22472,53.35388],[-6.11056,53.252495],[-6.03556,53.11388],[-6.013056,52.945],[-6.06944,52.865829],[-6.120001,52.828888],[-6.14833,52.77916],[-6.14778,52.738327],[-6.218056,52.66027],[-6.22278,52.62999700000012],[-6.2,52.564163],[-6.21111,52.53833],[-6.361945,52.392776],[-6.46667,52.377777],[-6.498889,52.356110000000115],[-6.41167,52.285828],[-6.321667,52.240273],[-6.357779,52.18055],[-6.62278,52.192215],[-6.78944,52.216942],[-6.83278,52.169716],[-6.9025,52.166382],[-6.91639,52.20916],[-6.994722,52.282776000000126],[-6.97056,52.221939000000134],[-6.97417,52.168053],[-7.00528,52.13611],[-7.100834,52.128883],[-7.160278,52.15028],[-7.36889,52.134163000000115],[-7.578889,52.100273],[-7.62028,52.06472],[-7.546112,52.05305],[-7.58833,51.991661],[-7.725278,51.93777],[-7.823611,51.944443],[-7.85134,51.976799],[-7.85389,51.940277],[-7.88917,51.890274],[-8.08667,51.810829],[-8.16639,51.792221],[-8.23333,51.79583000000014],[-8.24433,51.81144000000012],[-8.226667,51.83138300000013],[-8.175556,51.854439],[-8.210556,51.88444],[-8.38278,51.89277600000014],[-8.42944,51.880554],[-8.334723,51.866943],[-8.297001,51.803719],[-8.296946,51.760826],[-8.31306,51.738609],[-8.52417,51.665276],[-8.557501,51.633888],[-8.694168,51.573608],[-9.11222,51.54805],[-9.23417,51.48055],[-9.366667,51.469719],[-9.45472,51.53083],[-9.63833,51.50944],[-9.7075,51.464996],[-9.817501,51.445549],[-9.816668,51.473053],[-9.800835,51.490273],[-9.64972,51.551109],[-9.593889,51.589722],[-9.591946,51.609993],[-9.80528,51.54277000000013],[-9.84472,51.547775],[-9.74528,51.599442000000124],[-9.47056,51.676384],[-9.45,51.690826],[-9.44195,51.712776],[-9.45167,51.724716000000114],[-9.53556,51.750000000000114],[-9.55139,51.717216],[-9.630112,51.686829],[-9.93028,51.62916600000011],[-9.946667,51.613884],[-10.03694,51.593048],[-10.1325,51.59333],[-10.130001,51.61222],[-9.98806,51.677773],[-9.98083,51.708328],[-9.998056,51.71583],[-9.976667,51.729164],[-9.5775,51.87221],[-9.71,51.856384],[-10.10195,51.752220000000136],[-10.18278,51.78583],[-10.17472,51.820549],[-10.205278,51.847221],[-10.24528,51.84111],[-10.338593,51.78292],[-10.371946,51.87888],[-10.263613,51.988052],[-9.98667,52.049995],[-9.75778,52.148605],[-9.88667,52.150551],[-10.18472,52.107216],[-10.36583,52.111664],[-10.436668,52.092216],[-10.470001,52.107498],[-10.464724,52.179718],[-10.265,52.26749400000011],[-10.20417,52.281105],[-10.162779,52.287773],[-10.15722,52.270271],[-9.94583,52.23027],[-9.740835,52.24472000000014],[-9.83583,52.286659],[-9.83972,52.379715],[-9.68028,52.51277],[-9.67556,52.545273],[-9.651669,52.56194],[-9.36861,52.57972],[-9.33167,52.57111],[-8.81833,52.66555],[-8.84889,52.689995],[-8.946945,52.72361],[-9.028057,52.730553],[-9.12917,52.635277],[-9.16694,52.61666],[-9.48056,52.616943],[-9.554167,52.638054],[-9.69417,52.602219],[-9.707779,52.57638],[-9.886112,52.550278000000105],[-9.93639,52.55583200000012],[-9.91111,52.572495],[-9.81167,52.593887],[-9.485834,52.80055],[-9.405556,52.88638],[-9.394724,52.926666],[-9.467779,52.92749800000013],[-9.473333,52.940552],[-9.26667,53.14944],[-9.15417,53.106941],[-9.06944,53.117218],[-9.00148,53.145592],[-9.04361,53.166664],[-8.981112,53.16333],[-8.938057,53.140549],[-8.94111,53.26416],[-9.04028,53.27166],[-9.16778,53.248329000000126],[-9.4975,53.223053],[-9.60806,53.232216],[-9.624168,53.25361],[-9.61028,53.29916],[-9.55778,53.335548],[-9.563334,53.38333],[-9.655001,53.385826],[-9.699722,53.361382],[-9.74028,53.311943],[-9.786667,53.294167],[-9.90472,53.31721],[-9.88311,53.35377],[-9.789446,53.38666500000011],[-9.80611,53.417221],[-9.88167,53.409164],[-9.95917,53.371941000000106],[-10.175835,53.407776],[-10.20167,53.540833],[-10.18611,53.550278000000105],[-9.99445,53.606384],[-9.69528,53.59861],[-9.79945,53.604721],[-9.91306,53.6475],[-9.92445,53.691383],[-9.906389,53.75861],[-9.587778,53.784439000000134],[-9.56944,53.799438],[-9.617224,53.811943],[-9.614168,53.83527400000014],[-9.56139,53.8597180000001],[-9.56778,53.894722],[-9.76445,53.89444],[-9.84139,53.866943],[-9.91,53.857498],[-9.940556,53.866943],[-9.91278,53.94944],[-9.81194,53.93972],[-9.7975,53.909439],[-9.785002,53.914719],[-9.787779,53.9419400000001],[-9.935835,54.060829],[-9.93861,54.110832],[-9.92639,54.123886],[-9.94883,54.18005],[-10.00611,54.21889],[-10.083612,54.148605],[-10.06695,54.088608],[-10.12444,54.09638200000012],[-10.11222,54.229996],[-10.003056,54.30138],[-9.88417,54.258331],[-9.92389,54.221382],[-9.95056,54.218605],[-9.982779,54.233887],[-9.974167,54.21333],[-9.892778,54.208054],[-9.871113,54.225555],[-9.851946,54.269440000000145],[-9.84639,54.322777],[-9.79667,54.33472],[-9.58722,54.3127750000001],[-9.33639,54.3169400000001],[-9.211945,54.27471900000012],[-9.19806,54.23693800000012],[-9.131773,54.159683],[-9.13139,54.20082900000011],[-9.060556,54.279716],[-9.04139,54.286942],[-8.62,54.257217],[-8.471668,54.27388800000011],[-8.519445,54.326111],[-8.58389,54.339439],[-8.647223,54.33111],[-8.668335,54.349442000000124],[-8.38098,54.467087],[-8.28444,54.473328],[-8.26611,54.524162],[-8.17,54.591385],[-8.188334,54.6336060000001],[-8.58445,54.609718],[-8.788334,54.657494],[-8.800835,54.691666],[-8.669168,54.75972000000013],[-8.490835,54.79361],[-8.36861,54.831940000000145],[-8.31583,54.86972],[-8.339169,54.90361000000013],[-8.38333,54.900551],[-8.38611,54.879997],[-8.4375,54.89694],[-8.45667,54.9138870000001],[-8.459723,54.93833],[-8.38512,54.941982],[-8.45667,54.998604000000114],[-8.3175,55.108887],[-8.022223,55.181664000000126],[-7.98145,55.216457],[-7.899699,55.177803],[-7.859266,55.22179],[-7.79351,55.243118],[-7.796173,55.220013],[-7.81439,55.203129],[-7.810835,55.176472],[-7.770847,55.183578],[-7.712197,55.1587],[-7.696646,55.128929],[-7.705,55.09805],[-7.696667,55.093048],[-7.6675,55.146385],[-7.69861,55.214165],[-7.720278,55.21666],[-7.715751,55.171139],[-7.79173,55.21201700000012],[-7.6575,55.274437],[-7.62861,55.263054],[-7.525278,55.120552],[-7.538611,55.086662],[-7.63639,55.03833],[-7.68139,54.948326],[-7.56361,55.012215],[-7.446945,55.053604],[-7.45583,55.135551000000135],[-7.55056,55.20888],[-7.51194,55.274437],[-7.391389,55.29027600000012],[-7.354445,55.33361100000013],[-7.39889,55.37722],[-7.37944,55.380272000000105],[-7.240834,55.351944],[-7.05194,55.27166000000011],[-6.931667,55.235832],[-6.953611,55.211662],[-7.15917,55.14583],[-7.25251,55.070595],[-7.32639,55.04527300000012],[-7.40639,54.953331]]]]}},{"type":"Feature","properties":{"id":"EE","iso2":"EE","name":"Estonia","level":"country","population":1400000,"gdp_per_capita_ppp":45000,"seats_lower":101},"geometry":{"type":"MultiPolygon","coordinates":[[[[23.990829,58.099998],[23.962772,58.09943],[23.938885,58.11444100000011],[23.94305,58.139992],[23.964996,58.156654],[24.022186,58.14275],[24.02528,58.128876],[24.001663,58.10332],[23.990829,58.099998]]],[[[22.990829,58.597771],[23.273052,58.491936],[23.332218000000125,58.449997],[23.328053000000125,58.434433000000126],[23.250000000000114,58.430275],[23.198051,58.44971],[23.142494000000113,58.44360400000011],[23.076942,58.413879],[23.064163,58.385826],[23.02861,58.35777300000012],[22.756943,58.240273000000116],[22.648884000000123,58.23027],[22.474995,58.241936],[22.37833,58.223045],[22.288609,58.188042],[22.26722,58.171379000000115],[22.276108,58.142494],[22.261944,58.09388000000013],[22.202496,57.986107],[22.07333,57.91666],[22.022221,57.90971400000012],[21.994160000000136,57.922768],[21.980549,57.958046],[21.98582800000014,57.976379],[22.082218,58.07666],[22.151108,58.08638],[22.201385,58.144714],[22.17694,58.159431],[22.07861,58.17083],[21.884441,58.25222],[21.84860600000013,58.278877000000136],[21.84388700000011,58.299164],[21.874439,58.339989],[22.0075,58.35332],[21.99638,58.381378],[21.910275,58.46305100000012],[21.83194,58.50499700000012],[21.98472,58.516388],[22.112495000000138,58.492218],[22.19833,58.54943800000012],[22.501663,58.602219],[22.62416,58.59332300000011],[22.87166200000013,58.617767],[22.978882,58.601105],[22.990829,58.597771]]],[[[23.364998,58.52999100000011],[23.227219000000105,58.529716],[23.07111,58.588326],[23.060829,58.616386],[23.149719,58.670273],[23.216385,58.677773],[23.347218,58.6386030000001],[23.399162,58.558884],[23.376106,58.53305],[23.364998,58.52999100000011]]],[[[23.277222,58.963051],[23.152496,58.9658280000001],[23.110828,59.024712],[23.15083,59.04055],[23.361942000000113,59.02777100000014],[23.391663,58.99805],[23.3811070000001,58.976379],[23.291943,58.964157],[23.277222,58.963051]]],[[[22.749718000000144,59.000000000000114],[22.860828,59.001663],[22.929718,58.98249],[22.952496,58.96693],[23.045277,58.83638],[23.0216640000001,58.820549],[22.96082700000011,58.84499],[22.88444,58.833054],[22.865551,58.82444],[22.888607,58.810822000000144],[22.88444,58.779716],[22.848053,58.7736],[22.784443,58.775826],[22.783333,58.796104],[22.829163,58.81832900000012],[22.77583,58.81860400000011],[22.721107,58.781662],[22.666939,58.7052690000001],[22.5475,58.68721],[22.469715,58.703606],[22.47194,58.76361],[22.44999700000011,58.831383],[22.381939,58.88694],[22.276943,58.88943],[22.229439000000127,58.87804],[22.06361,58.92360700000012],[22.04222,58.939987],[22.064999000000114,58.95221700000013],[22.375553,58.95166],[22.468052,58.978043],[22.575829000000113,59.068604],[22.699162,59.051384],[22.6986,59.019989],[22.733883,59.001389],[22.749718000000144,59.000000000000114]]],[[[25.780277,59.628876000000105],[25.873051,59.598877],[25.979996000000142,59.632767],[26.078053,59.600548],[26.263054000000125,59.585823],[26.479996,59.53388200000012],[26.58889,59.55916],[26.65055100000012,59.553322],[26.860275,59.46583],[26.98083,59.44388],[27.427219,59.44833],[27.848053,59.40665400000012],[27.953884,59.425270000000125],[28.015831,59.4786],[28.10944,59.436104],[28.193886000000134,59.375824],[28.170359,59.30978],[28.143995,59.290802],[28.030111,59.277092],[27.951551,59.28553000000011],[27.912537,59.271820000000105],[27.788052000000107,59.058601],[27.704994,58.98582],[27.493607,58.881935],[27.426105,58.81360600000011],[27.421661,58.78138],[27.542496000000142,58.413879],[27.539165,58.361664],[27.464718,58.297775],[27.474163,58.213882],[27.554165,58.132767000000115],[27.67332800000014,58.07888000000014],[27.686661,57.965271],[27.823051000000135,57.873878000000104],[27.813885,57.860275000000115],[27.753052,57.839157],[27.545830000000137,57.817772],[27.40583,57.68499],[27.348053,57.595543000000134],[27.372059,57.535637],[27.31028,57.53138000000013],[27.08722,57.56221],[27.01861,57.611382000000106],[26.898331,57.633881],[26.63499,57.555824],[26.60889,57.526939],[26.51139,57.5261],[26.299164,57.611382000000106],[26.034996,57.823326],[25.946941,57.85388],[25.80139,57.865829],[25.62277200000011,57.916382],[25.461105,57.994438],[25.436108,58.029434],[25.294998000000135,58.084435],[25.263054000000125,58.06916],[25.29472,58.04138],[25.299999,58.01416],[25.247215,57.99249],[25.215,58.00582900000012],[25.179718,58.070274],[25.12443900000011,58.076103],[24.723885,57.964996],[24.542774000000122,57.95166],[24.453049,57.913322],[24.420273,57.874435],[24.31498,57.871826],[24.363052,57.96888],[24.456661,58.076103],[24.471107,58.1486],[24.452496,58.18277],[24.472771,58.247215],[24.542496,58.284439],[24.559998,58.30387900000011],[24.55555,58.327217],[24.458885,58.37833],[24.335552,58.3886],[24.29583,58.352776],[24.28722,58.311661],[24.246105,58.27666],[24.110554,58.232208],[23.973328,58.315826],[23.826385,58.354713],[23.770832,58.346939],[23.728607,58.370827],[23.679161,58.425552],[23.63082900000012,58.5236],[23.524719,58.558327],[23.50111,58.576942],[23.495548,58.69415],[23.529442,58.741661],[23.60083,58.732491],[23.874996,58.7686],[23.79139,58.800827],[23.59166,58.788048],[23.483051000000103,58.80999],[23.416107,58.910545],[23.431107,58.93943000000013],[23.57694,58.947212],[23.637775,58.970543000000134],[23.623329,59.015549],[23.56028,59.047493],[23.611942,59.010277],[23.55638,58.98777],[23.45249600000011,58.986382],[23.407219,59.0186],[23.43305,59.059158],[23.482494,59.08943],[23.463051,59.19887],[23.470551,59.212494],[23.51083,59.228325],[23.613609,59.23972],[23.727219,59.22971],[23.74499500000013,59.23916],[23.721382,59.27137800000014],[23.742218,59.278603],[23.830830000000105,59.289719],[23.905273,59.27082800000011],[24.027222,59.287773],[24.019444,59.371101],[24.03722,59.390549],[24.08111,59.39222],[24.186661,59.344154],[24.21221500000013,59.344994],[24.318886000000134,59.425827],[24.329163000000108,59.464157000000114],[24.350552,59.47137500000014],[24.72277,59.452774],[24.791943,59.51028],[24.776943,59.527489],[24.776665,59.564438],[24.860554,59.545547],[24.909439,59.507217],[25.05055,59.51194],[25.121941,59.533333],[25.392494,59.485825],[25.490829,59.561104],[25.46944,59.648331],[25.476383000000112,59.66304800000012],[25.49277,59.66415400000011],[25.655552,59.562767],[25.715271,59.579437],[25.67472,59.659988],[25.70916,59.66666],[25.77471900000012,59.635551000000135],[25.780277,59.628876000000105]]]]}},{"type":"Feature","properties":{"id":"AT","iso2":"AT","name":"Austria","level":"country","population":9100000,"gdp_per_capita_ppp":62000,"seats_lower":183},"geometry":{"type":"Polygon","coordinates":[[[13.833611,48.773605],[14.007221,48.710274],[14.0525,48.664162],[14.184166,48.596107],[14.278332,48.582497],[14.390276,48.592499],[14.446388,48.618889],[14.505554,48.628326],[14.608889,48.628883],[14.70028,48.581379],[14.720276,48.605827],[14.714722,48.660553],[14.72611,48.69194],[14.812498,48.781387],[14.958887,48.794716],[14.984999,48.939163],[14.978054,48.977219],[14.996944,49.0075],[15.025833,49.018883],[15.364721,48.983604],[15.68861,48.863327],[15.849432,48.859703],[16.103333,48.75],[16.376389,48.734444],[16.413055,48.750549],[16.457497,48.811943],[16.537498,48.812775],[16.65583,48.787773],[16.711666,48.746384],[16.78833,48.719162],[16.885277,48.729439],[16.919998,48.700272],[16.946182,48.619064],[16.943333,48.573326],[16.933331,48.532776],[16.864441,48.467216],[16.84222,48.365273],[16.920555,48.283882],[16.94972,48.278049],[16.975277,48.188332],[17.03075,48.145859],[17.069145,48.135265],[17.081108,48.088333],[17.116665,48.038605],[17.166386,48.012497],[17.108055,47.971382],[17.060555,47.876938],[17.054996,47.799721],[17.071663,47.728607],[17.053886,47.709442],[16.955276,47.694717],[16.768608,47.684715],[16.734444,47.703331],[16.715832,47.734718],[16.635555,47.760277],[16.561386,47.75666],[16.450554,47.698051],[16.426941,47.671387],[16.493053,47.64666],[16.590832,47.629166],[16.645275,47.631943],[16.713886,47.543884],[16.655205,47.458153],[16.592499,47.425278],[16.451942,47.415276],[16.456387,47.368889],[16.491665,47.279999],[16.420555,47.20916],[16.452499,47.148888],[16.505554,47.114998],[16.506943,47.004715],[16.302776,47.011383],[16.253609,46.958328],[16.136108,46.877777],[15.985554,46.831108],[15.988054,46.751106],[15.406111,46.652496],[15.105276,46.657219],[14.870554,46.615829],[14.834999,46.574715],[14.811666,46.509995],[14.544998,46.407494],[14.159443,46.440826],[14.112499,46.48111],[13.936943,46.515831],[13.77611,46.518326],[13.551943,46.556664],[13.2575,46.561943],[12.827499,46.630272],[12.768888,46.650833],[12.738609,46.640274],[12.692499,46.659721],[12.554443,46.661659],[12.440554,46.690826],[12.378611,46.726662],[12.301666,46.84111],[12.160276,46.928055],[12.127222,47.00972],[12.19861,47.033882],[12.230833,47.07222],[12.22611,47.086662],[12.189165,47.094719],[11.755833,46.977493],[11.628611,47.012497],[11.483889,47.01416],[11.171389,46.96666],[11.096666,46.912498],[11.098055,46.885277],[11.072498,46.824997],[11.014721,46.772499],[10.887777,46.771111],[10.834166,46.786942],[10.791666,46.801384],[10.758055,46.838882],[10.679443,46.874718],[10.566387,46.849159],[10.497776,46.85527],[10.471235,46.871353],[10.487499,46.937775],[10.391109,47.003609],[10.353611,46.994995],[10.313332,46.933609],[10.231388,46.878883],[10.109444,46.850273],[9.879444,46.939156],[9.873333,46.962769],[9.893055,47.000267],[9.875555,47.022491],[9.598635,47.063835],[9.634998,47.094994],[9.633888,47.130554],[9.566387,47.243889],[9.533569,47.274544],[9.605276,47.359993],[9.650555,47.373055],[9.673332,47.398605],[9.65111,47.458328],[9.594166,47.46833],[9.559721,47.499718],[9.566724,47.540451],[9.607064,47.529514],[9.7292,47.535297],[9.763054,47.584717],[9.808332,47.594719],[9.955,47.539719],[10.231388,47.381386],[10.211666,47.322495],[10.173332,47.274719],[10.228054,47.275551],[10.337221,47.312492],[10.473331,47.435555],[10.469166,47.480553],[10.436388,47.52916],[10.426943,47.576942],[10.478054,47.591942],[10.569443,47.540276],[10.690832,47.553886],[10.909443,47.518051],[10.97361,47.400551],[11.095554,47.396111],[11.296389,47.428886],[11.457499,47.512215],[11.574444,47.519997],[11.683054,47.584717],[12.006388,47.624443],[12.195745,47.608124],[12.207777,47.62722],[12.201111,47.657494],[12.455,47.66777],[12.518055,47.632217],[12.57639,47.644165],[12.606943,47.674438],[12.735554,47.684166],[12.829166,47.622215],[12.800278,47.613052],[12.78611,47.585831],[12.809721,47.552216],[12.952686,47.478477],[13.016666,47.470276],[13.054998,47.5],[13.099998,47.644997],[13.08,47.684441],[13.034443,47.722221],[12.984999,47.712219],[12.911943,47.720833],[12.939722,47.784721],[13.008888,47.854164],[12.918888,47.957771],[12.768332,48.079163],[12.753332,48.109161],[12.758333,48.123886],[12.874998,48.204994],[13.017776,48.259438],[13.154444,48.292221],[13.27861,48.303055],[13.394999,48.366104],[13.421665,48.389999],[13.439999,48.435272],[13.457777,48.517776],[13.435276,48.556938],[13.441666,48.565552],[13.526943,48.584999],[13.651667,48.554161],[13.674721,48.533051],[13.725996,48.515587],[13.8025,48.581108],[13.822777,48.617218],[13.814722,48.738052],[13.833611,48.773605]]]}},{"type":"Feature","properties":{"id":"CZ","iso2":"CZ","name":"Czechia","level":"country","population":10500000,"gdp_per_capita_ppp":50000,"seats_lower":200},"geometry":{"type":"Polygon","coordinates":[[[14.70028,48.581379],[14.608889,48.628883],[14.505554,48.628326],[14.446388,48.618889],[14.390276,48.592499],[14.278332,48.582497],[14.184166,48.596107],[14.0525,48.664162],[14.007221,48.710274],[13.88361,48.763611],[13.815554,48.778328],[13.813889,48.800278],[13.763054,48.843605],[13.740833,48.88166],[13.677776,48.884163],[13.641109,48.914162],[13.626389,48.953331],[13.599722,48.951942],[13.564826,48.973667],[13.509722,48.972496],[13.402542,49.006187],[13.395277,49.050278],[13.314165,49.103333],[13.173054,49.167221],[12.966665,49.33194],[12.88611,49.346939],[12.893055,49.331108],[12.883333,49.327499],[12.78611,49.344162],[12.674444,49.424995],[12.597776,49.527496],[12.515554,49.679443],[12.455555,49.695549],[12.467499,49.782219],[12.546944,49.897499],[12.544167,49.918053],[12.49,49.976662],[12.265554,50.066109],[12.206142,50.106209],[12.192499,50.13166],[12.208611,50.169441],[12.123333,50.307495],[12.093704,50.322533],[12.177221,50.318054],[12.284166,50.215271],[12.323055,50.206665],[12.325554,50.236107],[12.398611,50.309166],[12.51861,50.393883],[12.671389,50.411942],[12.818888,50.454437],[12.938889,50.408882],[12.985558,50.418327],[13.079443,50.498055],[13.191111,50.503609],[13.25111,50.589996],[13.378332,50.62944],[13.463888,50.600273],[13.520277,50.639999],[13.510832,50.650551],[13.541111,50.68972],[13.582222,50.709442],[13.734165,50.730827],[13.891109,50.768883],[13.904444,50.789444],[13.986666,50.813606],[14.311388,50.882217],[14.368332,50.934998],[14.322777,50.945274],[14.256109,50.987778],[14.285555,51.037498],[14.309721,51.053604],[14.491665,51.036659],[14.569166,51.005554],[14.597221,50.982498],[14.628332,50.923607],[14.631388,50.881104],[14.619165,50.857498],[14.766666,50.818329],[14.804165,50.820549],[14.828333,50.865829],[15.005278,50.867218],[15.020555,50.964722],[15.010555,50.984161],[15.176943,51.014717],[15.275276,50.974998],[15.295277,50.954163],[15.271944,50.931107],[15.283333,50.890831],[15.310555,50.85833],[15.364166,50.841385],[15.37972,50.779442],[15.488333,50.786659],[15.787498,50.744164],[15.946943,50.689438],[16.024441,50.629997],[16.071388,50.635551],[16.118053,50.657799],[16.237499,50.670555],[16.334999,50.663887],[16.369999,50.644165],[16.431389,50.600555],[16.448055,50.572777],[16.406666,50.523048],[16.368332,50.498604],[16.310833,50.504166],[16.213886,50.449715],[16.203331,50.428604],[16.266109,50.389717],[16.371944,50.361107],[16.441387,50.316666],[16.559166,50.214165],[16.567497,50.160553],[16.638054,50.109444],[16.725277,50.099716],[16.849998,50.203331],[16.909164,50.222221],[17.00222,50.216942],[16.972775,50.309998],[16.869442,50.405273],[16.887497,50.437492],[16.910831,50.440132],[17.118053,50.39666],[17.37833,50.279442],[17.433052,50.270271],[17.63361,50.265549],[17.692219,50.296661],[17.69611,50.321938],[17.726109,50.318329],[17.753052,50.297775],[17.762497,50.205551],[17.691666,50.178055],[17.607498,50.170555],[17.597775,50.158333],[17.843887,49.988327],[17.933052,49.979721],[18.009441,50.011108],[18.053162,50.055931],[18.270275,49.957771],[18.577221,49.914444],[18.57935,49.814995],[18.634163,49.737778],[18.811665,49.672218],[18.851246,49.517357],[18.562222,49.493889],[18.546108,49.457497],[18.379444,49.330276],[18.208054,49.284164],[18.174721,49.241661],[18.174164,49.210274],[18.145277,49.145],[18.147778,49.115555],[18.075279,49.041943],[17.91111,48.984993],[17.841942,48.928329],[17.712219,48.85611],[17.390274,48.822777],[17.252777,48.870827],[17.187908,48.869446],[17.113888,48.833054],[17.044167,48.771385],[16.946182,48.619064],[16.91861,48.703331],[16.885277,48.729439],[16.78833,48.719162],[16.711666,48.746384],[16.65583,48.787773],[16.54361,48.811943],[16.457497,48.811943],[16.413055,48.750549],[16.376389,48.734444],[16.103333,48.75],[15.849432,48.859703],[15.68861,48.863327],[15.364721,48.983604],[15.025833,49.018883],[14.996944,49.0075],[14.978054,48.977219],[14.984999,48.939163],[14.958887,48.794716],[14.812498,48.781387],[14.72611,48.69194],[14.714722,48.660553],[14.720276,48.605827],[14.704166,48.583611],[14.70028,48.581379]]]}},{"type":"Feature","properties":{"id":"FI","iso2":"FI","name":"Finland","level":"country","population":5600000,"gdp_per_capita_ppp":58000,"seats_lower":200},"geometry":{"type":"MultiPolygon","coordinates":[[[[23.705826,59.9272160000001],[23.38055,59.903053000000114],[23.369999,59.91138500000011],[23.38388,59.925827],[23.51833,59.95861],[23.726383000000112,59.929718],[23.705826,59.9272160000001]]],[[[22.833611,59.956383],[23.072498,59.951111],[23.049999000000128,59.8986],[22.9175,59.898331],[22.87722,59.905273000000136],[22.80778,59.94527],[22.815,59.972496],[22.830555000000118,59.972221],[22.8291660000001,59.96083],[22.833611,59.956383]]],[[[22.43888500000014,59.99582700000013],[22.373329000000126,59.98999800000013],[22.34833,60.049438],[22.35194,60.06694],[22.40444200000013,60.083885],[22.440552,60.07249500000012],[22.4525,60.04972],[22.44263500000011,60.0],[22.43888500000014,59.99582700000013]]],[[[21.598053,60.098053],[21.520554,60.093605],[21.484722,60.10833],[21.50194,60.139442],[21.552776,60.164444],[21.655552000000114,60.155548000000124],[21.63528,60.10472],[21.598053,60.098053]]],[[[21.748886,60.111382000000106],[21.695274,60.115829],[21.708885,60.179161],[21.723331,60.186386],[21.856388,60.191666],[21.885277,60.177216],[21.864719,60.155],[21.78500000000014,60.118889],[21.748886,60.111382000000106]]],[[[21.39666,60.17860400000012],[21.385277,60.156662],[21.271942,60.184715],[21.30555,60.204994],[21.350277,60.20472],[21.386387,60.188049],[21.39666,60.17860400000012]]],[[[22.000832,60.12944],[21.952221,60.13528],[21.942219,60.175827],[22.060833,60.20388800000012],[22.07027,60.19082600000013],[22.023888000000113,60.138885],[22.000832,60.12944]]],[[[25.84861,60.195549],[25.81889,60.195274],[25.81444,60.20916],[25.874996,60.211105],[25.855831,60.19944],[25.84861,60.195549]]],[[[22.824444,60.227219],[22.848053,60.119438],[22.83583,60.09111],[22.73611,60.00305],[22.633331,60.004715],[22.601109000000122,59.98333000000014],[22.600277,60.004997],[22.572498,60.027496],[22.521111000000133,60.00305],[22.469463000000133,60.0],[22.471132,60.072083000000134],[22.424164,60.10833],[22.415276,60.152222],[22.430275,60.194443],[22.4575,60.221382],[22.587776,60.2025],[22.7325,60.21999],[22.824444,60.227219]]],[[[22.24222200000014,60.18110700000011],[22.215275,60.179443000000106],[22.2125,60.200829],[22.242496,60.23722],[22.29444100000012,60.248604],[22.30611,60.22305300000011],[22.264442,60.191383],[22.24222200000014,60.18110700000011]]],[[[25.677219,60.234993],[25.634998,60.19805],[25.59111,60.210548],[25.56166,60.260551000000135],[25.576664,60.290833],[25.60472,60.28860500000013],[25.681942,60.24166],[25.677219,60.234993]]],[[[22.34222000000011,60.28305],[22.33083,60.262497],[22.285831,60.26722],[22.21333,60.24166],[22.21888700000011,60.269722],[22.20916,60.2725],[22.144722000000115,60.281105],[22.179443,60.2736],[22.151108,60.256104],[22.068886,60.268608],[22.069721,60.291107],[22.096107,60.30778],[22.21722,60.308884],[22.34111,60.28833],[22.34222000000011,60.28305]]],[[[22.383331000000112,60.28833],[22.315277,60.316666],[22.338886000000116,60.342773],[22.39666,60.351105],[22.472221,60.327774],[22.460552,60.309441],[22.418888,60.296387],[22.383331000000112,60.28833]]],[[[21.982777000000112,60.324165],[21.89944,60.335274],[21.789997,60.372498],[21.784721,60.387772],[21.807499,60.465553],[21.896385,60.444443],[21.996666,60.358887],[21.99722,60.331383],[21.982777000000112,60.324165]]],[[[21.75166,60.498329],[21.684444,60.452774],[21.73,60.520271],[21.763332,60.522499],[21.757500000000107,60.503052],[21.75166,60.498329]]],[[[21.32889,60.48111],[21.275833,60.47805],[21.226944000000117,60.55249800000013],[21.278053000000114,60.54028],[21.321388,60.495827],[21.32889,60.48111]]],[[[21.483330000000137,60.520271],[21.432499,60.469719],[21.324997,60.51611],[21.32194,60.543053],[21.358055,60.559441000000106],[21.480553,60.525276],[21.483330000000137,60.520271]]],[[[21.29028,60.61222],[21.289165,60.56139],[21.21805,60.60388200000011],[21.21833,60.623886],[21.25583,60.643051],[21.276108,60.63499500000012],[21.29028,60.61222]]],[[[21.3275,60.87722],[21.263885,60.879166],[21.245831,60.94999700000011],[21.296387,60.967773],[21.35722,60.92194],[21.3275,60.87722]]],[[[21.080276,63.281387],[21.29222,63.23944100000011],[21.370552,63.256386],[21.41333,63.25138900000013],[21.427219,63.196938],[21.309998,63.15361],[21.246944,63.144722000000115],[21.248055000000136,63.15610500000014],[21.18611,63.190826],[21.175831,63.174995],[21.144722000000115,63.178329],[21.08,63.275833],[21.080276,63.281387]]],[[[22.180832,63.265274],[22.078331000000105,63.279442],[22.040833,63.306938000000116],[22.192497000000117,63.3219380000001],[22.21,63.300827],[22.186386,63.270828],[22.180832,63.265274]]],[[[21.32333,63.28916],[21.23333,63.320274],[21.238331,63.330276],[21.301666,63.3513870000001],[21.37611,63.345276],[21.378887000000134,63.334999],[21.345554000000106,63.30110900000011],[21.32333,63.28916]]],[[[22.873608,63.799995],[22.868332000000123,63.770554],[22.770275,63.784164],[22.706665,63.775276],[22.672222,63.79805],[22.80611,63.876938],[22.897499,63.866943000000106],[22.917221,63.82194],[22.876389,63.806107],[22.873608,63.799995]]],[[[24.734997000000135,64.944443],[24.603054,64.96193],[24.56805400000013,64.990555],[24.554996,65.031097],[24.624996000000124,65.05915800000014],[24.833611000000133,65.07859800000011],[25.03,65.040543],[25.021111000000133,65.027771],[24.84666,65.003601],[24.820274,64.963882],[24.734997000000135,64.944443]]],[[[24.462219,65.763885],[24.43694,65.769714],[24.454441,65.78610200000014],[24.5,65.776657],[24.462219,65.763885]]],[[[28.165833,69.91221600000011],[28.32333,69.8875],[28.37194,69.83166],[28.404999,69.821655],[29.09889,69.70805400000012],[29.176109,69.635269],[29.299721,69.48555],[29.2691650000001,69.4519350000001],[29.122219,69.37082],[28.819164,69.231934],[28.784164,69.16055],[28.786942,69.119156],[28.827499,69.0935970000001],[28.9573400000001,69.05162],[28.456944000000135,68.91832],[28.431942,68.896942],[28.447498,68.878326],[28.479164,68.873596],[28.737778000000105,68.87582],[28.820553,68.844437],[28.73860900000011,68.73416],[28.457497,68.53194],[28.696663000000115,68.19332900000012],[29.35694100000012,68.08248900000012],[29.691666,67.815277],[30.02861,67.69472],[29.964722,67.54443400000014],[29.932777,67.513885],[29.525276000000133,67.293884],[29.156944000000124,67.03082300000011],[29.087776,66.969986],[29.07499700000011,66.89582800000011],[29.086388000000113,66.860825],[29.123055,66.824707],[29.273331,66.73832700000014],[29.359444,66.673325],[29.385548,66.62831100000011],[29.554443,66.470276],[29.577499000000103,66.401657],[29.63861100000014,66.32249500000012],[29.799164,66.19249],[29.910275,66.12693800000011],[29.94833,66.049713],[30.09666,65.833328],[30.134163,65.71916],[30.123886,65.66499],[30.024441,65.69110100000012],[29.818886,65.65332000000012],[29.834164,65.588333],[29.798054,65.53749],[29.746109,65.514435],[29.738331,65.48111000000011],[29.747498,65.341934],[29.620831,65.276657],[29.596386,65.24889],[29.639721000000122,65.224442],[29.853611,65.21611],[29.87278,65.19832],[29.873886,65.12082],[29.806942,65.099152],[29.683609,65.08444],[29.628887,65.063049],[29.60666700000013,65.001663],[29.636665,64.92805],[29.714443,64.852219],[29.804722,64.7938840000001],[30.04805,64.795547],[30.140831,64.774155],[30.20916,64.67277500000012],[30.199165,64.65027],[30.17028,64.628052],[29.974998,64.5811000000001],[30.00967,64.51286],[30.087219,64.483047],[30.083054,64.45221],[30.053608,64.404999],[30.156109,64.354156],[30.389721,64.30943300000013],[30.55278,64.248322],[30.578053,64.221375],[30.614441000000113,64.08665500000012],[30.595276000000126,64.046936],[30.398052,63.93055],[30.25583300000011,63.817772000000105],[29.993332,63.743607],[30.228333,63.600555],[30.399441,63.546104],[30.481667,63.47861],[30.714722,63.42443800000012],[31.219719,63.223053],[31.38305,63.06916],[31.514999000000103,62.986938],[31.588928000000124,62.91441300000014],[31.4675,62.806389],[31.32194,62.615273],[31.25972,62.507774],[30.964165,62.339165],[30.704166,62.21054800000013],[30.300552,61.95611],[29.809166,61.60833],[29.362499,61.364166],[29.21361,61.253326],[28.812775,61.103333],[28.719997,61.04527],[28.638885,60.96611000000013],[28.529163,60.954994],[28.38888500000013,60.886665],[28.298611,60.820549],[27.807831,60.546402],[27.785275,60.570549],[27.74361,60.572495],[27.738052,60.51138300000014],[27.47666500000014,60.506386],[27.473053,60.476387],[27.29555,60.503883],[27.271942,60.525276],[27.270832,60.541939],[27.215275000000133,60.585548],[27.031387,60.53889],[26.960278,60.44194],[26.905277000000126,60.47610500000013],[26.811108,60.47277],[26.666943000000117,60.426666000000125],[26.56361,60.42805],[26.503052,60.443054],[26.473053,60.473328],[26.575832000000105,60.585548],[26.617222,60.605827],[26.668331,60.607498],[26.753887,60.571663000000115],[26.69527,60.640831],[26.659164,60.6475],[26.60722,60.63694],[26.461941,60.5075],[26.452774,60.483887],[26.48222,60.43694],[26.421665,60.391937],[26.146111,60.393883],[26.051388,60.427498],[26.046665,60.41583],[26.111664,60.330276],[26.083054,60.294998],[26.041943,60.2930530000001],[26.04055,60.322495],[25.83805500000011,60.401108],[25.9180530000001,60.35139],[25.928608,60.248604],[25.919998,60.24166],[25.887497,60.24166],[25.864998,60.27944200000013],[25.753887,60.314720000000136],[25.740442000000144,60.30738800000012],[25.74555,60.28611000000012],[25.788055,60.268608],[25.845833,60.2649990000001],[25.780277,60.232773],[25.720554,60.248055],[25.649719,60.296387],[25.647778,60.335548],[25.694553,60.342216],[25.690277,60.35694],[25.66222,60.362221],[25.545277,60.311104000000114],[25.48944,60.245827],[25.367775,60.255829],[25.200832000000105,60.241943],[25.14638,60.219444],[25.201111,60.2075],[25.19527,60.186386],[25.06583,60.156105],[24.949436000000105,60.135559],[24.75111,60.13694],[24.603333,60.121941],[24.60805,60.08972200000011],[24.591942,60.056664000000126],[24.462776000000133,59.989441],[24.421104,59.987221],[24.421387,60.027222],[24.366665,60.068054],[24.333054,60.071938],[24.216942,60.039444],[23.7972180000001,59.961937],[23.61805,59.951942],[23.5613570000001,59.970669],[23.434444,59.950554],[23.43083,59.960274],[23.479443,59.996666],[23.537498,60.02527600000013],[23.53833,60.06972],[23.493889000000138,60.058327],[23.252499000000114,59.839165],[22.889721,59.80639],[22.93472,59.840553],[23.086941000000138,59.87916600000011],[23.156109,59.8836060000001],[23.257217,59.919441],[23.33833,60.02],[23.33083,60.028328],[23.317234,60.02066],[23.224995,59.926109],[23.10722,59.922493],[23.0975,59.935829],[23.107777,59.96833],[23.21856300000013,60.0],[23.25972,60.03555300000011],[23.18555,60.04833200000013],[23.049442,60.03611],[22.985554,60.062775],[23.041943,60.120827],[23.022499,60.129166],[22.967499,60.11193800000012],[22.87444,60.14555400000012],[22.86972,60.179161],[22.901386000000116,60.213333],[23.011387000000127,60.277496],[23.086941000000138,60.346939],[23.055832000000123,60.353333],[22.72555,60.234993],[22.55595,60.213326],[22.44722,60.244438],[22.480274,60.28139],[22.62028,60.3702770000001],[22.632221,60.391937],[22.276943,60.385826],[22.17583100000013,60.43138900000014],[22.01444,60.465271],[21.937496,60.52138500000012],[21.83972200000011,60.524162],[21.863052,60.471939],[21.803055,60.482498000000135],[21.796944,60.56194],[21.828888,60.58194],[21.824444,60.61916],[21.664165,60.55249800000013],[21.58833,60.50694],[21.576942,60.562492000000134],[21.51861,60.574715],[21.452774,60.562492000000134],[21.429996,60.573326],[21.358608,60.65361],[21.355,60.683609000000104],[21.386108,60.686386],[21.392498000000103,60.755554],[21.328331,60.865273],[21.387775,60.94082600000013],[21.44444,61.167221],[21.493889,61.23555],[21.54444100000012,61.276382],[21.554443,61.309441],[21.519444,61.509163000000115],[21.465275,61.550552],[21.493332000000123,61.573883],[21.659721000000104,61.533607],[21.668053,61.54694400000011],[21.535275,61.65333],[21.470276,61.755272],[21.488052,61.80305],[21.410553,61.890549],[21.363331,61.929443000000106],[21.280277,61.948051],[21.25333,62.005554],[21.333885,62.153885000000116],[21.37778,62.179443],[21.389999000000103,62.203606],[21.33667,62.348885],[21.155552,62.412773],[21.111664000000133,62.45166],[21.1252750000001,62.547493],[21.064163,62.596382],[21.101944,62.762772],[21.137497,62.791939],[21.29805,62.860832],[21.351944,62.85443900000013],[21.37722,62.86388],[21.445831,62.967499],[21.450554,63.006386],[21.434166,63.030273000000136],[21.439163,63.042496],[21.50611,63.06721],[21.619999,63.018608],[21.686108,63.024994],[21.611385,63.06805400000013],[21.566387000000134,63.079163],[21.521942000000138,63.120552],[21.49305,63.19749500000012],[21.53416,63.228607],[21.647221,63.19194],[21.881943,63.25666],[21.892776,63.206108],[21.96666,63.183052],[22.086109,63.22277100000014],[22.21694200000013,63.236382000000106],[22.337219,63.2736],[22.371387,63.31582600000013],[22.35555,63.339722],[22.320274,63.36999500000013],[22.203053,63.417221],[22.185555,63.440552],[22.188053,63.463051],[22.292500000000132,63.527222],[22.337776,63.518326],[22.39638,63.472496],[22.50528,63.583611],[22.51298100000014,63.598732],[22.502777,63.623886],[22.589165,63.695549],[22.68055,63.697777],[22.699718,63.685829],[22.70611,63.653885],[22.733608,63.621666],[22.78055,63.625832],[22.824444,63.641388],[22.899998,63.698608],[22.931389000000138,63.755829],[22.918331,63.76916],[22.92333,63.801109],[23.143055,63.876938],[23.318886000000134,63.89666000000011],[23.371944,63.938889],[23.38472,64.0486],[23.511387,64.03637700000013],[23.602219000000105,64.064438],[23.60833,64.09833],[23.652222,64.140823],[23.711662000000103,64.1629],[23.722221,64.184158],[23.926666000000125,64.2691650000001],[23.92999600000013,64.29693600000013],[23.999443,64.38582],[24.34333,64.523605],[24.376663,64.579712],[24.37167,64.622208],[24.424999000000128,64.6752780000001],[24.535275000000127,64.74137900000011],[24.542221,64.80249],[24.803333000000123,64.869156],[25.086388,64.912766],[25.112778,64.90943900000013],[25.180275,64.8669430000001],[25.233330000000137,64.81776400000012],[25.359722,64.826935],[25.360832,64.906662],[25.30305,64.90388500000012],[25.233608,64.92776500000014],[25.188332,64.96611],[25.21860900000013,64.989166],[25.32333,64.98193400000014],[25.407497,64.94472],[25.44722000000013,64.954712],[25.413055,65.03416400000015],[25.37055,65.079437],[25.284721,65.110825],[25.267498000000103,65.16999800000013],[25.301109,65.29361],[25.355274000000122,65.410828],[25.353333,65.476944],[25.296665,65.51916],[25.210552,65.556107],[25.123333,65.55749500000013],[25.094719,65.57332],[25.086666,65.603043],[25.070274,65.61055],[24.88444,65.64976],[24.66917,65.65470900000014],[24.557499,65.727768],[24.553886,65.775543],[24.629997,65.854431],[24.68916,65.8961],[24.62166600000012,65.886108],[24.538609000000122,65.795273],[24.448952000000133,65.79427],[24.419998,65.768326],[24.226109,65.771942],[24.176666,65.789154],[24.160553,65.84],[24.031387,66.020264],[23.967777000000126,66.072495],[23.930832,66.135544],[23.722221,66.20027],[23.661942000000124,66.31221],[23.640274,66.436096],[23.658886,66.460541],[23.725277,66.50082],[23.878609,66.55722],[23.891941,66.5816650000001],[23.902775,66.680267],[23.89,66.743042],[23.936943,66.786942],[24.00777,66.800552],[23.94111,66.87999],[23.73111,67.008331],[23.571663,67.156662],[23.586666,67.23498500000011],[23.6055530000001,67.25943000000012],[23.741665000000125,67.28471400000012],[23.773331,67.31443800000011],[23.783054,67.332214],[23.76777600000014,67.41610700000012],[23.549164,67.453323],[23.486942,67.43805],[23.43111,67.46554600000013],[23.429996,67.485825],[23.471943000000124,67.5563810000001],[23.507774,67.66554300000013],[23.469997,67.8169400000001],[23.48333,67.86305],[23.511108,67.8836060000001],[23.644722,67.913055],[23.665554,67.929993],[23.656944000000124,67.950821],[23.394444000000135,68.042496],[23.353333000000134,68.083603],[23.066944,68.286377],[22.899719,68.3316650000001],[22.82361,68.388046],[22.371944,68.46361],[22.1675,68.46443],[22.050552,68.47916],[21.99778,68.5236],[21.89722,68.569992],[21.757500000000107,68.576935],[21.71833,68.59111000000013],[21.710278,68.617218],[21.62305,68.649429],[21.465553000000114,68.678055],[21.420555,68.724152],[21.081387,68.86665],[20.895275,68.8936000000001],[20.88277,68.90777600000013],[20.888885,68.925827],[20.938889,68.958328],[20.866665,69.00499],[20.580929,69.0603],[20.738331,69.096375],[21.059444,69.034439],[21.113052,69.108047],[21.053608,69.140549],[21.0325,69.21304],[21.320831,69.326111],[21.68194,69.284714],[21.9946020000001,69.07836900000012],[22.208332,68.95498700000013],[22.19722,68.928055],[22.346664,68.84471100000013],[22.398331,68.7111],[22.549999,68.73778],[22.802776000000108,68.691376],[23.063889,68.695541],[23.139442,68.649155],[23.204166,68.62860100000012],[23.46722,68.691666],[23.69278,68.71221900000012],[23.78388600000011,68.776382],[23.83,68.829987],[23.97639,68.83249],[24.055553,68.8205410000001],[24.19666,68.751663],[24.351387,68.710541],[24.628887,68.68721],[24.75444,68.660263],[24.81166500000012,68.63249],[24.859203,68.587341],[24.93492,68.580811],[25.103333000000134,68.63472000000013],[25.10611,68.678055],[25.15472,68.767776],[25.214443,68.81749],[25.43111,68.890549],[25.623333,68.884155],[25.76111,68.989166],[25.768330000000105,69.04527],[25.73222,69.109161],[25.708332,69.206375],[25.71333,69.255264],[25.754997,69.34220900000014],[25.82972,69.37805],[25.874165,69.486374],[25.957497,69.59027100000014],[25.97416,69.635269],[25.942497,69.66222],[25.945831,69.673325],[25.99889,69.71054],[26.15583,69.74249],[26.36944,69.84999],[26.449997,69.927216],[26.61639,69.95166],[26.80658,69.95206],[26.85722,69.948608],[26.884998,69.926666],[27.068886,69.9086],[27.291943000000117,69.949997],[27.31028,69.9602660000001],[27.299999,69.99055],[27.42139,70.01666300000011],[27.57333,70.068878],[27.902496,70.088882],[27.960552,70.06694],[27.98472,70.00221],[28.1525,69.915543],[28.165833,69.91221600000011]]]]}},{"type":"Feature","properties":{"id":"FR","iso2":"FR","name":"France","level":"country","population":68000000,"gdp_per_capita_ppp":56000,"seats_lower":577},"geometry":{"type":"MultiPolygon","coordinates":[[[[9.446665,42.67889],[9.473888,42.582222],[9.509998,42.563606],[9.497221,42.60083],[9.533888000000104,42.54193900000013],[9.562222,42.272774],[9.55555500000014,42.127777],[9.54583,42.102219],[9.41111,41.954163],[9.397192,41.875931],[9.398888,41.698883],[9.379444,41.651939],[9.32055,41.60249],[9.27167,41.520554],[9.241943,41.451942],[9.254166000000112,41.418610000000115],[9.219166,41.366386],[9.180832000000123,41.3647160000001],[9.132221,41.3941650000001],[9.115833,41.431938000000116],[8.94111,41.489441],[8.789165,41.55805],[8.79472,41.6325],[8.87361,41.64694200000014],[8.921389,41.68805],[8.725832000000139,41.72943900000013],[8.705,41.75944],[8.78889,41.853333],[8.803055,41.8975],[8.784166000000141,41.92443800000012],[8.744165,41.933609000000104],[8.717222,41.912498],[8.627222,41.90666],[8.58861,41.963051],[8.646111000000133,41.969162],[8.6675,41.98527],[8.659443,42.008331],[8.744999,42.051384],[8.68111,42.106384],[8.608332000000132,42.13277],[8.587221,42.169716],[8.570555000000127,42.22166],[8.618332000000123,42.25305200000014],[8.688055000000134,42.270271],[8.631666,42.336937],[8.584166,42.349998],[8.575832000000105,42.383606],[8.721666,42.57444],[9.055277,42.677498],[9.11944,42.73027000000013],[9.251389,42.720833],[9.29389,42.67555],[9.342499,42.737778],[9.337221000000113,42.798332],[9.308054,42.836105],[9.34861,43.002495000000124],[9.424166,43.01055],[9.460833,42.986382],[9.489166000000125,42.805275],[9.448332000000107,42.68721800000014],[9.446665,42.67889]]],[[[-1.19444,45.82249500000012],[-1.211945,45.806938],[-1.28222,45.905548000000124],[-1.37361,45.958054],[-1.40167,46.050552],[-1.359167,46.0430530000001],[-1.23306,45.964722],[-1.17306,45.898605],[-1.18889,45.828049],[-1.19444,45.82249500000012]]],[[[-1.26083,46.156387],[-1.50694,46.20416300000011],[-1.53444,46.217773000000136],[-1.548333,46.25],[-1.474445,46.25583],[-1.291667,46.198051000000135],[-1.256667,46.157776],[-1.26083,46.156387]]],[[[-2.27083,46.69332900000012],[-2.36389,46.698051],[-2.385,46.72555],[-2.360834,46.736107],[-2.33361,46.73055],[-2.268611,46.696388],[-2.27083,46.69332900000012]]],[[[-2.196945,47.01722000000012],[-2.13722,46.943886000000134],[-2.14139,46.907776],[-2.199445,46.961105],[-2.25667,46.964722],[-2.28472,47.02055400000012],[-2.24556,47.031944],[-2.20778,47.02388800000011],[-2.196945,47.01722000000012]]],[[[-3.06667,47.306664],[-3.08583,47.28777300000013],[-3.21583,47.302498],[-3.2375,47.315277],[-3.260278,47.365273],[-3.25222,47.390549],[-3.063056,47.31360600000011],[-3.06667,47.306664]]],[[[-5.055,48.454163],[-5.10139,48.44221],[-5.134723,48.458328],[-5.064723,48.483055],[-5.04889,48.47777600000012],[-5.05194,48.45694],[-5.055,48.454163]]],[[[-3.57667,48.803886],[-3.575556,48.81249],[-3.56611,48.80583200000012],[-3.57667,48.803886]]],[[[2.541667000000132,51.09111],[2.5975,50.99582700000013],[2.597777,50.92582700000014],[2.650555,50.816109],[2.898056,50.703049],[2.960556,50.7575],[3.11638900000014,50.791664],[3.154444,50.78833],[3.242222,50.66805],[3.278611000000126,50.541664],[3.298611,50.523048],[3.37278,50.49499500000013],[3.518055,50.518883],[3.607778,50.495827],[3.66055,50.45638300000013],[3.676944,50.395271],[3.774722000000111,50.353882],[3.889722,50.339996],[4.038333,50.3555530000001],[4.165,50.283051],[4.194444,50.23749500000014],[4.149238,49.978371],[4.174179,49.979881],[4.215261,49.95960200000013],[4.317222,49.969719],[4.458333,49.938606],[4.510555,49.947495],[4.673611,49.996384],[4.69444,50.041939],[4.696944,50.09083],[4.832503,50.16861],[4.882777,50.154716],[4.894722,50.140274],[4.838888,50.06916],[4.820833,49.992775],[4.873055000000136,49.797218],[4.912777000000119,49.78889],[4.996666,49.80249800000013],[5.331111,49.656662],[5.437778,49.59999800000014],[5.475555,49.537773],[5.46361,49.51778],[5.4775,49.50416600000011],[5.631944,49.535828],[5.792222,49.54583],[5.80788,49.545044],[5.85528,49.501106],[5.977777000000117,49.448608],[6.094444000000124,49.454163],[6.12,49.471664],[6.12417,49.48972],[6.165277000000117,49.504715],[6.23972,49.507774],[6.36217,49.45939],[6.416111,49.47583],[6.540555,49.425827],[6.686944,49.244995],[6.730833,49.166107],[6.838888,49.154999],[6.861111,49.174995],[6.84111,49.203331000000105],[6.8475,49.215271],[6.930555,49.22083],[7.019444,49.187492],[7.090555,49.127495],[7.287777,49.111107],[7.36,49.14222],[7.371944,49.17083],[7.423611,49.1772160000001],[7.486944,49.164162],[7.652089,49.04493700000012],[7.938611,49.048882],[8.051943,49.005272],[8.22608,48.964417],[8.190554,48.951942000000145],[8.139166,48.895554],[8.092222,48.803604],[7.88,48.66416],[7.80222,48.575829],[7.736666,48.3986],[7.750833,48.3366620000001],[7.578888,48.11972000000014],[7.56919,48.044777],[7.61361,48.006104],[7.624166,47.97694400000012],[7.557221,47.862778000000105],[7.526667,47.788055],[7.510833,47.703331],[7.51944,47.66833],[7.567222,47.636665],[7.588268,47.58448],[7.557221,47.581383],[7.546665,47.56555200000014],[7.501389,47.55055],[7.49694,47.494995],[7.3825,47.432495],[7.308332000000121,47.440277],[7.24694,47.42083],[7.178333,47.445831],[7.14642,47.499054000000115],[7.025,47.508049],[6.990555,47.497215],[6.879999,47.360275],[7.00083,47.364998],[6.971666,47.291939],[6.839722,47.17361],[6.84972,47.164989000000105],[6.69944,47.06388900000013],[6.639722,47.004166],[6.528333,46.971664],[6.460278,46.895828],[6.446944,46.839439],[6.45861,46.785271],[6.434999000000118,46.758049],[6.26917,46.6827770000001],[6.129999000000112,46.59333],[6.13528,46.539719],[6.071111,46.426384],[6.158333,46.373886],[6.106109,46.297489],[6.119166,46.264442000000145],[6.009166,46.233887],[5.966666,46.209442],[5.996388,46.14694200000014],[6.152222,46.15361000000013],[6.245555,46.21833],[6.271944000000133,46.26194],[6.24375,46.31551],[6.225555,46.322495],[6.246388,46.357773],[6.31111,46.401382],[6.491944,46.453049],[6.633611,46.464165],[6.803055,46.427773],[6.78389,46.148048],[7.005833000000109,45.999443],[7.03805,45.931938000000116],[6.980833,45.872215],[6.908055,45.849442],[6.869721,45.855827],[6.808888,45.831383],[6.798970000000111,45.78067],[6.809722000000136,45.72777600000012],[6.969444,45.596939],[6.99944,45.518326000000116],[7.089159,45.47686],[7.146944,45.43055],[7.15861,45.377495],[7.127777,45.25777],[7.064722,45.223053],[6.826944,45.149719],[6.760833,45.168327],[6.675833,45.143883],[6.61976,45.110138],[6.746944,44.91944],[6.85777800000011,44.866661000000136],[6.904444,44.859161],[6.948333,44.869995],[7.031666,44.83138300000013],[7.02833,44.74472],[6.852777,44.540833],[6.876944,44.376663],[7.031388,44.246941],[7.348332,44.131943],[7.418888,44.125549],[7.61472,44.180275],[7.66222,44.17083000000014],[7.661666,44.131104],[7.709045000000117,44.09130900000014],[7.657222,44.005272],[7.495,43.88166],[7.493333,43.862221],[7.528055,43.788605],[7.50778,43.792221],[7.439293000000134,43.757523000000106],[7.419999000000132,43.772499],[7.387777,43.748604],[7.391609,43.727547],[7.25472,43.70444],[7.15861,43.66305],[7.07472,43.57222],[6.89222100000012,43.43583],[6.794167,43.422775],[6.636389,43.311104000000114],[6.6375,43.287773],[6.68444,43.287216],[6.700277000000142,43.275551],[6.6416660000001,43.184998],[6.5275,43.189163],[6.18694,43.12861],[6.161944,43.103607],[6.165277000000117,43.05055],[6.11555,43.06444],[6.062222,43.101387],[5.955555,43.118332],[5.937222000000133,43.087219],[5.871388,43.05971],[5.838611,43.05999800000012],[5.776111,43.088051],[5.7775,43.100555],[5.815555000000131,43.12028],[5.68922,43.188507],[5.36361,43.221939000000134],[5.35111,43.235275],[5.373888,43.26888300000013],[5.36389,43.328331000000105],[5.322222000000124,43.366661],[5.213055,43.338608],[5.09639,43.336937],[5.03083,43.35139],[5.04561,43.393997],[5.151388000000111,43.417221],[5.232499,43.467499],[5.2272210000001,43.496109000000104],[5.031388,43.556664],[5.009722,43.512215],[5.01667,43.488884],[5.057500000000118,43.471382],[5.039555,43.458607],[5.0397210000001,43.437607],[4.994722,43.425274],[4.919167,43.435555],[4.83005,43.411385],[4.83939,43.390217],[4.743889000000138,43.42860400000012],[4.74917,43.51805100000013],[4.696666,43.57777],[4.741666,43.417496],[4.73189,43.400444],[4.77272,43.373608],[4.652778,43.359718],[4.60139,43.363052],[4.573333,43.379997],[4.601666,43.424995],[4.565555,43.449997],[4.50611,43.462776],[4.321111,43.45832800000011],[4.30944,43.512215],[4.241433,43.485954],[4.28778,43.45694],[4.190555,43.461937],[4.124722,43.498329],[4.138055,43.526108000000136],[4.117222,43.55138],[4.050278,43.562218],[3.918611,43.52388800000011],[3.546667,43.319717],[3.335,43.265274],[3.25805,43.22749],[3.14111,43.138885],[3.081388000000118,43.069443],[3.045278,42.954163],[3.003611,42.881104],[2.96,42.83777600000013],[2.979167,42.806664],[3.012222,42.79805],[3.03805,42.728333],[3.049444000000108,42.553886],[3.060277,42.539719000000105],[3.143055,42.516388],[3.177655000000129,42.436806],[3.092222,42.42999300000014],[3.045278,42.474716],[2.95,42.48055],[2.678333,42.401665],[2.65722,42.38444],[2.674444000000108,42.357216],[2.666389,42.34194200000013],[2.54194,42.332497],[2.484722,42.343048000000124],[2.438889,42.38055400000013],[2.269166,42.43722],[2.137777,42.417221],[2.093611,42.364166],[2.017222,42.35305000000011],[1.976666000000137,42.374718],[1.95917,42.41083],[1.906389000000104,42.446938],[1.723611,42.50944],[1.74305500000014,42.563606],[1.78172,42.569962],[1.73861,42.616386],[1.563056,42.655548],[1.491944000000103,42.65361],[1.445833000000107,42.601944],[1.390278000000137,42.688332000000116],[1.359167000000127,42.715271],[1.17389,42.709717],[1.1408330000001,42.731941],[1.132222000000127,42.760826],[1.091666,42.78444],[0.896944,42.813049],[0.72,42.859161],[0.66778,42.839165],[0.651944,42.784996],[0.655555000000106,42.754166],[0.681389000000138,42.72943900000013],[0.675506,42.688484],[0.56,42.69583100000011],[0.43278,42.686661],[0.2725,42.702499],[0.261944000000142,42.717499],[0.178611,42.735275],[-0.00556,42.68499800000012],[-0.057222,42.69416],[-0.063056,42.71583],[-0.151944,42.776657],[-0.2625,42.817497],[-0.308739,42.848381],[-0.323611,42.82666],[-0.39194,42.796387],[-0.562222,42.781387],[-0.73194,42.899162],[-0.72417,42.937218],[-0.746667,42.965553],[-0.81861,42.946106],[-0.93417,42.9525],[-1.07278,43.00639],[-1.300278,43.071663],[-1.360278,43.031662],[-1.43444,43.045555],[-1.4725,43.09111],[-1.41139,43.136665],[-1.385,43.20166],[-1.39139,43.262772],[-1.65556,43.309441],[-1.73038,43.29898100000014],[-1.776945,43.3425],[-1.78088,43.359924],[-1.666945,43.385277],[-1.585278,43.44138],[-1.443889,43.640549000000135],[-1.42472,43.784721],[-1.326389,44.094444],[-1.25011,44.515106],[-1.208611,44.625832000000116],[-1.15639,44.658333],[-1.085834,44.654160000000104],[-1.03611,44.675278],[-1.0625,44.713608],[-1.16889,44.776108],[-1.22556,44.713051],[-1.250278,44.662498],[-1.2475,44.757774],[-1.168334,45.208611],[-1.138889,45.498055000000136],[-1.08389,45.564438],[-1.058056,45.571388],[-1.05778,45.520828],[-0.99194,45.474998],[-0.92222,45.452499],[-0.80222,45.362495],[-0.759167,45.30444],[-0.699445,45.09861],[-0.53667,44.89555400000012],[-0.53917,44.983604],[-0.554167,45.023331],[-0.61972,45.060272],[-0.65528,45.098328],[-0.717778,45.35721600000011],[-0.77667,45.4611],[-1.000278,45.61444100000011],[-1.165833,45.68749],[-1.240834,45.70166],[-1.23056,45.78805],[-1.14594,45.80294],[-1.148056,45.867775],[-1.06778,45.908882],[-1.05056,46.034439],[-1.148611,46.153328],[-1.10583,46.258606],[-1.11463,46.31658],[-1.172778,46.325829],[-1.207778,46.31472],[-1.220278,46.289719],[-1.46972,46.39278],[-1.78639,46.488327],[-1.86056,46.63777],[-2.007223,46.76166500000011],[-2.12,46.82361],[-2.133334,46.849716000000114],[-2.13,46.89833],[-1.98417,47.034439],[-2.051667,47.097221],[-2.17083,47.126663],[-2.160167,47.23994],[-2.134167,47.278053],[-2.043612,47.287216],[-1.91889,47.26944],[-1.8025,47.211937],[-1.735,47.207771],[-1.88389,47.28666],[-2.034167,47.320274],[-2.12944,47.309715],[-2.28917,47.23888],[-2.43361,47.26249700000011],[-2.540278,47.29666],[-2.5275,47.38611],[-2.46667,47.417496],[-2.44056,47.403885],[-2.406389,47.407494],[-2.41056,47.42305],[-2.4596,47.45299],[-2.48472,47.45027],[-2.48667,47.498604],[-2.361111,47.504166],[-2.58083,47.537773],[-2.79306,47.48888],[-2.83361,47.497215],[-2.868445,47.547104],[-2.732778,47.545555],[-2.685,47.597221000000104],[-2.681111,47.617218],[-2.698056,47.637215],[-2.88883,47.599720000000104],[-2.925333,47.581051],[-3.09167,47.584717],[-3.125,47.599442],[-3.12028,47.500549],[-3.08611,47.47361],[-3.13139,47.47527],[-3.150278,47.524994],[-3.135,47.542496],[-3.13222,47.57666000000012],[-3.150278,47.6097180000001],[-3.21694,47.650551],[-3.50889,47.7586060000001],[-3.833889,47.800552],[-3.904445,47.85278],[-3.98222,47.889717],[-4.10139,47.874992000000134],[-4.151112,47.854439],[-4.15528,47.831940000000145],[-4.18278,47.804161],[-4.255834,47.794716],[-4.36194,47.802773],[-4.3725,47.82527],[-4.34583,47.838051],[-4.35,47.871941000000106],[-4.39222,47.934441],[-4.43611,47.9725],[-4.529443,48.022499],[-4.591111,48.01694],[-4.72614,48.04058],[-4.70806,48.06832900000012],[-4.360001,48.113327],[-4.3,48.09805300000011],[-4.28361,48.11472],[-4.27556,48.151939],[-4.31028,48.201385],[-4.441389,48.238327],[-4.49306,48.236107],[-4.511111,48.2],[-4.54083,48.17388],[-4.555834,48.174995],[-4.62389,48.281944000000124],[-4.55944,48.336105],[-4.531112,48.341660000000104],[-4.55139,48.306107],[-4.530556,48.28999],[-4.26333,48.284721],[-4.18611,48.299995],[-4.43861,48.333054],[-4.440556,48.354996],[-4.76361,48.335274],[-4.784167,48.366943],[-4.790278,48.421387],[-4.77778,48.509438],[-4.72889,48.55888],[-4.625556,48.579994],[-4.58972,48.55999800000012],[-4.56361,48.623886],[-4.536945,48.63638300000014],[-4.35417,48.674164],[-4.17194,48.687492],[-3.968056,48.72555],[-3.97361,48.705826],[-3.949445,48.6561],[-3.8575,48.636108],[-3.86028,48.683609],[-3.81056,48.726105],[-3.583056,48.675827],[-3.531945,48.739166000000125],[-3.580556,48.76694],[-3.5775,48.791107],[-3.5125,48.837219],[-3.38,48.82194],[-3.220834,48.870552],[-3.12444,48.864998],[-2.87917,48.67889],[-2.68528,48.50166],[-2.461667,48.637215],[-2.307222,48.67610900000011],[-2.128334,48.638611],[-2.03928,48.599552],[-1.97722,48.512497],[-1.94194,48.533607],[-1.95528,48.57944],[-2.006667,48.602776],[-2.01711,48.65094],[-1.98806,48.68694],[-1.84611,48.70916],[-1.83861,48.684998],[-1.861111,48.672775000000115],[-1.87,48.649994000000106],[-1.825556,48.611382000000106],[-1.64917,48.615273],[-1.588626,48.639679],[-1.36889,48.64361],[-1.49889,48.689163],[-1.5625,48.747772],[-1.578611,48.83778],[-1.556389,49.015831000000105],[-1.585,49.00888800000013],[-1.5975,49.04027600000012],[-1.61,49.089439],[-1.60972,49.215],[-1.75,49.359444],[-1.812222,49.377777],[-1.84556,49.49971800000014],[-1.83806,49.58638800000011],[-1.84861,49.635826],[-1.864444,49.656944000000124],[-1.94556,49.67555],[-1.941667,49.723885],[-1.84472,49.713882000000126],[-1.620556,49.655273],[-1.518813,49.658356],[-1.482778,49.67555],[-1.46667,49.697777],[-1.41083,49.70499400000011],[-1.322778,49.70082900000011],[-1.26417,49.684166],[-1.23861,49.65583],[-1.22778,49.614441],[-1.296111,49.5816650000001],[-1.29833,49.537216],[-1.23806,49.46833],[-1.11389,49.365273],[-1.06778,49.394722],[-0.92778,49.394722],[-0.827222,49.361664],[-0.410833,49.34083],[-0.22833,49.283607],[-0.039444,49.31472],[0.079167,49.358887],[0.149167,49.409439],[0.424722,49.45166],[0.494444,49.48805],[0.388056,49.457771],[0.309167000000116,49.453331],[0.160833,49.468887],[0.078056,49.51166500000011],[0.07722200000012,49.534164],[0.187500000000114,49.705276],[0.585833,49.85277600000012],[1.073611,49.927216],[1.2325,49.981667],[1.435555,50.098328],[1.461111,50.124161],[1.505555,50.201942],[1.552778,50.359993],[1.603851,50.36879],[1.558055,50.4061],[1.577222,50.528053000000114],[1.564444,50.705826],[1.625,50.877777],[1.733333,50.942497],[1.792778,50.962776],[1.943333000000109,50.9952770000001],[2.407222,51.054993],[2.5166660000001,51.082771],[2.541667000000132,51.09111]]]]}},{"type":"Feature","properties":{"id":"DE","iso2":"DE","name":"Germany","level":"country","population":84000000,"gdp_per_capita_ppp":63000,"seats_lower":733},"geometry":{"type":"MultiPolygon","coordinates":[[[[8.710255,47.69681],[8.678595,47.693344],[8.670277,47.7075],[8.709721,47.70694],[8.710255,47.69681]]],[[[6.806389,53.602219],[6.72555,53.58694],[6.746944,53.56027200000011],[6.663888,53.57583],[6.658610000000124,53.593048],[6.669444,53.60388200000011],[6.75861,53.618889],[6.80417,53.604439],[6.806389,53.602219]]],[[[6.939444,53.669441],[6.876389,53.67027300000012],[6.94361,53.681107],[7.08417,53.679993],[6.939444,53.669441]]],[[[7.242499000000123,53.70444],[7.14083,53.70221700000013],[7.201111,53.72527],[7.340833,53.724442000000124],[7.262777000000142,53.705826000000116],[7.242499000000123,53.70444]]],[[[8.19111,53.724716],[8.124166000000116,53.70888500000012],[8.129166,53.72805],[8.156387000000109,53.73555],[8.19333300000011,53.726105],[8.19111,53.724716]]],[[[7.622222,53.7544400000001],[7.628888,53.742218],[7.51833,53.74582700000013],[7.469166,53.727219],[7.485833,53.7575],[7.618333,53.758888],[7.622222,53.7544400000001]]],[[[7.75889,53.76055],[7.669722,53.754715],[7.665833,53.764442],[7.683888000000138,53.77777100000014],[7.807221000000141,53.77194200000014],[7.75889,53.76055]]],[[[8.425278000000105,53.928055],[8.413055,53.928055],[8.41166,53.955551],[8.457222000000115,53.96083],[8.425278000000105,53.928055]]],[[[11.45917,53.961105],[11.388611,53.969162],[11.373333,53.98221600000011],[11.378611,53.996666],[11.44444,54.022217],[11.488609,54.023048],[11.49416,54.00999500000012],[11.467777000000126,53.96666],[11.45917,53.961105]]],[[[13.94028,54.024994],[13.92583,54.018326],[13.938889,54.027496],[13.94028,54.024994]]],[[[8.695555,54.041107],[8.676666000000125,54.044716],[8.66889,54.075829],[8.693333,54.082497],[8.697498,54.04361],[8.695555,54.041107]]],[[[11.544167,54.061386],[11.51111,54.051666],[11.555832,54.094719],[11.61242,54.10458],[11.568054,54.074715],[11.544167,54.061386]]],[[[14.001317,54.065361],[14.225555,53.92860400000012],[14.218887000000109,53.869019],[14.045277,53.872215],[13.992498000000126,53.84972],[13.893055,53.839439],[13.82694,53.850822],[13.838888,53.871384],[13.92916,53.897499],[13.98207,53.96255100000013],[14.048565,53.942425],[14.056003,53.984863],[14.04769,54.00542400000012],[14.014,54.01417500000014],[13.97988,54.05661],[13.929569,54.063171],[13.918633,54.054859000000135],[13.92607,54.03648],[13.89805,54.00972],[13.857498,54.000275],[13.82278,54.036659],[13.80868,54.071613],[13.81743,54.09785],[13.759998,54.139717],[13.759165,54.159996],[13.813055,54.16861],[13.831665,54.133888],[13.86611,54.106667],[13.96544,54.073235],[14.001317,54.065361]]],[[[10.979443,54.380554],[11.017776,54.380272],[10.986111,54.37805200000014],[10.979443,54.380554]]],[[[12.729721,54.41666],[12.68611,54.418327],[12.70278,54.428329],[12.731943000000115,54.41888],[12.729721,54.41666]]],[[[8.893055,54.461937],[8.814722,54.469162],[8.816944,54.503052],[8.865833,54.52527600000013],[8.960554,54.519165],[8.906944,54.463882],[8.893055,54.461937]]],[[[11.31278,54.406944],[11.123888000000136,54.406944],[11.021049000000119,54.438759],[11.005833,54.45361],[11.025555,54.50110600000011],[11.06472,54.53416],[11.184166,54.52],[11.242777000000103,54.49555],[11.312222,54.40972],[11.31278,54.406944]]],[[[8.662777,54.494164],[8.612499000000128,54.493889],[8.591944,54.515549],[8.593054,54.53],[8.64222100000012,54.54583],[8.710833,54.55167],[8.708332,54.52972],[8.67111,54.49582700000013],[8.662777,54.494164]]],[[[13.07361,54.488609],[13.063055,54.465271],[13.063889000000131,54.500000000000114],[13.096666000000141,54.590553],[13.117498,54.602776],[13.155277,54.598328],[13.158054000000106,54.581108],[13.10861,54.531387],[13.07361,54.488609]]],[[[13.383055,54.638885],[13.391313,54.60695],[13.433424,54.57784],[13.633888000000127,54.585831],[13.676666,54.56528],[13.675278000000105,54.526382],[13.585278,54.482773],[13.577776,54.453888],[13.617498,54.404160000000104],[13.676109,54.40083],[13.71388800000011,54.37778],[13.743889000000138,54.33111],[13.730833,54.275833],[13.693888,54.282776],[13.71083,54.29694400000011],[13.712776000000133,54.32111],[13.689444,54.34833],[13.508333,54.342773],[13.35667,54.273048],[13.3575,54.25972],[13.421944,54.25916],[13.429443,54.238052],[13.393055,54.221382],[13.249722,54.258331],[13.118332,54.333885],[13.134165,54.37221],[13.223055,54.369438],[13.2675,54.38250000000011],[13.207789,54.428108],[13.164639000000136,54.434349],[13.228611,54.464996],[13.23222,54.485817],[13.167238,54.51337100000012],[13.14696,54.54560500000014],[13.30397,54.550285],[13.3674,54.580437],[13.447461,54.488937],[13.50309,54.493095],[13.516607000000135,54.51337100000012],[13.502570000000105,54.549767],[13.459419,54.550804],[13.383514,54.57836],[13.374676,54.610073],[13.310555,54.57333],[13.24472,54.559166],[13.224722,54.63388800000013],[13.24472,54.656662],[13.27861,54.671387],[13.424166,54.6827770000001],[13.44194,54.67055],[13.385555,54.644997],[13.383055,54.638885]]],[[[8.364443,54.61332700000014],[8.331944000000135,54.623604000000114],[8.294443,54.666664],[8.311943,54.691383],[8.349722,54.71083],[8.4,54.627777],[8.36805500000014,54.61444100000011],[8.364443,54.61332700000014]]],[[[8.567778,54.68527],[8.488333000000125,54.685555000000136],[8.402498,54.70472],[8.406387,54.729439],[8.461666,54.751938],[8.569721,54.750275],[8.586943,54.74305],[8.594999,54.71833],[8.572222,54.689438],[8.567778,54.68527]]],[[[10.979443,54.380554],[10.955555,54.382774],[10.962776000000133,54.375832000000116],[11.016943,54.369995],[11.07389,54.376389],[11.093054000000109,54.19749500000012],[10.877499,54.088882],[10.801388,54.08944],[10.758055,54.05194100000011],[10.763332,54.022217],[10.789999,53.99721],[10.88389,53.98333],[10.890554000000122,53.950829],[10.863609,53.916939],[10.818535,53.890053],[10.898888000000113,53.93110700000011],[10.90443,53.957344],[11.094721,54.01361],[11.189444,54.012497],[11.263332,53.933052],[11.412777,53.919716],[11.480833,53.960274],[11.5175,54.031944],[11.573889,54.032494],[11.625555,54.075554],[11.61972,54.106110000000115],[11.676109,54.149994],[12.129721,54.191109],[12.343611000000124,54.29777],[12.480555,54.44416],[12.526943,54.474159],[12.540554,54.45888500000012],[12.66044,54.44611],[12.908609,54.441383],[12.923054,54.42388],[12.880554000000132,54.411942],[12.758337,54.41304400000013],[12.694698,54.42967],[12.665316000000132,54.408745],[12.465555000000109,54.39582800000011],[12.425833000000125,54.37249800000012],[12.365,54.304718],[12.36972,54.264999],[12.385555000000124,54.25666],[12.453054000000122,54.248886],[12.41416500000014,54.265274],[12.427221,54.29222],[12.482777,54.333885],[12.581944,54.368332],[12.764721,54.37249800000012],[13.02389,54.399719],[13.117777,54.275276],[13.282221,54.236664],[13.379166000000112,54.174438],[13.4558320000001,54.096107],[13.499722,54.0861],[13.480555,54.11972],[13.71833,54.16971600000011],[13.788887,54.109718],[13.799721,54.087494000000106],[13.786110000000122,54.049995],[13.86694,53.905],[13.82111,53.87638900000013],[13.806110000000103,53.85777300000012],[13.813055,53.845276000000126],[13.95917,53.774994],[14.22389,53.700829],[14.275627,53.699066],[14.30972,53.55555],[14.413261,53.33896],[14.391689,53.144165],[14.342222,53.044998000000135],[14.149443,52.96277600000013],[14.149166,52.862778],[14.19639,52.820549],[14.383333,52.73083],[14.475555,52.654160000000104],[14.58722,52.611938],[14.640276,52.572495],[14.636389000000122,52.490555],[14.587776,52.44166600000011],[14.54611,52.426941],[14.534443,52.394722000000115],[14.58166,52.28611000000012],[14.601665,52.271111],[14.710554000000116,52.24388900000014],[14.760765,52.069862],[14.692499,51.89888800000011],[14.61611,51.85388200000011],[14.599443000000122,51.81860400000011],[14.666943,51.724159],[14.755278,51.669998000000135],[14.759998,51.604439],[14.714998,51.554722],[14.73611,51.528053000000114],[14.95111,51.471382],[14.975555,51.440826],[14.981833,51.36805],[14.971666,51.355553],[15.03889,51.27166],[14.96472,51.050827],[14.824165,50.881943],[14.824999000000105,50.856384],[14.801666,50.81889],[14.61916,50.8575],[14.631388,50.881104],[14.628332000000114,50.92360700000012],[14.597221000000104,50.982498],[14.569166,51.005554],[14.491665,51.03666],[14.30972,51.053604],[14.28555,51.037498],[14.256109,50.987778000000105],[14.322777,50.94527],[14.368332,50.934998],[14.311388,50.88222],[13.986666,50.81360600000011],[13.904444,50.789444],[13.89111,50.768883],[13.734165,50.730827],[13.582222,50.709442],[13.541111,50.68972],[13.510832,50.65055100000012],[13.520277,50.64],[13.463888,50.60027],[13.378332,50.6294400000001],[13.25111,50.59],[13.19111,50.50361],[13.079443,50.498055],[12.985558,50.41833],[12.938889,50.408882],[12.818888,50.454437],[12.671389,50.411942000000124],[12.51861,50.393883],[12.398611,50.309166],[12.325554,50.236107],[12.323055,50.2066650000001],[12.28417,50.21527],[12.177221,50.318054],[12.093704,50.322533],[12.123333,50.30749500000013],[12.208611,50.169441],[12.192499000000112,50.13166],[12.206142,50.106209],[12.265554000000122,50.066109],[12.490000000000123,49.976662],[12.544167,49.91805],[12.54694400000011,49.8975],[12.467499,49.782219],[12.455555000000118,49.695549],[12.515554,49.679443],[12.597776,49.527496],[12.674444,49.42499500000014],[12.795555,49.33972],[12.887777,49.327774],[12.8908330000001,49.346939],[12.96666,49.33194],[13.173054,49.16722],[13.314165,49.103333000000134],[13.39528,49.050278000000105],[13.40254,49.006187],[13.50972,48.9725],[13.580555,48.970833],[13.59972,48.951942000000145],[13.626389000000131,48.953331],[13.641109,48.914162],[13.677776,48.884163],[13.740833,48.88166],[13.763054000000125,48.8436],[13.81389,48.800278],[13.812222,48.78083],[13.833611,48.7736],[13.81472,48.73805],[13.82278,48.617218],[13.8025,48.581108],[13.725996,48.515587],[13.674721,48.533051],[13.65167,48.554161000000136],[13.526943,48.585],[13.441666,48.565552],[13.43528,48.556938],[13.457777,48.517776],[13.44,48.43527],[13.421665,48.389999],[13.394999,48.366104],[13.27861,48.30305],[13.154444,48.292221],[13.01777600000014,48.2594380000001],[12.874998000000119,48.204994],[12.75833,48.123886],[12.753332,48.109161],[12.768332,48.079163],[12.918888,47.957771],[13.008888,47.854164],[12.939722,47.784721000000104],[12.911943,47.720833],[12.98499900000013,47.712219],[13.034443,47.722221],[13.08,47.684441000000106],[13.099998000000141,47.645],[13.054998,47.5],[13.011665,47.469162],[12.95269,47.478477],[12.809721,47.55222],[12.78611,47.585831],[12.800278,47.613052],[12.82917,47.622215],[12.735554,47.684166],[12.606943,47.674438],[12.57639,47.6441650000001],[12.518055,47.632217],[12.455,47.66777],[12.201111,47.65749],[12.20778,47.627220000000136],[12.195745000000102,47.608124],[12.006388000000129,47.624443],[11.68305400000014,47.584717],[11.57444,47.52],[11.457499,47.51221],[11.296389,47.428886],[11.095554,47.396111],[10.97361,47.400551],[10.909443,47.518051],[10.690832,47.55389],[10.569443,47.540276],[10.47805,47.59194200000013],[10.426943,47.57694],[10.436388,47.52916],[10.46917,47.480553],[10.47333,47.435555000000136],[10.337221000000113,47.312492000000134],[10.22805,47.275551],[10.173332,47.274719],[10.21167,47.322495],[10.23139,47.381386],[10.04305,47.4952770000001],[9.81361,47.593605],[9.763054,47.584717],[9.7292,47.535297],[9.607064,47.52951400000012],[9.261095,47.662842],[9.0425,47.688889],[8.934166,47.653053],[8.89278,47.651382],[8.808887,47.73583200000013],[8.772221,47.717499],[8.800133,47.681725],[8.720222,47.69662],[8.734165,47.709717000000126],[8.734999,47.761383],[8.661388000000102,47.79805],[8.56611,47.806938],[8.479443,47.7725],[8.406666,47.70388800000012],[8.413332,47.67832900000013],[8.47555,47.646942],[8.51833,47.64971900000012],[8.55139,47.66833],[8.620832,47.66111],[8.629166,47.646111],[8.57642,47.59137],[8.562222,47.621384],[8.519999,47.634163000000115],[8.435833,47.57361],[8.283333,47.613052],[8.198889,47.62167],[8.086666,47.560555],[7.697223,47.543327],[7.621111,47.5611],[7.669999,47.576385],[7.674444,47.606384000000105],[7.588268,47.58448],[7.567222,47.636665],[7.521944,47.66555],[7.513333000000102,47.68694],[7.526667,47.788055],[7.624166,47.97694400000012],[7.61361,48.006104],[7.56919,48.044777],[7.578888,48.11972000000014],[7.750833,48.3366620000001],[7.736666,48.3986],[7.80222,48.575829],[7.88,48.66416],[8.092222,48.803604],[8.139166,48.895554],[8.190554,48.951942000000145],[8.22608,48.964417],[8.051943,49.005272],[7.938611,49.048882],[7.652089,49.04493700000012],[7.486944,49.164162],[7.423611,49.1772160000001],[7.371944,49.17083],[7.36,49.14222],[7.287777,49.111107],[7.090555,49.127495],[7.019444,49.187492],[6.930555,49.22083],[6.8475,49.215271],[6.84111,49.203331000000105],[6.861111,49.174995],[6.838888,49.154999],[6.730833,49.166107],[6.686944,49.244995],[6.540555,49.425827],[6.416111,49.47583],[6.36217,49.45939],[6.356486,49.525864],[6.420833,49.665833],[6.505835,49.706627],[6.524444,49.808609],[6.395555,49.817772],[6.25528,49.880554],[6.173055,49.95222],[6.112778,50.05888],[6.173333,50.232498],[6.34972,50.31277],[6.398204,50.32317],[6.37361,50.443329],[6.333888000000115,50.48972],[6.264722,50.497772],[6.247777,50.589165],[6.268611,50.623604],[6.16722,50.656387],[6.011798,50.757271],[6.013888000000122,50.84166],[6.06778,50.849716],[6.08417,50.870552],[6.080277000000137,50.915833],[6.025555,50.978333],[5.944722,50.984993],[5.891666,50.972771],[5.864166,51.04361],[6.00305,51.08416],[6.0975,51.131104],[6.074721,51.189995000000124],[6.076388,51.240273],[6.222777,51.364716],[6.221944,51.468887],[6.2075,51.509995],[6.094166,51.604439],[6.028889,51.706665],[5.95205,51.747528],[5.986666,51.766937],[5.9625,51.807777],[6.12361,51.888054],[6.182221,51.895271],[6.35111,51.848053],[6.462777,51.853607],[6.67611,51.91389],[6.720555,51.89777400000014],[6.746388,51.906105],[6.789166,51.928055],[6.8308320000001,51.971382],[6.80055,52.00722],[6.728611,52.035271],[6.759428,52.114563],[6.860555,52.12028],[6.901111,52.171387],[6.96472,52.190277],[7.053094,52.23776],[7.028055,52.280273000000136],[7.069722,52.35277600000012],[7.065555,52.385826],[6.99083,52.459717],[6.94611,52.434441],[6.76444400000014,52.45916],[6.705555,52.485832],[6.688889,52.54916400000013],[6.75944,52.56472],[6.718923000000132,52.626785],[6.76805,52.65222],[6.894722000000115,52.653053],[6.920278,52.63888500000013],[7.025,52.63250000000011],[7.051666,52.643608],[7.069722,52.814995],[7.179722,52.93416600000012],[7.210278,53.001938],[7.208364,53.242805],[7.256389,53.31832900000012],[7.329721,53.316383],[7.364444,53.29916],[7.3325,53.32388300000014],[7.183888,53.3408280000001],[7.058055,53.337219],[7.019444,53.372215],[7.014444,53.404999],[7.031388,53.47943900000013],[7.088055000000111,53.582771],[7.226944,53.664993],[7.34111,53.688606],[7.4675,53.686943],[7.51861,53.671661],[7.882500000000107,53.7175],[8.008333,53.709999],[8.028610000000128,53.701385],[8.022221,53.676109],[8.04611,53.636383],[8.165833,53.549721],[8.163332,53.520554],[8.061388,53.500549],[8.075832,53.462494],[8.097776,53.44444],[8.22305,53.40083],[8.28916,53.422493000000145],[8.313055,53.456383],[8.319721,53.515274],[8.303333,53.526108],[8.233055,53.51944],[8.243055,53.586105],[8.283333,53.613884],[8.341389,53.613609],[8.494444,53.55499300000014],[8.51833,53.513611],[8.49111,53.484444],[8.48278,53.453888],[8.488609,53.38166],[8.503054,53.354164],[8.498055,53.471939],[8.511389,53.492218],[8.560867,53.515434],[8.56833300000011,53.53333],[8.488333000000125,53.651665],[8.483332,53.690277],[8.580276,53.85860400000013],[8.604166,53.87944],[8.680555,53.894722],[8.756388,53.846664],[8.85305,53.82972],[8.9075,53.828049],[9.128887,53.866104],[9.279999,53.85777300000012],[9.573055,53.59111],[9.695833,53.550278000000105],[9.832499,53.536385],[9.82472,53.550278000000105],[9.783888,53.561386],[9.68194,53.5719380000001],[9.56111,53.621666],[9.437777,53.739441],[9.393055,53.823883],[9.327776,53.857216],[9.205276,53.890549],[8.983332000000132,53.890274],[8.899721,53.94082600000013],[8.836111,54.031105],[8.880833,54.04527300000012],[8.97889,54.018608],[9.003054,54.02805],[9.017221,54.084999],[8.971109,54.131660000000124],[8.85861,54.123886],[8.824999,54.155273],[8.812777,54.174995],[8.841389000000106,54.250549],[8.88361,54.294167],[8.669443,54.26694],[8.631666,54.27916],[8.599443,54.333885],[8.63889,54.39666],[8.823332,54.41555],[8.85555,54.405548],[8.99472,54.451942000000145],[9.019444,54.49305],[8.850832,54.620827],[8.804998,54.685555000000136],[8.696943,54.746941],[8.640554,54.838051],[8.573443,54.850273],[8.58055,54.867878],[8.3025,54.859993],[8.29861,54.740273000000116],[8.28833,54.737495],[8.280554,54.774994],[8.291111,54.894722],[8.3933320000001,55.053055],[8.46305500000011,55.04805],[8.421665000000132,55.013054],[8.371944,54.994164000000126],[8.352777000000117,54.95138500000013],[8.456798,54.900558],[8.598331,54.9059],[8.602797000000123,54.917725],[8.66454,54.913094],[8.719444,54.891106],[8.82889,54.9138870000001],[8.919998000000135,54.908051],[9.22416,54.853607],[9.23361,54.82444],[9.253611,54.80888],[9.342777,54.808609000000104],[9.3925,54.83527400000014],[9.445358,54.825401],[9.43916,54.80222],[9.5783330000001,54.825554],[9.78555,54.78611],[9.916666,54.791107],[9.97278,54.761108],[10.036943,54.67115],[10.0325,54.555275],[10.00639,54.524719],[9.970554,54.5075],[9.845276,54.478607],[9.870277,54.45444],[10.126944,54.489716],[10.368332000000123,54.43555],[10.60972,54.3605500000001],[10.679165,54.312492000000134],[10.706665,54.30694],[10.78777700000012,54.309715],[10.95167,54.38472000000013],[10.979443,54.380554]]]]}},{"type":"Feature","properties":{"id":"GR","iso2":"GR","name":"Greece","level":"country","population":10400000,"gdp_per_capita_ppp":39000,"seats_lower":300},"geometry":{"type":"MultiPolygon","coordinates":[[[[24.128609,34.85666700000013],[24.128609,34.808884],[24.04472,34.849998],[24.074718,34.868607],[24.127777,34.859161],[24.128609,34.85666700000013]]],[[[26.900555,35.358887],[26.880554,35.34333],[26.853333000000134,35.35249],[26.84972,35.372215],[26.898052,35.42],[27.019997000000103,35.430832],[26.998333,35.40416],[26.964443,35.392776],[26.900555,35.358887]]],[[[23.858608,35.52166],[23.99555,35.515549],[24.069611000000123,35.54805],[24.084999,35.588333],[24.12611,35.601944],[24.172222,35.590553],[24.205276,35.54277],[24.187222,35.509995],[24.102608,35.488384],[24.18388700000014,35.45111],[24.271942000000138,35.36249500000014],[24.319721,35.35166],[24.588608,35.38110400000011],[24.629444,35.40055100000012],[24.78889,35.408882],[24.963333,35.404442],[25.04639,35.383888],[25.048611,35.35583],[25.063889,35.344719],[25.377220000000136,35.335548],[25.40472,35.30778],[25.445274,35.29166],[25.658054000000106,35.3425],[25.7666660000001,35.334717],[25.728333,35.294167],[25.722775000000127,35.263885],[25.737221,35.2586060000001],[25.742758,35.286358],[25.754139000000123,35.28257],[25.755173,35.25359300000014],[25.71833,35.219162],[25.710831,35.171104],[25.7280540000001,35.14194],[25.80805,35.10805],[25.896111,35.176941],[26.02666,35.224442],[26.111942000000113,35.205276],[26.301109,35.28305],[26.29055,35.131104],[26.275,35.087494],[26.237499,35.033607],[26.11972,34.992775],[26.086666,35.017494],[25.987499000000128,35.033051],[25.59694,35.00972000000013],[25.513332,34.98194100000012],[25.33527800000013,34.984993],[25.016941,34.93083],[24.752777,34.94221],[24.762775,35.015831],[24.744164,35.0711060000001],[24.723053,35.09055],[24.565552,35.098053],[24.526665,35.142494],[24.385555,35.19082600000013],[24.192219000000136,35.200272],[24.04888,35.189995000000124],[23.824165,35.246666],[23.681942000000106,35.224442],[23.586666,35.23583200000013],[23.521111,35.288055],[23.519997000000103,35.30194100000011],[23.569164,35.526665],[23.606388,35.613327],[23.618332000000123,35.51777600000014],[23.656944000000124,35.496384],[23.718887,35.5075],[23.731941,35.546104],[23.708332,35.648331],[23.748608000000104,35.686386],[23.775555,35.666107],[23.76694,35.645271],[23.787498,35.548332],[23.848331,35.522499],[23.858608,35.52166]]],[[[27.157497,35.44583100000011],[27.142220000000123,35.399719],[27.12166600000012,35.428604],[27.06611,35.604996],[27.16249800000014,35.724716000000114],[27.16,35.79583],[27.23139,35.82444],[27.177498000000128,35.601105],[27.202221,35.47805],[27.16222,35.45111],[27.157497,35.44583100000011]]],[[[23.332222,35.825272],[23.29583,35.853882],[23.273052,35.89999],[23.31778,35.881386],[23.331944,35.852219],[23.332222,35.825272]]],[[[23.049442,36.13694],[22.988052,36.14611100000013],[22.91222,36.19944],[22.895275,36.325829],[22.926109,36.377495],[22.958054,36.381943],[23.00555400000013,36.307495],[23.10722,36.243889],[23.05722,36.145],[23.049442,36.13694]]],[[[25.83888,36.34805],[25.73889,36.35499600000014],[25.733604000000128,36.377495],[25.771111,36.40193],[25.85693700000013,36.358887],[25.847775,36.348885],[25.83888,36.34805]]],[[[25.399162,36.39444],[25.393887,36.410828],[25.41,36.408333],[25.40611,36.398041],[25.399162,36.39444]]],[[[27.78666,35.890549],[27.73305,35.91111],[27.719166,35.94082600000013],[27.740829000000133,36.10443900000013],[27.719719,36.1661],[27.80305,36.268326],[27.895828,36.332222],[28.068333,36.404999],[28.207222000000115,36.44249],[28.21583,36.45776400000011],[28.238049,36.431107],[28.141388,36.210541],[28.063606,36.111931],[27.95666100000011,36.044991],[27.865555,35.93222],[27.79972,35.893326],[27.78666,35.890549]]],[[[27.40027,36.372498],[27.29472,36.42443100000014],[27.303055,36.46916],[27.358887,36.475548],[27.44305,36.41111],[27.438889,36.39138800000012],[27.413326,36.37554],[27.40027,36.372498]]],[[[25.457771,36.33361],[25.38485,36.3446],[25.41944,36.362488],[25.430054,36.3968],[25.41607,36.43036],[25.368889,36.470276000000126],[25.421104,36.469994],[25.486382,36.408051],[25.484997000000135,36.3591540000001],[25.46917,36.34332300000011],[25.457771,36.33361]]],[[[26.342216,36.506386],[26.288609000000122,36.518044],[26.260830000000112,36.58833],[26.38028,36.640266],[26.458328000000108,36.600822],[26.472218,36.57998700000013],[26.405827,36.565269],[26.35416,36.51944],[26.35583,36.508041],[26.342216,36.506386]]],[[[27.854717,36.527222],[27.840275,36.524994000000106],[27.764996,36.574997],[27.82694,36.641388],[27.859718,36.650269],[27.866665,36.637772],[27.87527,36.542763],[27.858051,36.528885],[27.854717,36.527222]]],[[[24.950275,36.590553],[24.915276,36.596107],[24.851387000000102,36.64111],[24.843887,36.659721000000104],[24.868889000000138,36.66138500000011],[24.938332,36.632774],[24.95333,36.62138],[24.958332,36.592499],[24.950275,36.590553]]],[[[25.089722,36.63388],[25.063889,36.639992],[25.102219,36.69333],[25.141388,36.7158280000001],[25.18777,36.71666],[25.18416600000012,36.705544],[25.099716,36.639153],[25.089722,36.63388]]],[[[21.785831000000144,36.736938],[21.775,36.69778],[21.748608,36.719162],[21.760555000000124,36.754997],[21.785553,36.74082900000013],[21.785831000000144,36.736938]]],[[[24.413609,36.66027100000014],[24.324718,36.652771],[24.34389,36.74082900000013],[24.513332,36.767494],[24.548054,36.7594380000001],[24.548332,36.691666],[24.53472,36.67305],[24.476944,36.662773],[24.413609,36.66027100000014]]],[[[25.385551,36.651665],[25.342773000000136,36.651665],[25.25861,36.728882],[25.26194,36.762772],[25.279160000000104,36.783333],[25.308048,36.788322],[25.407219,36.717766],[25.389439,36.652771],[25.385551,36.651665]]],[[[24.66277700000012,36.747498],[24.624996000000124,36.751389],[24.609722,36.778328],[24.619999,36.78805],[24.66527600000012,36.776382000000126],[24.665833,36.749718],[24.66277700000012,36.747498]]],[[[21.698608,36.739166],[21.704441,36.796661],[21.728611000000114,36.789162],[21.701111,36.741943000000106],[21.698608,36.739166]]],[[[24.558609000000104,36.77555100000012],[24.53167,36.78777300000013],[24.521111,36.823883],[24.559166,36.848328],[24.59916,36.823883],[24.574718000000132,36.779442],[24.558609000000104,36.77555100000012]]],[[[25.459995,36.82222],[25.432774,36.820541000000105],[25.420830000000137,36.83194],[25.4741590000001,36.869164],[25.47694,36.830826],[25.459995,36.82222]]],[[[25.826664,36.779709],[25.769444,36.764435],[25.738605,36.787491],[25.961941,36.889435],[25.97666,36.874161],[25.920551,36.8361],[25.826664,36.779709]]],[[[26.965832,36.681664],[26.971386,36.672211],[26.946384000000137,36.67915],[26.92083,36.708878],[26.921944,36.761101],[27.152493000000106,36.881386],[27.284443,36.900551],[27.340549000000124,36.88528],[27.355553,36.865273],[27.32944,36.842766],[26.980553,36.746941000000106],[26.96639,36.70361],[26.965832,36.681664]]],[[[25.680832,36.878052],[25.612778000000105,36.88083],[25.614716,36.891930000000116],[25.651939,36.906097],[25.68388,36.880272],[25.680832,36.878052]]],[[[25.076664000000108,36.951935],[25.071663,36.943871],[25.027222,36.981934],[25.023605,36.999146],[25.057499,37.0336],[25.086941,37.040543],[25.076664000000108,36.951935]]],[[[24.711941,36.903053000000114],[24.683052,36.930275],[24.641109000000142,37.042221],[24.70666,37.027771],[24.765274,36.958328],[24.76111,36.94082600000013],[24.724163,36.91166],[24.711941,36.903053000000114]]],[[[26.97555,36.924431],[26.919167,36.946663],[26.88194,37.068886],[26.890831,37.07638],[26.985828,37.044167],[27.04832800000014,36.993607],[27.04583,36.944153],[26.97555,36.924431]]],[[[25.83444,37.09304],[25.793884,37.103043],[25.78249,37.119987],[25.82555,37.125542],[25.836105,37.096931],[25.83444,37.09304]]],[[[25.250275,37.008324],[25.191383,36.973885],[25.152493,36.98389],[25.10527,37.011658],[25.098328,37.027489],[25.109997000000135,37.057213],[25.16333,37.12166600000012],[25.22361,37.140831],[25.2686,37.138611],[25.284443,37.128319],[25.26416,37.039162],[25.250275,37.008324]]],[[[26.886662,37.09665700000011],[26.820553,37.11055],[26.769444,37.169434],[26.7808270000001,37.189995],[26.85833,37.181107],[26.889164,37.09861],[26.886662,37.09665700000011]]],[[[25.461388,36.919434],[25.433331,36.922211],[25.341106,37.075],[25.503052,37.189995],[25.54805,37.19611],[25.583054,37.159988],[25.600552,37.11527],[25.556664,36.957764],[25.486382,36.927773000000116],[25.461388,36.919434]]],[[[24.53500000000014,37.182495],[24.534164,37.130554],[24.509163,37.112778000000105],[24.460278,37.135826],[24.414719,37.12722],[24.430832000000123,37.17139],[24.460278,37.19583100000011],[24.515831,37.201111],[24.53472,37.186104],[24.53500000000014,37.182495]]],[[[26.767494,37.186935],[26.774998,37.20887800000014],[26.788609,37.202209],[26.767494,37.186935]]],[[[23.15667,37.240273],[23.123333000000116,37.241661000000136],[23.099442000000124,37.278885],[23.150555,37.27277400000014],[23.168331,37.25888800000013],[23.16027,37.242218],[23.15667,37.240273]]],[[[23.410831,37.300827],[23.373886,37.299721],[23.385555,37.31139],[23.4775,37.35277600000012],[23.552498,37.369438000000116],[23.582497,37.36610400000012],[23.575275,37.356110000000115],[23.496387,37.315277],[23.414719000000105,37.302216],[23.410831,37.300827]]],[[[24.37944,37.30583200000012],[24.366665,37.313049],[24.36861,37.427216],[24.43861,37.481941],[24.43055,37.442215],[24.472221,37.42694100000011],[24.48333,37.39804800000013],[24.44611,37.3513870000001],[24.383331,37.30694],[24.37944,37.30583200000012]]],[[[25.359161,37.40778],[25.328053,37.41776],[25.309166,37.473328],[25.313889,37.488045],[25.349442,37.501389],[25.463608,37.469719],[25.461105,37.446381],[25.371105,37.410553],[25.359161,37.40778]]],[[[24.952499,37.385551000000135],[24.88444,37.363609],[24.889721,37.51249700000011],[24.944164,37.491104],[24.9725,37.402771],[24.95583,37.38721],[24.952499,37.385551000000135]]],[[[23.497776,37.50471],[23.451942,37.509163000000115],[23.43305,37.522774],[23.483608,37.53777300000013],[23.5225,37.524162],[23.506386000000134,37.506386],[23.497776,37.50471]]],[[[25.228333,37.534431],[25.195827,37.52748900000012],[25.113888,37.551102],[24.994999,37.639999],[24.97583,37.675552],[25.053883,37.67582],[25.083054,37.649155],[25.190552,37.64111],[25.238888,37.621941],[25.25555,37.58387800000014],[25.231667,37.536385],[25.228333,37.534431]]],[[[24.29861,37.526382],[24.275276000000133,37.53110500000014],[24.269722000000115,37.593048],[24.29833,37.654999],[24.327221,37.677773],[24.37028,37.68222],[24.41139,37.651382],[24.381386,37.596939],[24.308887,37.531662],[24.29861,37.526382]]],[[[26.020828,37.514435],[25.98416,37.506943],[25.974716000000114,37.53138],[26.046944,37.616379],[26.08083,37.635544],[26.361111,37.68666100000013],[26.308331,37.618889],[26.214993,37.55888],[26.020828,37.514435]]],[[[23.513054000000125,37.691666],[23.476387000000102,37.679161],[23.431664,37.73333000000014],[23.425552,37.762497],[23.55722,37.76722],[23.563332,37.756386000000134],[23.523609,37.703606],[23.513054000000125,37.691666]]],[[[27.06944,37.711937],[26.81805,37.636658],[26.753883,37.691376],[26.711388000000113,37.708321000000126],[26.59722,37.67499],[26.58166100000011,37.685822],[26.571663000000115,37.730553],[26.598885,37.759438],[26.66555,37.79054300000013],[26.748608,37.811378],[27.02860600000014,37.77166],[27.06694,37.727219],[27.06944,37.711937]]],[[[20.898052,37.80527500000011],[20.99249600000013,37.72527300000013],[20.994442,37.698608],[20.91527600000012,37.731667],[20.87028,37.726105],[20.84111,37.687218],[20.831108,37.64638500000012],[20.713608,37.722771],[20.629997000000117,37.80888],[20.61999900000012,37.8475],[20.64333,37.89833],[20.67833,37.920555],[20.699718000000132,37.930275],[20.79416700000013,37.84888500000011],[20.886387000000127,37.81443800000011],[20.898052,37.80527500000011]]],[[[24.791664,37.998329000000126],[24.962776,37.872498],[24.998886,37.76388500000013],[24.96027800000013,37.685555000000136],[24.91666400000014,37.715553],[24.765553,37.873604],[24.71333,37.872772],[24.692219,37.95944200000014],[24.778053000000114,37.996941],[24.791664,37.998329000000126]]],[[[23.462498,37.87861],[23.405552000000114,37.895271],[23.437496000000124,37.98583200000013],[23.49361,38.000832000000116],[23.54055,37.982773],[23.540276,37.920555],[23.469444000000124,37.882217],[23.462498,37.87861]]],[[[20.612499,38.39416],[20.68055,38.2775],[20.813332000000116,38.118332],[20.7925,38.060272],[20.557777,38.090553],[20.34139,38.17722],[20.398609,38.325554000000125],[20.44083,38.32805],[20.483608,38.30832700000013],[20.53639,38.34471900000011],[20.550552,38.387772],[20.534443000000124,38.43278],[20.536942000000124,38.467773],[20.57111,38.468048000000124],[20.612499,38.39416]]],[[[20.735554,38.309998],[20.699444,38.317497],[20.644722,38.398048],[20.61333100000013,38.469162],[20.648888000000113,38.5002750000001],[20.671108,38.49333200000012],[20.706387,38.444717],[20.760277,38.321663],[20.735554,38.309998]]],[[[26.02555500000011,38.17694],[26.014721,38.14944],[25.971661,38.163605],[25.86416,38.238319],[25.873882,38.26944],[25.942493,38.297211],[25.991665,38.34388000000013],[25.989162,38.38388],[25.945827,38.455269],[25.88166,38.47778],[25.824997,38.54361],[25.86999900000012,38.586388],[26.001389,38.601379],[26.13861100000014,38.564995],[26.157776,38.547768],[26.133327,38.408333],[26.163052,38.326111],[26.160275,38.30138],[26.027222,38.18027],[26.02555500000011,38.17694]]],[[[20.903053,38.545555],[20.899166,38.56638],[20.935833,38.60416],[20.939999,38.59389],[20.903053,38.545555]]],[[[25.599995,38.531937],[25.561939,38.530823],[25.53194,38.60194400000012],[25.56611,38.60833],[25.613331,38.589989],[25.620274,38.577209],[25.60416,38.533333],[25.599995,38.531937]]],[[[20.643608,38.581108],[20.543610000000115,38.564438],[20.542221,38.58833],[20.559166,38.688049],[20.60166500000014,38.778885],[20.648331,38.832222],[20.709721,38.832222],[20.729443,38.80749500000013],[20.72055,38.623604000000114],[20.643608,38.581108]]],[[[24.683052,38.79805],[24.683609,38.779716],[24.65916,38.76749400000011],[24.62055,38.766388],[24.592777,38.789993],[24.57111,38.780548],[24.568886,38.76082600000012],[24.53472,38.78361],[24.45027,38.89694200000014],[24.450832,38.950554000000125],[24.489998,38.97805],[24.577499,38.926109],[24.681389000000138,38.804718],[24.683052,38.79805]]],[[[23.46194,38.853333],[23.59194200000013,38.764717],[23.84666,38.68222],[23.946663,38.662773],[24.0075,38.67305],[24.153889,38.64666],[24.15361,38.57332600000012],[24.187222,38.39249400000011],[24.25944,38.214996],[24.338886,38.158607],[24.465832,38.138329],[24.568607,38.147499],[24.590553000000114,38.064163],[24.586109,38.02722200000011],[24.564163,37.98722],[24.504444,37.953331],[24.387218000000132,37.993607],[24.208611,38.156662],[24.148609000000135,38.215271],[24.11083200000013,38.28833],[24.049999000000128,38.365829],[24.059166,38.37722],[24.049721,38.391937],[23.99472,38.401939],[23.938332000000116,38.38666500000011],[23.80583,38.38916000000012],[23.64222,38.418884000000105],[23.61694,38.45221700000013],[23.63749700000011,38.507217],[23.625832,38.541664],[23.59861,38.57000000000011],[23.2,38.830826],[23.1575,38.847496],[22.830276,38.82527],[22.844997,38.861382000000106],[22.929996,38.891663],[23.129719,39.003326],[23.2925,39.03889],[23.374722,39.00555],[23.37861,38.970833],[23.446388,38.872498],[23.46194,38.853333]]],[[[23.736664,39.074715],[23.66277700000012,39.086105],[23.59388700000011,39.206665],[23.786663,39.124161],[23.753887,39.08361100000013],[23.736664,39.074715]]],[[[23.50861,39.159721],[23.455830000000105,39.13],[23.393608,39.1449970000001],[23.395832,39.16333],[23.461388,39.208328],[23.501389,39.193329],[23.510555000000124,39.16305],[23.50861,39.159721]]],[[[20.198330000000112,39.17444],[20.16555,39.177498],[20.136665,39.200554],[20.123608,39.236382000000106],[20.13749700000011,39.240273],[20.165,39.222496],[20.202221,39.17582700000014],[20.198330000000112,39.17444]]],[[[23.862499,39.13666500000011],[23.836109,39.14166300000011],[23.8341640000001,39.152222],[23.949165,39.28916],[23.979443000000117,39.26416],[23.904442,39.163605],[23.862499,39.13666500000011]]],[[[26.37722,39.273598],[26.474716,39.21944],[26.61222,39.044167],[26.614441,39.012497],[26.51833,38.972488],[26.323887000000127,38.977776],[26.187492000000134,39.01722000000012],[26.089165,39.07222],[26.107777000000112,39.090828],[26.167500000000132,39.10277600000012],[26.276939,39.15638000000013],[26.292217,39.184166],[26.261662,39.202492],[26.16528,39.19111],[26.153606,39.1586],[26.112221,39.11222],[26.06805,39.084435],[25.889996,39.141106],[25.832222000000115,39.1836],[25.856384,39.253052],[25.907776000000126,39.286942000000124],[25.92388,39.291939],[25.928883,39.275826],[25.98444400000011,39.27166000000011],[26.169167,39.323601],[26.165833,39.371941],[26.221661,39.383041],[26.323887000000127,39.37443],[26.396111000000133,39.341103],[26.419994,39.32583],[26.379719,39.285271],[26.37722,39.273598]]],[[[24.992496,39.466385],[24.969719,39.508049],[24.995831000000123,39.55888],[25.01527,39.56081400000011],[25.052498,39.537766],[25.03138,39.50359],[24.992496,39.466385]]],[[[19.926109,39.794441],[19.95055,39.774437],[19.94278,39.744164000000126],[19.91611,39.722771],[19.842499,39.70277],[19.846664,39.649162],[19.931942000000106,39.47166],[20.027775,39.431938],[20.07472,39.451385],[20.122219,39.373886],[20.111664000000133,39.36305],[20.079720000000123,39.368332],[19.880276,39.44638800000013],[19.85083,39.49389],[19.84972,39.54277],[19.823330000000112,39.57611],[19.673332,39.677216],[19.639999000000103,39.75666],[19.67305,39.7930530000001],[19.796665,39.79055000000011],[19.864998,39.81694],[19.926109,39.794441]]],[[[19.404163,39.843605],[19.377777,39.844719],[19.381664,39.871109],[19.428608,39.86388],[19.404163,39.843605]]],[[[25.44167,40.00471],[25.336388000000113,39.876099],[25.33972200000011,39.847771],[25.373608,39.814438],[25.355827,39.78638500000011],[25.29194,39.808044],[25.266937,39.86805],[25.279160000000104,39.896378],[25.25972000000013,39.913605],[25.213608,39.896935],[25.178608,39.84665700000011],[25.22305,39.799431],[25.16249,39.800819],[25.06694,39.8425],[25.05444,39.86055],[25.049995,39.9897160000001],[25.1402700000001,40.00665300000014],[25.23193700000013,40.002495],[25.27194,39.988319],[25.451382,40.033875],[25.445553,40.00972],[25.44167,40.00471]]],[[[25.60166,40.398041],[25.557499,40.40137],[25.44389,40.475822],[25.542770000000132,40.510544],[25.65721900000011,40.49305],[25.69471700000014,40.466103],[25.695000000000107,40.424721],[25.606110000000115,40.398598000000106],[25.60166,40.398041]]],[[[24.773331,40.631660000000124],[24.766388,40.611382000000106],[24.64361,40.570831],[24.575275,40.62416100000013],[24.52972,40.62166600000012],[24.50944,40.658051],[24.53361,40.714165],[24.565552,40.75055],[24.641109000000142,40.796661],[24.73333,40.765549],[24.761387000000127,40.749161],[24.763885,40.731941],[24.773331,40.631660000000124]]],[[[26.29416700000013,41.708054],[26.36109,41.711052],[26.570271,41.611382],[26.604443,41.546097],[26.636387,41.416382],[26.635277,41.358887],[26.611382,41.332497],[26.41527600000012,41.2594380000001],[26.35833,41.256943],[26.325,41.234711],[26.323887000000127,41.09304],[26.3752750000001,41.025551],[26.361382000000106,40.955826],[26.28749,40.90193],[26.213608,40.877213],[26.107777000000112,40.73972],[26.04472,40.735825],[26.028332,40.792213],[26.041943,40.807213],[26.022778,40.82972],[25.911659,40.847771],[25.719994,40.84583],[25.41944,40.90527],[25.347775000000127,40.94082],[25.17639,40.94193],[25.132217,40.954430000000116],[25.135551,40.976379],[25.16639,40.991379],[25.138054,41.01137],[25.03545000000014,41.004272],[24.801344,40.85197],[24.627499000000114,40.858604],[24.561386,40.951942000000145],[24.398052,40.936943],[24.317497000000117,40.877777],[24.31583,40.828888],[24.15667,40.742493],[24.084164,40.71611],[23.989166,40.729721],[23.846107,40.787216000000114],[23.723053,40.746666],[23.696388,40.712776],[23.690277,40.6730500000001],[23.794998,40.58305400000012],[23.823055,40.50833100000011],[23.824718000000132,40.463051],[23.874165,40.406662],[23.922775,40.384163],[24.00583300000011,40.385826],[24.181942,40.34722],[24.24110800000011,40.311661],[24.396385000000123,40.162498],[24.390274,40.13861],[24.301109,40.119995],[24.284721,40.15444200000013],[24.159443,40.281944000000124],[24.04694400000011,40.29361],[23.907776,40.367218],[23.850555,40.373329],[23.727776,40.35055],[23.691109,40.297775],[23.704998000000103,40.262215],[23.773888000000113,40.196106],[23.906109,40.16444400000012],[23.99222200000014,40.111107],[24.015,40.01138300000014],[23.985832,39.951385],[23.932220000000143,39.943054],[23.826942,40.025551],[23.789997,40.091942],[23.671108,40.21833],[23.413609,40.281387],[23.38833,40.275551],[23.330276,40.213608],[23.368053,40.14388300000013],[23.498886,40.031662],[23.675552,39.971382],[23.748886,39.92555],[23.71,39.911942],[23.595833,39.921944],[23.37944,39.99277500000011],[23.320831000000112,40.119164000000126],[23.323608,40.18777],[23.305553,40.229164],[23.11083,40.299164],[22.899441000000138,40.39666],[22.843609,40.474998],[22.863052,40.50388],[22.946663,40.519722],[22.98222,40.549164],[22.946663,40.625549],[22.91166,40.642776],[22.865833000000123,40.638611],[22.85944400000011,40.597496],[22.813332,40.567772000000105],[22.59111,40.47666],[22.583611,40.459999],[22.629997,40.38305],[22.612499,40.291664],[22.54722,40.147774],[22.568886,40.05722],[22.595,40.012215],[22.709721000000116,39.95472],[22.852219,39.79361],[22.864998000000128,39.729721],[22.929443,39.584442],[23.118053,39.45694],[23.25861,39.331665],[23.345,39.178055],[23.31583,39.14804800000013],[23.206108,39.10527],[23.122498,39.08777600000013],[23.05805,39.093887],[23.07889,39.146385],[23.10972,39.152496],[23.115276,39.14361],[23.105,39.10249],[23.210831,39.15083],[23.221107,39.18499800000012],[23.178608,39.25555400000013],[23.119720000000143,39.30638900000014],[22.99528,39.352776],[22.937775,39.358604],[22.826664,39.271385],[22.81694,39.253883],[22.824718000000132,39.206940000000145],[22.854443,39.15583],[22.876389,39.177773],[22.965275,39.11860700000011],[22.99528,39.068054],[22.994999,39.04277000000013],[23.072777,39.036942],[22.937775,38.92860400000012],[22.833054000000118,38.891106],[22.750832000000116,38.869995],[22.682997,38.8785],[22.643330000000105,38.904442],[22.611942000000113,38.908882],[22.526943,38.8825],[22.52333,38.857216],[22.57917,38.825829],[22.713333,38.823051],[22.771942,38.779999],[22.953609,38.75166300000012],[23.063889,38.692497],[23.113331,38.627495],[23.192776,38.66249800000014],[23.316109,38.645271],[23.33833,38.605827],[23.305553,38.56749700000012],[23.335,38.53805],[23.399441,38.507774],[23.534721,38.49944],[23.592499,38.463333],[23.601944,38.431107],[23.675552,38.34861],[23.960552,38.281662],[24.073887,38.196938],[24.060555,38.143051],[24.00555400000013,38.067772],[24.030552,37.872498],[24.090275000000133,37.77861],[24.069443,37.689438],[24.040833,37.65583],[23.950832,37.669716],[23.907776,37.761108],[23.861664000000133,37.804161000000136],[23.774441,37.834442],[23.559444,37.969162],[23.556389,37.98221600000011],[23.5975,38.018608],[23.57222,38.043327],[23.515553000000125,38.04055000000011],[23.458611000000133,38.02055],[23.412220000000104,37.979996],[23.23555,37.97555],[23.126389,37.918053],[23.063889,37.91277300000013],[23.01694,37.923607],[22.991386,37.88055400000013],[23.0025,37.85139],[23.103611,37.84166],[23.14861,37.758049],[23.16222,37.616661000000136],[23.328609,37.531662],[23.366386,37.550278],[23.32638500000013,37.60666700000013],[23.40583,37.58833],[23.421801,37.527229],[23.520832,37.461662],[23.525276,37.439163],[23.499165,37.42333200000013],[23.422222,37.410271],[23.354443000000117,37.416107],[23.270554,37.40083],[23.231667,37.380554],[23.19611,37.313332],[23.204166,37.29805],[23.177219,37.29055000000011],[23.149719,37.297493],[23.066387,37.358604],[23.066387,37.393051],[23.10611,37.39249400000011],[23.136944,37.41805],[23.128887000000134,37.448051],[22.779999,37.589996],[22.74361,37.58194],[22.722775,37.561386],[22.727497,37.487221],[22.75861,37.408051],[22.911388000000102,37.19416],[22.895275,37.141937],[22.901943,37.11805],[22.957222,37.116104],[23.006386,37.024719],[23.014999,36.934441000000106],[23.11417,36.774719],[23.086941000000138,36.748329],[23.032219,36.732773],[23.03388600000011,36.63222],[23.07889,36.57666],[23.109997,36.562492000000134],[23.200554,36.455826],[23.203053,36.437775],[23.140274,36.426109],[23.09,36.439995],[22.969719,36.52111],[22.785553,36.798607],[22.63416,36.804443],[22.57278,36.773888],[22.482498,36.60611],[22.480553,36.532219],[22.504166,36.494438],[22.508331,36.453049],[22.488888,36.386108],[22.3975,36.47388500000011],[22.377499,36.535553],[22.35611,36.69944],[22.29694400000011,36.814995],[22.24361,36.873329],[22.185555,36.892776],[22.146385,36.950829],[22.156387,37.019722],[22.05,37.029160000000104],[21.937496,36.987778],[21.926388,36.96666],[21.923054,36.862778],[21.933052,36.81749700000012],[21.961666,36.7980500000001],[21.93805300000014,36.762215],[21.881386,36.720276],[21.82222,36.804993],[21.764164000000108,36.79055],[21.704441,36.815277],[21.68666500000012,36.8825],[21.711941000000138,36.944443],[21.58194,37.061104000000114],[21.56416,37.1525],[21.585552,37.20694],[21.66972,37.268326],[21.694721,37.305275],[21.659721000000104,37.423882],[21.580555,37.53083],[21.40111,37.651665],[21.29361,37.77861],[21.209442,37.818604],[21.109997,37.840553000000114],[21.124165,37.929443000000106],[21.13361,37.941109],[21.152775000000133,37.928886],[21.19055200000014,37.930275],[21.31583000000012,38.028885],[21.367222,38.114166],[21.38444,38.21139],[21.445,38.20082900000011],[21.539719,38.159439000000134],[21.59528,38.148888],[21.641666,38.158882],[21.671665000000132,38.169998000000135],[21.715832,38.21666],[21.740276,38.2736],[21.773609,38.303886],[21.85833,38.340828],[22.02138,38.309715],[22.04222,38.273888],[22.224442,38.181938],[22.536942,38.113327],[22.652222,38.076111],[22.721664,38.043884000000105],[22.799442000000113,37.971382],[22.86805,37.938049],[22.954998000000103,37.9469380000001],[22.978886,37.98221600000011],[22.89055,38.029999],[22.85472,38.034721000000104],[22.952499000000103,38.081108],[23.05916600000012,38.057495],[23.16889,38.07444],[23.216389,38.099716],[23.226109,38.153053],[23.116108,38.2111],[22.966942,38.213608000000136],[22.943054,38.20805],[22.944443,38.186943],[22.835278,38.226387],[22.78139,38.23333],[22.68972,38.323608],[22.533886,38.34499],[22.46083,38.4272160000001],[22.40333,38.448051],[22.376942,38.388054],[22.39638,38.347771],[22.37861,38.33416],[22.193886,38.337219],[22.042774,38.398048],[21.947777,38.409439],[21.713055,38.35305],[21.636665,38.35416],[21.53333,38.312218],[21.36555,38.43305],[21.35055,38.43278],[21.334999,38.38861],[21.26694,38.339165],[21.176109,38.298882],[21.147778,38.304161],[21.108887,38.34805300000011],[21.11055,38.36972000000014],[21.139442,38.396942],[21.116386,38.438049],[21.10278,38.429443],[21.112499000000128,38.44527],[21.086388,38.503052],[20.98944,38.669998],[20.901108,38.73194100000012],[20.80972,38.759438],[20.769722000000115,38.75833100000011],[20.73222,38.801109],[20.74972,38.909721],[20.781109,38.93166],[20.970276,38.94194],[21.02972,38.93055],[21.02583,38.895828],[21.086941,38.86388],[21.166386000000102,38.975273],[21.149998,39.00193800000011],[21.094166,39.054718],[21.083050000000128,39.056664],[21.045277000000112,39.013329],[20.821663,39.114441],[20.774719,39.085274],[20.7575,39.02055400000012],[20.82722,38.9725],[20.82917,38.95832800000011],[20.73194100000012,38.9524990000001],[20.703331000000105,38.992493],[20.71527,39.02055400000012],[20.694721,39.061943],[20.534443000000124,39.185829000000126],[20.480274,39.273605],[20.34333,39.288605],[20.290276,39.32666],[20.214165,39.43777],[20.24528,39.441383],[20.18861,39.619164],[20.059444,39.681664],[20.010029,39.6912],[20.031944,39.69722000000013],[20.14139,39.656105],[20.221664,39.64833],[20.319443,39.729439],[20.29139,39.806664],[20.306129,39.812119],[20.381386000000134,39.78722],[20.41222,39.815826],[20.408886,39.84916],[20.336388,39.92472],[20.316109,39.993332],[20.449997,40.072495],[20.555832,40.066383],[20.671944,40.09805300000011],[20.721107,40.223053],[20.713055,40.278328],[20.733330000000137,40.305275],[20.75861,40.31194],[20.791924,40.43154],[20.833332,40.462219],[20.945553,40.466942],[21.041386,40.561943],[21.053055,40.673332],[20.98389,40.7930530000001],[20.98349,40.855888],[21.343052,40.871941000000106],[21.41972,40.91916700000013],[21.52972000000011,40.908882],[21.573608,40.873055],[21.599998,40.87277200000011],[21.792221,40.93278],[21.911942000000124,41.049438],[21.916111000000114,41.095276],[21.98055,41.1336060000001],[22.256664000000114,41.171387],[22.34333,41.134438],[22.434719,41.12138],[22.585552,41.119438],[22.720554000000106,41.14277600000014],[22.74361,41.16333],[22.76154300000013,41.25174],[22.75972,41.309441],[22.803886,41.346939],[23.180832,41.32278],[23.227219000000105,41.34638],[23.231388,41.37749],[23.29472,41.406105],[23.440552,41.409439],[23.63583,41.378052],[23.796387,41.43666100000013],[23.886387,41.451942],[23.97889,41.441109],[24.06639,41.485275],[24.06305,41.52082800000011],[24.09333,41.549995],[24.19999,41.54378500000013],[24.25389,41.57],[24.307777,41.546387],[24.46611000000013,41.55194100000011],[24.564442,41.503326],[24.608887,41.43222],[24.809444,41.352219000000105],[24.819443,41.405],[24.898888,41.41194],[25.036507,41.37044],[25.163052,41.31749],[25.239441,41.254433],[25.27971600000012,41.24305],[25.50361,41.289444],[25.567776,41.32222],[25.653049,41.317772000000105],[25.814159,41.336098000000106],[25.881104,41.309708000000114],[25.97916,41.31944],[26.139996,41.354713],[26.198051,41.439438],[26.181664,41.54332],[26.13472,41.63221],[26.10305,41.627213],[26.068604,41.660271],[26.074444,41.711937],[26.17194,41.748322],[26.234772,41.740028],[26.277222,41.709991],[26.29416700000013,41.708054]]]]}},{"type":"Feature","properties":{"id":"HR","iso2":"HR","name":"Croatia","level":"country","population":3800000,"gdp_per_capita_ppp":36000,"seats_lower":151},"geometry":{"type":"MultiPolygon","coordinates":[[[[16.903889,42.72610500000013],[16.82222,42.732216],[16.812496000000124,42.74333],[16.818333,42.775551],[16.93278,42.772499],[16.940277,42.760277],[16.911942,42.729164],[16.903889,42.72610500000013]]],[[[17.744999,42.69194],[17.372498,42.757217],[17.321663,42.788055],[17.363052,42.802216],[17.39944,42.797775000000115],[17.667221,42.735275],[17.746109,42.69416],[17.744999,42.69194]]],[[[16.820553,42.959999],[17.04472,42.97527],[17.13583,42.961937],[17.183609,42.91861],[17.123886,42.91138500000011],[16.981972,42.928719000000115],[16.866108,42.89777400000014],[16.660887,42.921288],[16.64082,42.929462000000115],[16.70771200000013,42.956963],[16.63472,42.983604],[16.68611,42.99082900000013],[16.772221,42.969162],[16.820553,42.959999]]],[[[17.298885,43.006943],[17.661663,42.87471800000014],[17.64984,42.8890760000001],[17.698055,42.9272160000001],[17.797497,42.903885],[17.882774,42.81916],[18.160553,42.695],[18.268608,42.618332],[18.34666,42.62917],[18.397499,42.614441],[18.455555,42.56583],[18.460278,42.48694],[18.521942,42.432495],[18.524166,42.39666000000011],[17.87722,42.767776],[17.439163,42.873886],[17.218052,42.979164],[17.14527500000014,42.97666],[17.013054,43.005272],[17.004166,43.046661],[17.015831,43.048882],[17.26888700000012,43.01194],[17.298885,43.006943]]],[[[16.20833,43.022217000000126],[16.06444,43.01055],[16.050552,43.06305],[16.113888,43.082222],[16.230553,43.078331],[16.254719,43.062492],[16.211388,43.024719],[16.20833,43.022217000000126]]],[[[16.562035,43.23085],[16.57764200000014,43.21301],[16.660145000000114,43.211525],[16.699537000000134,43.166187],[16.7196,43.161728],[17.15664,43.137943],[17.19008300000013,43.126053],[17.057777,43.112495],[16.74785,43.13125600000012],[16.654163,43.11972],[16.374443,43.19082600000013],[16.47583,43.21194],[16.51744,43.207809],[16.561293,43.181053],[16.582102,43.18402500000013],[16.55312,43.21301],[16.524872,43.22193],[16.550142000000108,43.23308],[16.562035,43.23085]]],[[[16.851665,43.26916],[16.628887,43.26194],[16.487778,43.28527],[16.408054,43.31916],[16.42639,43.38916],[16.776108,43.35944400000011],[16.883888,43.319717],[16.887218,43.297775],[16.851665,43.26916]]],[[[16.390553,43.332771],[16.20861,43.382774],[16.19722,43.40749],[16.25194,43.41277300000013],[16.326385,43.394165],[16.391109,43.33721900000012],[16.390553,43.332771]]],[[[15.687498,43.630829],[15.606667,43.674995],[15.662222,43.665833000000134],[15.703054,43.63666500000011],[15.687498,43.630829]]],[[[15.34639,43.80888],[15.376669,43.775925],[15.327776,43.78999],[15.242498,43.845833],[15.225,43.873055],[15.238609,43.874992],[15.26639,43.84861],[15.34083,43.813889],[15.34639,43.80888]]],[[[15.44666500000011,43.887215],[15.409443,43.89111],[15.35111,43.92638],[15.260832,44.00666],[15.282776,44.010277],[15.376944,43.968048],[15.448055,43.890831],[15.44666500000011,43.887215]]],[[[15.250555,44.01666300000011],[15.129999000000112,44.084442],[15.069443,44.13277],[15.062498000000119,44.157219],[15.243055,44.05305],[15.25611,44.022774],[15.250555,44.01666300000011]]],[[[14.855276,44.175278000000105],[15.0214,44.071758],[15.03666,44.026939],[15.085554000000116,43.98444400000011],[15.118146000000138,43.976791],[15.125269,43.959282],[15.222776,43.907494],[15.19417,43.871109000000104],[15.108055,43.919998],[14.97139,44.07],[14.881943,44.130272],[14.821364,44.14595400000013],[14.821364,44.16346],[14.835314,44.14625200000012],[14.871387,44.142776],[14.852499000000137,44.173607],[14.855276,44.175278000000105]]],[[[14.838655,44.60950100000014],[14.909166,44.607773],[14.96027800000013,44.579163],[14.98815500000012,44.542011],[15.043055,44.523048],[15.074999,44.478882],[15.017241,44.499275],[15.010832,44.51416],[14.9469,44.54557000000011],[14.916038,44.550915],[14.914257000000134,44.542305],[14.936219,44.536964],[15.058196000000123,44.42656],[15.097668,44.408161],[15.050183,44.44496],[15.042764,44.475533],[15.055832000000123,44.47472],[15.240555,44.35027],[15.248888,44.327774],[15.219166,44.30583],[15.174534,44.318237],[15.168888,44.29555],[15.125277,44.311943],[15.101665,44.331383],[15.091435,44.367504],[15.116959000000122,44.37878],[15.078971,44.396587],[15.035641,44.39302],[15.023499,44.421051],[14.976284,44.45594],[14.907246,44.480892],[14.898672,44.49375],[14.91783,44.504887],[14.736666,44.68777],[14.73944,44.69861],[14.789049,44.660946],[14.838655,44.60950100000014]]],[[[14.521944,44.474159],[14.367498000000126,44.59027100000014],[14.3375,44.710274],[14.39083,44.691383],[14.39416,44.62999700000012],[14.407221,44.60388200000011],[14.530554,44.497772],[14.529999,44.477219000000105],[14.521944,44.474159]]],[[[14.757311,44.80375300000014],[14.825219,44.762333],[14.865276,44.7066650000001],[14.836666,44.704994],[14.74111,44.762772],[14.699828,44.764023],[14.65925,44.794735],[14.699828,44.806572],[14.726944,44.79722],[14.68694,44.84333],[14.72361,44.853333000000134],[14.758888,44.83861],[14.757311,44.80375300000014]]],[[[14.455074,44.909698000000105],[14.445271,44.87865],[14.46569,44.809216000000106],[14.459159,44.780621],[14.473864000000106,44.760197],[14.475497,44.700562],[14.531387,44.63333100000011],[14.51528,44.612778],[14.488054,44.605827],[14.451111,44.626389],[14.38944400000014,44.695],[14.388902,44.73242],[14.3742,44.74876],[14.365211,44.797775],[14.294137,44.9072460000001],[14.308842,44.947277],[14.359165,44.907776],[14.396944,44.908051000000114],[14.3925,44.95611],[14.35166500000014,45.04833200000013],[14.308054,45.073051],[14.273333,45.119164],[14.315277,45.174995],[14.363609,45.16055300000011],[14.36972,45.151382],[14.353888,45.119164],[14.376944,45.052498],[14.42639,44.98472],[14.464061,44.9824],[14.476315,44.95953],[14.462426,44.950542],[14.455074,44.909698000000105]]],[[[14.755833,44.941383],[14.721388,44.940277],[14.638611,44.96860500000014],[14.56291,45.01998],[14.486944,45.033333],[14.428888,45.07833],[14.46406,45.12455],[14.523697,45.144974],[14.53916,45.23944100000011],[14.5525,45.248329000000126],[14.59166,45.238609],[14.657776,45.12277],[14.704166,45.068329],[14.813332,44.987778],[14.814444,44.97666],[14.760555,44.942497],[14.755833,44.941383]]],[[[16.5725,46.475273],[16.66111,46.465553000000114],[16.866108,46.355827],[16.889999000000103,46.284996],[16.937771,46.249451],[17.157497,46.177773],[17.239441,46.083611],[17.256943,46.01722],[17.311386,45.975273],[17.389442,45.938049],[17.423332,45.934441000000106],[17.43472,45.93972],[17.427776,45.9525],[17.458611,45.954437],[17.576664,45.94055],[17.64027,45.89305100000013],[17.65721900000011,45.84083],[17.669441,45.835],[17.880833,45.783882],[18.153332,45.787216],[18.220833,45.78110500000014],[18.260830000000112,45.762497],[18.424164,45.749161],[18.559444,45.801666000000125],[18.62222,45.856941],[18.715553000000114,45.913605],[18.78,45.894722],[18.817020000000127,45.91296],[18.833054,45.873886],[18.95861,45.77861],[18.968357,45.66301700000014],[18.933609,45.62527],[18.909458,45.620758],[18.902496,45.570274],[18.955269,45.537186],[19.02052300000014,45.56298800000013],[19.099987,45.515869],[19.08784,45.48950200000013],[19.02052300000014,45.49866500000013],[19.0,45.49083],[18.98032400000011,45.378624],[19.138611,45.2875],[19.260521,45.247429],[19.418331,45.234718],[19.423885,45.22583],[19.422775,45.179993],[19.41111,45.174995],[19.261665,45.180275],[19.21833,45.208332],[19.163609,45.212219],[19.104164,45.09666],[19.115555,45.031944],[19.05083100000013,44.928055],[19.0325,44.93083200000012],[19.004444,44.904442],[19.039719,44.86138],[18.957222,44.85305],[18.849998,44.860832],[18.794167,44.894997],[18.768055,44.915833],[18.761108,44.938889],[18.797775000000115,44.94221],[18.794167,44.99721],[18.634163,45.083328],[18.25194,45.138885],[18.216663,45.12971],[18.218052,45.095276],[18.197498,45.0816650000001],[18.119999,45.083328],[18.070274,45.104439],[17.93305,45.08027600000014],[17.851944,45.04943800000012],[17.689999,45.12277],[17.596386,45.108887],[17.48389,45.111107],[17.48111,45.13110400000011],[17.2825,45.176384],[17.24055,45.148605],[17.177219,45.148605],[17.07111,45.188332000000116],[17.043610000000115,45.206108],[17.036388000000102,45.227219],[16.913925,45.26594],[16.845989,45.194435],[16.82444,45.187492],[16.682777,45.20499400000011],[16.60195,45.230194],[16.526386,45.224442],[16.417805,45.12426],[16.35702,45.00849900000014],[16.291759,44.999115],[16.209721,45.034439],[16.015274,45.21833],[15.8825,45.2225],[15.834166,45.21194],[15.786665,45.171944],[15.76472,45.07361],[15.769165,44.92277],[15.736944000000108,44.812492],[15.7675,44.776108],[15.854721,44.71444],[15.92861,44.71221900000012],[15.956944000000135,44.69999700000011],[16.03333,44.574165],[16.07416,44.530548000000124],[16.126389,44.498604000000114],[16.198055,44.353607000000125],[16.14305,44.19944],[16.265,44.189438],[16.309444,44.148605],[16.32972,44.104164],[16.35472,44.08166],[16.438889,44.031944],[16.53722,44.013611],[16.650276000000133,43.908051000000114],[16.711941,43.82638500000013],[16.97639,43.586105],[17.098331000000144,43.51361],[17.261665000000107,43.459717000000126],[17.271942,43.444443],[17.25611,43.414444],[17.298054,43.28083],[17.43472,43.179443000000106],[17.63028,43.07694],[17.664719,43.02916],[17.683609000000104,42.967216],[17.578526,42.94382],[17.533054,42.947495],[17.47361,42.98749500000014],[17.470554,43.017776],[17.454998000000103,43.033333],[17.33027600000014,43.11444100000011],[17.25166,43.15416],[17.178886,43.173332],[17.073055000000124,43.23389],[17.040833,43.276382],[16.88444,43.403053],[16.764164,43.411385],[16.64,43.44028],[16.499165,43.503052],[16.465275000000133,43.53889],[16.427776,43.546104],[16.310276,43.543053],[16.190552,43.511665],[16.169998,43.488052],[16.116108,43.476662],[16.034443000000124,43.482498000000135],[15.988333,43.50444],[15.91555,43.571388],[15.917221,43.630554],[15.96917,43.63361],[15.940832,43.683609000000104],[15.783333,43.756660000000124],[15.688889,43.77888],[15.530832,43.89277600000014],[15.451944,43.925552],[15.151667,44.196388],[15.157914,44.22119],[15.113888,44.263885],[15.123888,44.28083],[15.14333,44.282219],[15.174534,44.24612000000013],[15.203888,44.25499700000012],[15.18878,44.285294],[15.213116,44.29242],[15.289444,44.24721],[15.28,44.30583],[15.261788,44.32447100000013],[15.268910000000119,44.330406],[15.414444,44.25999500000012],[15.50611,44.25416600000011],[15.529722,44.263054],[15.520555,44.274437],[15.44611,44.28388],[15.27667,44.364441],[15.095833,44.51805100000013],[15.000832,44.56860400000011],[14.896111000000133,44.69194],[14.879166,44.851662],[14.911388000000102,44.91499],[14.920832,44.966942],[14.839443,45.114166],[14.732222,45.14444],[14.482777,45.311104],[14.324999,45.353333],[14.282776,45.30805],[14.23,45.142494],[14.176388,45.085548],[14.15416,45.079994],[14.16694,44.981384],[14.145832,44.961662],[14.0875,44.961388],[13.997499,44.89638500000012],[13.975277,44.844994],[13.974998,44.825272],[13.995554,44.808052],[13.907221000000106,44.770828],[13.813055,44.865829],[13.82944300000014,44.866104],[13.841665,44.883331],[13.68111,45.051384],[13.60305,45.157776],[13.594444,45.254166],[13.496387,45.49083],[13.51111,45.506386],[13.647778,45.45111],[13.703609000000142,45.44416],[13.98139,45.45888500000012],[13.995832,45.471939],[14.3975,45.486938],[14.485832,45.529716],[14.564999,45.664993],[14.60139,45.675278],[14.61167,45.669167],[14.609722,45.62693800000011],[14.62611,45.606941],[14.818054000000132,45.46611],[14.907776,45.476662],[14.918644,45.493149],[14.9790670000001,45.500473],[15.090555,45.47277100000014],[15.174458,45.425819],[15.277222,45.462776],[15.306358,45.534805],[15.294,45.594536],[15.307089000000133,45.6298680000001],[15.352591,45.651756],[15.368055,45.702774],[15.34833,45.715553],[15.30416,45.706383],[15.302776,45.69083],[15.28972,45.689163],[15.281666,45.705826000000116],[15.309166,45.751938],[15.49944,45.835831],[15.60944,45.84861000000012],[15.650833,45.823051],[15.697777,45.84416],[15.72444,45.93860600000011],[15.718332,46.0472180000001],[15.629444,46.086937],[15.599722,46.142494],[15.65472,46.219444],[15.797777,46.23333],[16.01722,46.29805],[16.083332,46.33416],[16.07592,46.384331],[16.139999,46.40666],[16.266109000000142,46.419441],[16.24944,46.49027],[16.292507000000114,46.53081500000013],[16.38416,46.53583],[16.461388,46.52166],[16.556412,46.47890500000011],[16.5725,46.475273]]]]}},{"type":"Feature","properties":{"id":"HU","iso2":"HU","name":"Hungary","level":"country","population":9600000,"gdp_per_capita_ppp":42000,"seats_lower":199},"geometry":{"type":"Polygon","coordinates":[[[18.81702,45.912964],[18.779999,45.894722],[18.715553,45.913605],[18.622219,45.856941],[18.559444,45.801666],[18.424164,45.749161],[18.26083,45.762497],[18.220833,45.781105],[18.153332,45.787216],[17.880833,45.783882],[17.669441,45.834999],[17.657219,45.840828],[17.640274,45.893051],[17.576664,45.940552],[17.458611,45.954437],[17.427776,45.952499],[17.434719,45.93972],[17.423332,45.934441],[17.389442,45.938049],[17.311386,45.975273],[17.256943,46.01722],[17.239441,46.083611],[17.157497,46.177773],[16.937771,46.249451],[16.889999,46.284996],[16.866108,46.355827],[16.66111,46.465553],[16.532497,46.507774],[16.408607,46.658882],[16.375328,46.722771],[16.359444,46.718887],[16.324165,46.757217],[16.313889,46.793884],[16.337219,46.809166],[16.346107,46.846939],[16.269722,46.874443],[16.145554,46.85833],[16.111805,46.86972],[16.253609,46.958328],[16.302776,47.011383],[16.510555,47.00666],[16.505554,47.114998],[16.452499,47.148888],[16.420555,47.20916],[16.491665,47.279999],[16.456387,47.368889],[16.451942,47.415276],[16.592499,47.425278],[16.655205,47.458153],[16.713886,47.543884],[16.645275,47.631943],[16.590832,47.629166],[16.429443,47.666107],[16.450554,47.698051],[16.555832,47.756104],[16.635555,47.760277],[16.723331,47.730553],[16.734444,47.703331],[16.761944,47.685272],[17.053886,47.709442],[17.071663,47.728607],[17.054996,47.799721],[17.060555,47.876938],[17.108055,47.971382],[17.176388,48.01944],[17.236664,48.025833],[17.273331,48.001663],[17.340553,47.997498],[17.466389,47.888329],[17.784409,47.746803],[17.896942,47.747551],[17.976109,47.763611],[18.297222,47.737221],[18.451664,47.767776],[18.67083,47.760826],[18.749729,47.813156],[18.84972,47.817772],[18.853611,47.833054],[18.766941,47.877777],[18.758888,47.907494],[18.771664,47.965553],[18.849098,48.051064],[19.041714,48.070641],[19.208336,48.059448],[19.472218,48.087219],[19.524166,48.205826],[19.630554,48.233887],[19.783607,48.201111],[19.788887,48.181664],[19.90361,48.131943],[19.937775,48.135277],[20.004997,48.172775],[20.05933,48.176308],[20.235554,48.274994],[20.280277,48.254166],[20.299721,48.258606],[20.366943,48.308884],[20.400555,48.355553],[20.416386,48.405273],[20.443607,48.442215],[20.499443,48.483059],[20.500832,48.50444],[20.539719,48.536942],[20.660553,48.563332],[20.818607,48.576385],[20.955276,48.522499],[21.153332,48.511108],[21.253887,48.522217],[21.308712,48.54805],[21.442776,48.575272],[21.614166,48.498329],[21.628052,48.44944],[21.712776,48.361382],[21.777496,48.340828],[21.824165,48.340271],[21.853054,48.363052],[21.935833,48.379166],[22.029442,48.387497],[22.101665,48.37722],[22.151442,48.411919],[22.217216,48.418602],[22.268887,48.407211],[22.270275,48.359993],[22.378609,48.245544],[22.504444,48.24749],[22.574718,48.18721],[22.602497,48.115829],[22.621151,48.101639],[22.670551,48.092216],[22.788052,48.117767],[22.84444,48.084717],[22.886108,48.040276],[22.859165,47.993889],[22.894804,47.95454],[22.774441,47.836388],[22.65361,47.776382],[22.557499,47.766106],[22.454441,47.796387],[22.276943,47.728607],[22.224163,47.677773],[22.191944,47.630829],[22.186386,47.59861],[22.118008,47.57811],[22.015274,47.514442],[22.006664,47.484161],[22.021942,47.445274],[22.00972,47.380829],[21.922497,47.354439],[21.869164,47.293327],[21.841663,47.234718],[21.84861,47.191666],[21.790833,47.120277],[21.709999,47.07972],[21.651108,47.029716],[21.695831,47.000832],[21.613331,46.884163],[21.519722,46.815277],[21.488052,46.752777],[21.528053,46.729996],[21.526943,46.718605],[21.489407,46.684532],[21.449997,46.685272],[21.326664,46.619995],[21.29361,46.532494],[21.288887,46.460548],[21.19722,46.391388],[21.176666,46.295555],[21.08083,46.246941],[21.053608,46.238884],[20.82972,46.277222],[20.75333,46.238884],[20.720554,46.191666],[20.720554,46.16555],[20.624722,46.130272],[20.563332,46.164993],[20.48695,46.181107],[20.276665,46.144722],[20.261024,46.114853],[20.200832,46.151382],[20.112221,46.167496],[19.961109,46.17083],[19.842499,46.149162],[19.672775,46.180832],[19.570553,46.173607],[19.50861,46.143883],[19.517498,46.116661],[19.460552,46.074165],[19.286388,45.989441],[19.155277,45.987221],[19.130554,46.019997],[19.096386,46.024437],[18.995552,45.952499],[18.835831,45.91111],[18.81702,45.912964]]]}},{"type":"Feature","properties":{"id":"IS","iso2":"IS","name":"Iceland","level":"country","population":390000,"gdp_per_capita_ppp":74000,"seats_lower":63},"geometry":{"type":"Polygon","coordinates":[[[-15.070835,66.1436],[-15.14889,66.136108],[-15.176945,66.108047],[-15.011391,66.049988],[-14.826668,66.045547],[-14.730556,66.066101],[-14.663057,66.04361],[-14.618891,65.994431],[-14.605278,65.948883],[-14.622223,65.911102],[-14.653057,65.883041],[-14.726946,65.849152],[-14.801111,65.829437],[-14.865557,65.755829],[-14.848333,65.731384],[-14.81778,65.721375],[-14.418056,65.787216],[-14.336668,65.783051],[-14.313057,65.669708],[-14.539446,65.535263],[-14.563612,65.494995],[-14.332779,65.640823],[-14.283611,65.656387],[-14.0,65.598877],[-13.86389,65.611374],[-13.680557,65.54805],[-13.611389,65.509995],[-13.609724,65.484985],[-13.636946,65.424713],[-13.739445,65.314438],[-13.660557,65.301102],[-13.570278,65.25943],[-13.660002,65.214432],[-14.034723,65.193054],[-13.622223,65.19249],[-13.636946,65.157776],[-13.591667,65.122772],[-13.517502,65.112213],[-13.499445,65.069153],[-13.593613,65.001389],[-13.659168,64.983322],[-13.77639,64.992989],[-13.853056,65.034439],[-13.988056,65.063889],[-14.006945,65.017776],[-13.707779,64.93277],[-13.700834,64.91832],[-13.81389,64.910828],[-14.051668,64.930542],[-14.004723,64.908875],[-13.846945,64.899719],[-13.770834,64.868042],[-13.772501,64.85083],[-13.871113,64.799164],[-14.041389,64.785828],[-14.038889,64.771942],[-13.989723,64.742493],[-14.018057,64.723602],[-14.242779,64.688889],[-14.32689,64.713989],[-14.432501,64.78833],[-14.511112,64.797485],[-14.454445,64.775833],[-14.387779,64.722488],[-14.365945,64.674103],[-14.367946,64.659767],[-14.429146,64.607285],[-14.584167,64.586655],[-14.570557,64.566101],[-14.529167,64.551102],[-14.480112,64.539658],[-14.459946,64.546989],[-14.472778,64.505829],[-14.539167,64.406097],[-14.595835,64.398331],[-14.710001,64.407776],[-14.871668,64.339996],[-14.89139,64.301666],[-14.877501,64.280823],[-14.960556,64.253601],[-15.093889,64.295273],[-15.220278,64.298599],[-15.383335,64.371933],[-15.36639,64.33194],[-15.388613,64.275269],[-15.49889,64.241943],[-15.707779,64.214432],[-16.015556,64.133331],[-16.041115,64.101105],[-16.17778,64.038055],[-16.339169,63.986107],[-16.434448,63.918053],[-16.488613,63.895828],[-16.805279,63.826385],[-16.966667,63.917221],[-17.009724,63.859993],[-17.010559,63.815826],[-17.023335,63.793884],[-17.243792,63.798992],[-17.722504,63.713333],[-17.869724,63.731941],[-17.973335,63.66861],[-17.965279,63.622215],[-17.944447,63.608055],[-17.860558,63.602493],[-17.933334,63.528328],[-18.148056,63.473053],[-18.710003,63.391106],[-18.775002,63.391388],[-19.275837,63.433327],[-19.841667,63.544441],[-20.110001,63.533333],[-20.196945,63.542496],[-20.501114,63.667496],[-20.541168,63.707108],[-20.543056,63.745552],[-20.477222,63.768051],[-20.412224,63.762215],[-20.310837,63.729721],[-20.361946,63.761665],[-20.443336,63.783333],[-20.561111,63.751106],[-20.583946,63.740105],[-20.585279,63.718937],[-20.650837,63.728882],[-20.731279,63.760384],[-20.601788,63.765297],[-20.673889,63.847221],[-20.75528,63.805107],[-20.84639,63.79055],[-20.947781,63.823051],[-21.075001,63.841942],[-21.179726,63.877777],[-21.188614,63.929161],[-21.110836,63.929161],[-21.050835,63.937218],[-21.053612,63.945],[-21.186668,63.954994],[-21.257504,63.943329],[-21.300282,63.918053],[-21.319447,63.887497],[-21.369167,63.867493],[-21.618893,63.823883],[-21.70417,63.844444],[-21.854168,63.852776],[-22.142223,63.834717],[-22.326115,63.86055],[-22.675835,63.803604],[-22.71917,63.825554],[-22.740002,63.982773],[-22.725559,64.063889],[-22.703335,64.080826],[-22.661114,64.078323],[-22.589725,64.044434],[-22.523056,63.97805],[-22.395557,63.974998],[-22.3675,64.012207],[-22.257225,64.02916],[-22.194447,64.016937],[-22.045559,64.046661],[-21.969448,64.068329],[-21.914722,64.106934],[-21.974445,64.145828],[-21.973335,64.156937],[-21.821945,64.154434],[-21.699448,64.178879],[-21.807781,64.232498],[-21.880001,64.232208],[-21.835835,64.283875],[-21.759167,64.340271],[-21.583057,64.382492],[-21.566669,64.365265],[-21.488892,64.361938],[-21.36278,64.384987],[-21.67778,64.401108],[-21.75,64.380264],[-21.809723,64.338882],[-21.938614,64.304443],[-22.022503,64.295822],[-22.102501,64.314438],[-21.978889,64.500824],[-21.702225,64.608047],[-21.651669,64.608322],[-21.644312,64.587578],[-21.60854,64.588737],[-21.583529,64.570999],[-21.496862,64.566055],[-21.567533,64.57711],[-21.579166,64.606773],[-21.680279,64.617767],[-21.610001,64.6436],[-21.508057,64.645554],[-21.613892,64.650269],[-21.701115,64.627777],[-21.952503,64.551666],[-22.028614,64.521103],[-22.087502,64.468597],[-22.170834,64.453888],[-22.355003,64.561096],[-22.410004,64.650833],[-22.299725,64.704437],[-22.323059,64.756104],[-22.407223,64.812485],[-23.043335,64.794708],[-23.165558,64.800827],[-23.282501,64.826111],[-23.392223,64.823044],[-23.527225,64.811096],[-23.630836,64.771652],[-23.632778,64.752213],[-23.663612,64.737778],[-23.840279,64.726105],[-23.908337,64.741379],[-23.945004,64.764709],[-24.050835,64.856934],[-24.059532,64.890884],[-23.833889,64.927216],[-23.649445,64.892212],[-23.550282,64.917221],[-23.503891,64.94693],[-23.23917,64.990555],[-23.190002,65.015823],[-22.9575,65.002487],[-22.61639,65.021103],[-22.529446,65.050827],[-22.355278,65.059433],[-22.146667,65.026657],[-21.835835,65.030273],[-21.800003,65.060272],[-21.727222,65.160828],[-21.742226,65.201935],[-21.822781,65.199707],[-21.836113,65.174164],[-21.913334,65.142212],[-22.070557,65.104721],[-22.540836,65.156937],[-22.56139,65.171097],[-22.505001,65.228882],[-22.353615,65.289154],[-22.160278,65.32666],[-21.919445,65.413605],[-21.786667,65.423874],[-21.698612,65.449158],[-21.814724,65.433609],[-21.938614,65.463043],[-21.993057,65.501099],[-22.114723,65.483322],[-22.213337,65.425552],[-22.287781,65.441376],[-22.334057,65.478386],[-22.332224,65.489548],[-22.267557,65.500214],[-22.159168,65.541656],[-22.108612,65.594986],[-22.259445,65.525833],[-22.473614,65.504715],[-22.573891,65.531097],[-22.678059,65.526657],[-22.725559,65.498886],[-22.78278,65.503876],[-22.853889,65.554993],[-22.912502,65.564713],[-23.017223,65.539444],[-23.15028,65.547775],[-23.229168,65.482773],[-23.375244,65.491379],[-23.623337,65.464432],[-23.722778,65.417221],[-23.879448,65.402496],[-23.976391,65.413055],[-24.015835,65.469986],[-24.183334,65.496384],[-24.46278,65.482773],[-24.542225,65.497772],[-24.376114,65.559433],[-24.366947,65.584442],[-24.375,65.602768],[-24.31778,65.637497],[-24.150002,65.606659],[-23.892223,65.518051],[-23.805557,65.530548],[-23.912781,65.553055],[-24.06778,65.628876],[-24.083614,65.647217],[-24.075279,65.64888],[-23.960835,65.642212],[-23.803337,65.607773],[-23.916946,65.655823],[-24.059448,65.690277],[-24.121391,65.742493],[-24.133057,65.782776],[-24.105835,65.806656],[-23.620003,65.699997],[-23.527225,65.627777],[-23.343613,65.666107],[-23.452778,65.672485],[-23.513613,65.696053],[-23.537224,65.719437],[-23.226391,65.741653],[-23.192223,65.775833],[-23.205559,65.77916],[-23.307503,65.758881],[-23.53167,65.750824],[-23.743614,65.776108],[-23.837223,65.826935],[-23.873058,65.866653],[-23.84528,65.910263],[-23.793335,65.919434],[-23.213337,65.837494],[-23.585556,65.905273],[-23.746391,65.96666],[-23.816113,66.00943],[-23.800835,66.056656],[-23.767223,66.070541],[-23.530445,66.029663],[-23.371113,65.986664],[-23.425556,66.032211],[-23.537058,66.058655],[-23.665558,66.111099],[-23.579445,66.161377],[-23.473614,66.199158],[-23.273056,66.174988],[-23.031391,66.10527],[-22.981392,66.078598],[-22.978889,66.034439],[-22.809723,65.994156],[-22.756947,66.056656],[-22.67778,66.044998],[-22.616112,66.011932],[-22.576668,65.963333],[-22.59639,65.913605],[-22.656391,65.839157],[-22.652779,65.827499],[-22.634445,65.834152],[-22.532223,65.958328],[-22.499725,65.96611],[-22.42028,65.920822],[-22.431667,65.875549],[-22.467781,65.834152],[-22.435558,65.838882],[-22.394726,65.886932],[-22.388336,65.926941],[-22.409447,65.986374],[-22.5,66.076965],[-22.608891,66.111099],[-22.841667,66.147491],[-22.911945,66.173599],[-22.972225,66.221375],[-22.801392,66.261383],[-22.548058,66.229996],[-22.43417,66.267776],[-22.546947,66.2686],[-22.832779,66.323608],[-22.938335,66.298599],[-23.073334,66.309998],[-23.175282,66.34082],[-23.190174,66.355904],[-23.132225,66.358597],[-23.057503,66.392487],[-23.078335,66.436661],[-22.886948,66.466385],[-22.738056,66.438599],[-22.421669,66.433319],[-22.258335,66.340271],[-22.202503,66.271942],[-21.969723,66.272766],[-21.766392,66.185822],[-21.644169,66.066666],[-21.637222,66.050552],[-21.65139,66.018875],[-21.618614,66.060547],[-21.510559,66.061386],[-21.399445,66.027222],[-21.392502,65.983047],[-21.603058,65.953323],[-21.585281,65.94194],[-21.39278,65.960266],[-21.288612,65.925278],[-21.278336,65.85611],[-21.33778,65.733322],[-21.437778,65.688049],[-21.589169,65.688049],[-21.662502,65.742218],[-21.67028,65.760544],[-21.724167,65.773041],[-21.777779,65.765823],[-21.648335,65.651108],[-21.58667,65.636658],[-21.421391,65.63472],[-21.308891,65.596939],[-21.295559,65.573608],[-21.30278,65.530823],[-21.283337,65.479431],[-21.200558,65.43277],[-21.187778,65.340271],[-21.084446,65.159164],[-21.066669,65.186096],[-21.086113,65.231659],[-21.094723,65.452499],[-20.977501,65.430832],[-20.988613,65.468323],[-20.982224,65.519989],[-20.927223,65.588882],[-20.664169,65.690826],[-20.62278,65.66777],[-20.644169,65.54332],[-20.501114,65.488602],[-20.446667,65.494995],[-20.325558,65.628601],[-20.263058,65.723602],[-20.310837,65.860275],[-20.398891,65.953598],[-20.424446,66.083054],[-20.179169,66.12944],[-20.090557,66.121658],[-19.921947,65.936661],[-19.847225,65.89888],[-19.743057,65.884155],[-19.700279,65.861938],[-19.635559,65.746933],[-19.451668,65.72583],[-19.422779,65.736099],[-19.390003,65.832764],[-19.450558,65.922211],[-19.485001,65.940552],[-19.453056,66.056381],[-19.380001,66.082214],[-19.231113,66.091385],[-19.079723,66.077499],[-19.090279,66.133331],[-19.064724,66.162491],[-18.857224,66.201111],[-18.784168,66.191101],[-18.683056,66.164719],[-18.548058,66.081665],[-18.519169,66.024155],[-18.540001,65.984711],[-18.536114,65.969711],[-18.335556,65.943054],[-18.283337,65.9086],[-18.206669,65.821106],[-18.180557,65.736099],[-18.069447,65.643326],[-18.046669,65.664154],[-18.0625,65.824432],[-18.101112,65.893326],[-18.145,65.922775],[-18.183334,65.910553],[-18.221111,65.929153],[-18.293056,66.012207],[-18.317501,66.060822],[-18.333057,66.147766],[-18.299446,66.174713],[-18.254448,66.179993],[-17.912781,66.145554],[-17.752781,66.080276],[-17.609169,65.987488],[-17.419445,65.984436],[-17.341667,66.101379],[-17.265556,66.166931],[-17.222225,66.194443],[-17.131111,66.210541],[-17.037224,66.207764],[-16.968891,66.185547],[-16.910004,66.12471],[-16.736946,66.114716],[-16.594723,66.09111],[-16.656391,66.125824],[-16.688614,66.159439],[-16.508892,66.198318],[-16.43639,66.236099],[-16.416946,66.270828],[-16.577225,66.474991],[-16.555557,66.500824],[-16.527779,66.508041],[-16.24139,66.511658],[-16.178059,66.534439],[-16.021946,66.536102],[-15.894167,66.487488],[-15.854168,66.416931],[-15.709723,66.397217],[-15.681946,66.341385],[-15.749723,66.292221],[-15.691389,66.224152],[-15.558889,66.216385],[-15.381945,66.142776],[-15.340557,66.175552],[-15.327778,66.214722],[-15.212502,66.26416],[-15.099445,66.278885],[-14.943611,66.378876],[-14.855835,66.389709],[-14.710835,66.367218],[-14.710835,66.347763],[-15.006668,66.274719],[-15.010834,66.267487],[-14.948612,66.233322],[-14.935556,66.20694],[-14.962778,66.177765],[-15.023056,66.155548],[-15.070835,66.1436]]]}},{"type":"Feature","properties":{"id":"IT","iso2":"IT","name":"Italy","level":"country","population":58900000,"gdp_per_capita_ppp":50000,"seats_lower":400},"geometry":{"type":"MultiPolygon","coordinates":[[[[12.127777,47.00166300000012],[12.160276000000124,46.92805],[12.301666,46.84111],[12.378611,46.72666],[12.440554,46.69082600000013],[12.554443,46.661659],[12.692499,46.659721000000104],[12.73860900000011,46.640274],[12.768888,46.650833],[12.827499,46.630272000000105],[13.2575,46.56194],[13.551943,46.55666],[13.718655,46.526611000000116],[13.689444,46.447495],[13.657776,46.449715],[13.511389,46.38472000000013],[13.44083,46.346382],[13.383888,46.293053],[13.416111,46.21333],[13.485832,46.232498],[13.669167,46.177498],[13.645832,46.142494],[13.538887000000102,46.07944],[13.480000000000132,46.01111],[13.5425,45.967499],[13.584721,45.992493],[13.632221,45.991104],[13.633888000000127,45.94360400000011],[13.577776,45.854164],[13.598055,45.810829000000126],[13.788887,45.7544400000001],[13.919167,45.637497],[13.850832,45.585274],[13.716944,45.596107],[13.785000000000139,45.601105],[13.804722,45.613609],[13.73722,45.69305400000013],[13.627777,45.77083],[13.549999,45.787216],[13.524443000000133,45.763611],[13.529165,45.724716],[13.433611,45.67833],[13.392221,45.672493],[13.376665000000116,45.679993],[13.426943000000108,45.696663000000115],[13.411110000000122,45.724442000000124],[13.193333,45.778053],[13.114443,45.765549000000135],[13.072222,45.717773],[13.096109,45.651665],[13.086111,45.635551],[12.922499,45.618332],[12.617222,45.494438],[12.420555,45.431107],[12.415277000000117,45.44694],[12.448055,45.48360400000013],[12.502222,45.503052],[12.492777,45.486938],[12.522499,45.4897160000001],[12.581388,45.54666],[12.48,45.565826],[12.292776,45.478607],[12.158333,45.313889],[12.16111,45.263885],[12.361944,45.056107],[12.48444,44.98583],[12.51861,44.98389],[12.539165,44.961105],[12.481388,44.85416],[12.446249,44.815742],[12.426388,44.851662],[12.440554,44.894997],[12.41194,44.899437],[12.389166000000102,44.86972],[12.396944,44.79138200000011],[12.356110000000115,44.80389],[12.30722,44.842216],[12.28555,44.84083],[12.245554,44.7158280000001],[12.28,44.47610500000013],[12.368332,44.246666],[12.44639,44.16777],[12.681665000000123,43.99110400000012],[12.815554,43.964439],[12.903055,43.924721],[13.302500000000123,43.67139],[13.468054,43.610275000000115],[13.546665,43.604721],[13.621666,43.553886],[13.6275,43.491104],[13.71167,43.350555],[13.84805,43.078331],[13.876389,42.95555100000013],[13.939722,42.80360400000012],[14.016666,42.669998000000135],[14.130554,42.541107],[14.199999,42.482498000000135],[14.50417,42.261383],[14.569721,42.216942],[14.715555,42.17194],[14.720554000000106,42.107498000000135],[14.739721,42.08554800000013],[14.88889,42.02166000000011],[14.996387,42.0044400000001],[15.06972,41.94861],[15.170832,41.92333200000013],[15.413055,41.903885],[15.6,41.92360700000012],[15.770555,41.917221],[16.018055,41.94722],[16.14194,41.914162],[16.19611,41.823883],[16.189999000000114,41.781105],[16.030552,41.676941],[15.9,41.616386],[15.895555000000115,41.536942],[15.93249900000012,41.47805],[16.03305,41.418884],[16.657776,41.191383],[17.04972,41.08194],[17.17972200000014,41.031387],[17.29277,40.96666],[17.475277,40.827774],[17.937222,40.67860400000012],[18.011665,40.64444],[18.039719,40.553604],[18.274719,40.410828],[18.426109,40.287216],[18.51222,40.13666500000011],[18.514999,40.10721600000011],[18.479721,40.045273],[18.44028,40.026382],[18.417774,39.992218],[18.395,39.9138870000001],[18.390831,39.814438],[18.349442,39.79193900000013],[18.303055,39.820831],[18.19944,39.837494000000106],[18.15583,39.856667],[18.04389,39.93361],[17.99472,39.994164],[18.022221000000116,40.01361],[18.015,40.097771],[17.90639,40.254997],[17.859165,40.283607],[17.67889,40.30389],[17.509441,40.296944],[17.392776,40.330551],[17.2025,40.41027100000014],[17.268055,40.47333],[17.317497,40.474716],[17.32611100000014,40.49139],[17.315552,40.497498],[17.07888800000012,40.521111],[16.998333,40.498886],[16.924999,40.455551],[16.785553,40.304161],[16.738609,40.208611],[16.695274,40.152771],[16.607777,40.087219],[16.59916,40.04555],[16.61138,39.991104],[16.563332,39.898048],[16.498055,39.820831],[16.486664,39.76749400000011],[16.5430530000001,39.65028],[16.626389,39.622772],[16.741386,39.617218],[16.963055,39.492775],[17.03416,39.46611000000013],[17.151108000000136,39.389999],[17.116943,39.318886000000134],[17.10889,39.263054],[17.117222,39.09499],[17.166664,39.03388200000012],[17.169167,38.96333],[17.103611,38.895271],[17.091389,38.914719],[16.973331,38.939438],[16.929443,38.93583],[16.828331,38.91555],[16.594997,38.80082700000014],[16.531944,38.703331],[16.575,38.520271],[16.571388000000127,38.431389],[16.470554000000106,38.346382],[16.32694,38.296104],[16.1655540000001,38.13916],[16.133331000000112,38.015274],[16.06889,37.92832900000013],[15.77583,37.916939],[15.72028,37.93110700000011],[15.66889,37.95638300000013],[15.63166600000011,38.011665],[15.645277,38.063049],[15.628887,38.228607],[15.796389,38.28249],[15.906111,38.472771],[15.925278,38.54138200000011],[15.876944,38.59333],[15.8283330000001,38.62055],[15.832777,38.63916],[15.856388,38.66249800000014],[15.98639,38.722496],[16.10416,38.71083],[16.178608,38.744995],[16.2175,38.82972000000012],[16.2225,38.91083],[16.216389,38.926941],[16.15194300000013,38.951111],[16.101109,39.019440000000145],[16.064163,39.12916600000011],[16.034443000000124,39.344994],[15.977777,39.454994],[15.903889,39.533882],[15.806944,39.680832],[15.783054,39.866661],[15.728888,39.95694],[15.660831,40.035271],[15.611944,40.069443],[15.519722,40.073326],[15.416943,39.990273],[15.359722,39.997772],[15.128887000000134,40.165833000000134],[15.012499000000105,40.19555],[14.941944,40.23416],[14.927221,40.27111100000013],[14.964167,40.341385],[14.98972,40.35833],[14.990555,40.399162],[14.903889000000106,40.551666000000125],[14.831944,40.6311],[14.77694300000013,40.672218],[14.74472,40.676384],[14.687167,40.639336],[14.62861,40.64944],[14.575528,40.611755],[14.455353,40.617008],[14.327296,40.57301],[14.339117,40.61832],[14.384722,40.633606],[14.475555,40.70082900000011],[14.458055,40.74277500000011],[14.2666660000001,40.84166],[14.210554,40.811943],[14.16694,40.806938],[14.073889,40.82194],[13.99444,40.956108],[13.9,41.078049000000135],[13.802221,41.189720000000136],[13.71305500000011,41.251389],[13.641109,41.259995],[13.564999,41.237221],[13.294167,41.295555],[13.21111100000013,41.282494],[13.108889,41.237778000000105],[13.031944,41.255272],[12.98389,41.32249500000012],[12.892221,41.39555400000012],[12.67166,41.45916],[12.646387000000118,41.456383],[12.576111,41.50722],[12.45194400000014,41.62416100000013],[12.217222,41.782494],[12.17583,41.871109],[12.116943000000106,41.927498],[11.91944,42.033882],[11.82833,42.029442],[11.745832,42.1325],[11.703888,42.224442000000124],[11.623055,42.301666000000125],[11.37472,42.405],[11.206944,42.413605],[11.202221,42.387215],[11.178333,42.363327],[11.09889,42.393051],[11.083332,42.42889],[11.105276,42.44472],[11.168333,42.44749],[11.189722,42.506386],[11.181665,42.52722200000011],[11.08027600000014,42.63222],[10.973888000000102,42.71888700000011],[10.764444,42.82471],[10.779444,42.887497],[10.767776,42.910553],[10.68778,42.944717],[10.58888800000011,42.9575],[10.531387000000109,43.04471600000011],[10.542500000000132,43.154442],[10.51444400000014,43.265831],[10.38361,43.441109],[10.323055,43.475273],[10.29555,43.54055000000011],[10.26861,43.79249600000014],[10.239166000000125,43.874443],[10.179443000000106,43.944717],[10.068609,44.029999],[9.714996,44.1147160000001],[9.332777000000135,44.31166],[9.23361,44.346382],[8.748888000000136,44.429161000000136],[8.498888,44.324715],[8.44944,44.287773],[8.415277,44.190277],[8.267776,44.136108],[8.158054,43.994438000000116],[8.1655540000001,43.955276],[8.06778,43.89305],[7.94889,43.846382],[7.77277800000013,43.815277],[7.675278,43.779716],[7.592222,43.791664],[7.531935,43.78204],[7.493333,43.862221],[7.495,43.88166],[7.657222,44.005272],[7.70833,44.07944],[7.709045000000117,44.09130900000014],[7.658333,44.137215],[7.66222,44.17083000000014],[7.61472,44.180275],[7.418888,44.125549],[7.348332,44.131943],[7.031388,44.246941],[6.878888,44.373604],[6.852777,44.540833],[7.02833,44.74472],[7.031666,44.83138300000013],[6.948333,44.869995],[6.904444,44.859161],[6.85777800000011,44.866661000000136],[6.746944,44.91944],[6.61976,45.110138],[6.675833,45.143883],[6.760833,45.168327],[6.826944,45.149719],[7.064722,45.223053],[7.127777,45.25777],[7.15861,45.377495],[7.146944,45.43055],[7.089159,45.47686],[6.99944,45.518326000000116],[6.969444,45.596939],[6.809722000000136,45.72777600000012],[6.79972,45.796661],[6.81861,45.839165],[6.973055,45.868889],[7.03805,45.931938000000116],[7.099444,45.883606],[7.188611,45.879166],[7.295555,45.92305],[7.3933320000001,45.916107000000125],[7.536666000000139,45.98166700000013],[7.647499,45.98111],[7.743333,45.93222],[7.855742,45.919052],[7.88194,45.977776],[7.911111,45.994164000000126],[8.00861,46.00833100000011],[8.148888000000113,46.14944],[8.159443,46.180832],[8.139999,46.22610500000013],[8.30278,46.422493000000145],[8.365276,46.45361],[8.436388,46.463333],[8.459999,46.45221700000013],[8.46611,46.37722],[8.434166,46.29111],[8.445555,46.245827],[8.617777,46.1202770000001],[8.70111,46.10083],[8.747221,46.121109],[8.826111,46.09666],[8.85333,46.061104000000114],[8.816944,46.03166],[8.813055,45.988609],[8.895555,45.955826],[8.95111100000014,45.845276000000126],[8.998333,45.82944],[9.03666,45.837776],[9.085554,45.901939],[9.066666000000112,45.92416400000013],[9.025,45.935829],[8.998055,45.976944],[9.035831,46.05722],[9.083332,46.121109],[9.189444,46.186661],[9.238609,46.2305530000001],[9.276667,46.29249600000014],[9.296944,46.35305],[9.282221,46.419998000000135],[9.253054000000134,46.433327],[9.249722000000133,46.448051],[9.296944,46.503883],[9.37278,46.5075],[9.455,46.472496],[9.45666,46.387772],[9.5425,46.306938000000116],[9.624722000000133,46.291939],[9.708332,46.298332],[9.81305,46.35833],[9.904999,46.383049],[9.943888,46.37999700000012],[9.991943000000106,46.357773],[9.981943000000115,46.33472],[9.994999,46.291664],[10.063055,46.22277100000014],[10.129999,46.227219000000105],[10.17722,46.272499],[10.153889,46.390274],[10.046665,46.445831],[10.050278,46.53999],[10.11916,46.61138],[10.233332,46.639999],[10.253611,46.622215],[10.247499,46.583885],[10.305555,46.55389],[10.465277,46.54639],[10.486387,46.619438],[10.470833,46.635826],[10.447498,46.763054000000125],[10.471235,46.871353],[10.49778,46.85527000000013],[10.560833,46.84861],[10.679443,46.874718],[10.758055,46.838882],[10.791666,46.801384],[10.83417,46.786942],[10.887777,46.771111],[11.014721,46.7725],[11.072498,46.824997],[11.09805,46.885277],[11.096666,46.91249800000014],[11.186388,46.97028],[11.483889,47.01416],[11.62861,47.012497],[11.755833,46.977493],[12.189165000000116,47.09472],[12.22611,47.086662],[12.230833,47.07222],[12.19861,47.03388200000012],[12.127222,47.00972],[12.127777,47.00166300000012]],[[12.45917,43.896111],[12.48778,43.90583],[12.510555,43.939163],[12.505554,43.98860900000011],[12.4625,43.984718],[12.408888,43.954994],[12.403889,43.926666],[12.416388,43.904716],[12.45917,43.896111]],[[12.445090330888604,41.90311752178485],[12.456660170953796,41.90142602469916],[12.451653339580503,41.90798903339123],[12.445090330888604,41.90311752178485]]],[[[12.422777,45.420555],[12.37829,45.419754],[12.32361,45.343887],[12.316387,45.350555],[12.368332,45.424164],[12.402222,45.429718],[12.422777,45.420555]]],[[[9.84417,43.034439000000134],[9.816111,43.0044400000001],[9.806944000000101,43.00972],[9.795277,43.032776],[9.804165,43.063889],[9.831665,43.075554],[9.851387,43.052498],[9.846388,43.037498],[9.84417,43.034439000000134]]],[[[10.441111,42.844444],[10.423054,42.70888],[10.338055,42.765549],[10.209166,42.735275],[10.13917,42.731667],[10.100555,42.780548000000124],[10.10805,42.797218],[10.145,42.810829],[10.208611000000133,42.809166],[10.23583,42.79222],[10.349443,42.801941],[10.406944000000124,42.86888900000014],[10.44028,42.851105],[10.441111,42.844444]]],[[[10.08833,42.57222],[10.06944,42.591942],[10.081944000000135,42.61889],[10.101665,42.5936],[10.097221000000104,42.57972],[10.08833,42.57222]]],[[[10.915833,42.32527],[10.866388,42.35860400000013],[10.877777,42.388054],[10.914444,42.368889],[10.928055,42.339439],[10.91861,42.327774],[10.915833,42.32527]]],[[[10.316666,42.317497],[10.2897210000001,42.323051],[10.293055,42.349998],[10.323055,42.345833],[10.3283330000001,42.324715],[10.316666,42.317497]]],[[[9.513332,41.14666],[9.562498000000119,41.11777500000011],[9.633888,40.989166],[9.50361,40.91805],[9.612778000000105,40.921104],[9.746944,40.682495],[9.75111,40.59583],[9.825832,40.526108],[9.800278000000105,40.442497],[9.77194,40.394722],[9.69972,40.349442],[9.623055,40.255554],[9.62333,40.199715],[9.661388,40.13333100000011],[9.70417,40.097496],[9.71361000000013,40.04055],[9.670555,39.77944200000013],[9.675554,39.71277600000013],[9.64222100000012,39.486382],[9.568054000000132,39.2305530000001],[9.564165,39.19305],[9.579443,39.178604],[9.56916600000011,39.15055100000012],[9.52167,39.118332],[9.442636000000107,39.12442],[9.321665,39.205826],[9.018332,39.266388],[9.016109000000142,39.10166],[9.043333,39.044998],[9.006943,38.98805],[8.859165,38.879166],[8.715277,38.923607],[8.646387,38.89027],[8.615833000000123,38.918610000000115],[8.55139,39.04999],[8.507442,39.061386],[8.44916,39.00944],[8.441944,38.969719],[8.40694,38.958611],[8.35805,39.035553],[8.345276000000126,39.075554],[8.356667,39.10833],[8.424444,39.107773],[8.452221,39.084717],[8.450999,39.096161],[8.461,39.085331],[8.469000000000108,39.09566100000012],[8.43444,39.160271],[8.36611,39.22610500000013],[8.424166000000127,39.268883],[8.43361,39.28916],[8.418610000000115,39.339439],[8.3933320000001,39.341942],[8.371111,39.374718],[8.44944,39.628052],[8.44278,39.75666],[8.457777,39.761383],[8.49,39.721939000000134],[8.50444,39.72555],[8.541943000000117,39.77944200000013],[8.55666,39.86610400000012],[8.509722,39.908051],[8.458611000000133,39.91333],[8.422499,39.891663],[8.394722,39.9025],[8.41028,40.014999],[8.464443,40.143326],[8.461666,40.22666],[8.457222000000115,40.321388],[8.36722200000014,40.492775],[8.301109,40.589165],[8.190554,40.616386],[8.159443,40.56277],[8.144444000000135,40.592216],[8.14361,40.62166600000012],[8.17833,40.63638300000014],[8.172222,40.692215],[8.149721000000113,40.721382],[8.148888000000113,40.744164000000126],[8.192499,40.913605],[8.228333,40.94138],[8.233055,40.908051],[8.278055,40.864441],[8.356388,40.836105],[8.48,40.820274],[8.600832,40.84666],[8.64222100000012,40.89361],[8.710554,40.91444],[8.7666660000001,40.912216],[8.810276000000101,40.934441],[9.010832,41.121109000000104],[9.05416,41.12999700000012],[9.160831,41.191666],[9.1625,41.238327],[9.233055,41.254715],[9.513332,41.14666]]],[[[8.339167,41.062492000000134],[8.2675,41.054718],[8.240833,41.030273],[8.24472,40.986107],[8.22416,40.986382000000106],[8.21417,41.00444],[8.230833000000132,41.04277],[8.32111,41.12138],[8.347221000000104,41.091660000000104],[8.340555000000109,41.066109],[8.339167,41.062492000000134]]],[[[12.964167,40.883888],[12.944166,40.8991620000001],[12.950277000000142,40.91777],[12.98805,40.931389],[12.974165,40.894722000000115],[12.964167,40.883888]]],[[[13.951387000000125,40.70138500000013],[13.891666,40.69194],[13.856667,40.70499400000011],[13.86611,40.75777],[13.948055000000124,40.742493],[13.964998,40.714439],[13.951387000000125,40.70138500000013]]],[[[14.210554,40.56055],[14.26194,40.55555],[14.250832,40.542496],[14.202499,40.535828],[14.200832,40.560272],[14.210554,40.56055]]],[[[8.292221,39.09360500000014],[8.25111,39.10583],[8.221109,39.141937],[8.22389,39.164719],[8.30278,39.189995],[8.305555,39.115273000000116],[8.295555,39.095276],[8.292221,39.09360500000014]]],[[[15.21361,38.770554],[15.189165,38.787498],[15.216389,38.811661],[15.241943000000106,38.803604],[15.217777,38.77166],[15.21361,38.770554]]],[[[13.17333200000013,38.690277],[13.151943,38.6919400000001],[13.172777,38.71971900000011],[13.198332000000107,38.711388],[13.17778,38.691666],[13.17333200000013,38.690277]]],[[[14.868332000000123,38.531387],[14.79361,38.56472],[14.808611,38.58194],[14.864166,38.579437],[14.873333,38.564438],[14.868332000000123,38.531387]]],[[[14.95528,38.44554900000014],[14.901667,38.476105],[14.91222,38.516663],[14.963888,38.517494],[14.95917,38.44722],[14.95528,38.44554900000014]]],[[[14.98889,38.364166000000125],[14.941111,38.399437],[14.958887,38.431107],[14.99667,38.395271],[15.004166,38.374992],[14.993055,38.365273],[14.98889,38.364166000000125]]],[[[15.528889,38.13694],[15.502499,38.075829],[15.371387,37.946663],[15.219721,37.764442],[15.2175,37.70694],[15.178055,37.575554000000125],[15.08667,37.479439],[15.093887,37.342773],[15.229443,37.12610600000011],[15.303333,37.102219],[15.316666000000112,37.008888],[15.148611,36.910271],[15.094721000000106,36.79972],[15.13611,36.677773],[15.081388,36.649162],[15.019444,36.69999700000011],[14.868055,36.728333],[14.77916,36.70444],[14.55361,36.780273],[14.460554,36.830826],[14.37361,36.966385000000116],[14.245832,37.062218],[14.093887,37.110832],[13.99805,37.11027],[13.934999,37.094719],[13.880554,37.101105],[13.67305,37.18972],[13.56194,37.27916],[13.50528,37.287216000000114],[13.33,37.361107],[13.27861,37.3899990000001],[13.218332,37.45527600000014],[13.158888,37.491104],[13.085833,37.49305],[12.920555,37.573608],[12.8025,37.57999400000011],[12.657499,37.558609],[12.468332,37.699165],[12.422222,37.796104],[12.458055,37.815826],[12.478333,37.863327],[12.466389,37.916107000000125],[12.50528,38.00972],[12.556389000000138,38.059715],[12.73361,38.139717],[12.875832,38.030273000000136],[12.930555,38.02583],[13.06278,38.07861],[13.07361,38.098053],[13.054165,38.138611],[13.100832,38.185272],[13.316666,38.21833],[13.35889,38.185555],[13.375277,38.153885000000116],[13.363609,38.124718],[13.382500000000107,38.107498],[13.711388,37.976662],[13.768888,37.970551],[13.886665,37.998055],[13.947777,38.03138700000011],[14.31194,38.01221],[14.519444,38.04277000000013],[14.637220000000127,38.073326],[14.784721000000104,38.154442],[14.87444,38.170555],[14.96361000000013,38.159721],[15.08667,38.12082700000013],[15.523611,38.295273],[15.652498,38.27027],[15.577221000000122,38.2397160000001],[15.559999,38.21027400000014],[15.528889,38.13694]]],[[[12.073889000000122,37.953606],[12.077221000000122,37.94472],[12.043888,37.95611],[12.02916,37.983604],[12.06055,37.986664],[12.073889000000122,37.953606]]],[[[12.354166,37.9061],[12.283888000000104,37.919167],[12.273888000000113,37.938889],[12.33917,37.934441000000106],[12.364721,37.92305],[12.357777,37.907776],[12.354166,37.9061]]],[[[12.01583,36.738327],[11.953609000000142,36.761383],[11.92639,36.793884],[11.921665000000132,36.81638],[11.940277,36.835548],[11.996666,36.83028],[12.048332,36.796944],[12.054165,36.761665],[12.027777,36.74222],[12.01583,36.738327]]]]}},{"type":"Feature","properties":{"id":"LV","iso2":"LV","name":"Latvia","level":"country","population":1900000,"gdp_per_capita_ppp":39000,"seats_lower":100},"geometry":{"type":"Polygon","coordinates":[[[21.068607,56.435547],[21.026665,56.614159],[21.06472,56.742767],[21.053608,56.83638],[21.261387,56.922768],[21.391663,57.021935],[21.41555,57.069443],[21.420551,57.289436],[21.482494,57.333878],[21.70583,57.559715],[21.754997,57.583328],[22.00111,57.597214],[22.474438,57.738045],[22.582775,57.755272],[22.614719,57.75],[22.598885,57.735268],[22.584164,57.676102],[22.595551,57.633881],[22.637218,57.588882],[22.952496,57.424995],[23.137218,57.363052],[23.242771,57.165268],[23.259163,57.098045],[23.351387,57.052216],[23.586109,56.976654],[23.660275,56.964996],[23.785831,56.970268],[23.984993,57.022217],[24.223328,57.128876],[24.400829,57.245827],[24.413052,57.272766],[24.407772,57.362213],[24.332218,57.698044],[24.297218,57.744995],[24.289719,57.792496],[24.288052,57.83416],[24.31498,57.871826],[24.420273,57.874435],[24.453049,57.913322],[24.542774,57.95166],[24.723885,57.964996],[25.124439,58.076103],[25.179718,58.070274],[25.214996,58.005829],[25.247215,57.992493],[25.299999,58.01416],[25.29472,58.041382],[25.263054,58.06916],[25.301662,58.083054],[25.436108,58.029434],[25.461105,57.994438],[25.622772,57.916382],[25.801388,57.865829],[25.946941,57.853882],[26.034996,57.823326],[26.299164,57.611382],[26.511387,57.5261],[26.608887,57.526939],[26.634995,57.555824],[26.898331,57.633881],[27.018608,57.611382],[27.087219,57.56221],[27.310276,57.53138],[27.547218,57.536385],[27.527222,57.438599],[27.85305,57.311104],[27.866386,57.288048],[27.848331,57.174164],[27.70166,56.914711],[27.731106,56.869156],[27.837776,56.875549],[27.938885,56.82444],[27.917496,56.78611],[27.943607,56.722763],[28.147774,56.471375],[28.237495,56.262772],[28.194996,56.17749],[28.168011,56.150154],[28.118328,56.167213],[27.92944,56.113327],[27.89333,56.065544],[27.647217,55.924164],[27.632774,55.840546],[27.598824,55.791718],[27.310829,55.807495],[27.149441,55.846657],[26.989994,55.834717],[26.908051,55.778603],[26.863331,55.716934],[26.765831,55.687492],[26.661663,55.705826],[26.613209,55.674835],[26.591385,55.674995],[26.375553,55.714157],[26.268887,55.76944],[26.19083,55.867493],[26.058331,55.938042],[25.891106,55.999435],[25.714996,56.089989],[25.696941,56.115273],[25.582775,56.151382],[25.160275,56.184433],[25.096943,56.201103],[25.0,56.295547],[24.922218,56.439987],[24.899719,56.450546],[24.653328,56.365829],[24.558331,56.28833],[24.44944,56.269714],[24.332218,56.310547],[24.16333,56.261108],[24.07444,56.281662],[24.008331,56.318054],[23.948883,56.332214],[23.726383,56.361382],[23.608608,56.364159],[23.559441,56.337212],[23.525276,56.33416],[23.319996,56.380272],[23.171108,56.361938],[23.180275,56.345543],[23.096107,56.305824],[23.037498,56.328606],[22.992771,56.393051],[22.941383,56.423882],[22.827221,56.379158],[22.691383,56.356659],[22.623329,56.38694],[22.519165,56.404434],[22.067219,56.419441],[21.73555,56.323326],[21.566666,56.295273],[21.427773,56.241936],[21.354443,56.23999],[21.244438,56.168327],[21.218052,56.089989],[21.051685,56.077309],[21.025829,56.156097],[20.988884,56.189987],[20.975273,56.229988],[20.968605,56.363609],[20.995548,56.508331],[21.031666,56.504997],[21.044441,56.458328],[21.068607,56.435547]]]}},{"type":"Feature","properties":{"id":"LT","iso2":"LT","name":"Lithuania","level":"country","population":2800000,"gdp_per_capita_ppp":46000,"seats_lower":141},"geometry":{"type":"MultiPolygon","coordinates":[[[[21.044441,55.32638500000013],[20.984814,55.27655],[20.942833,55.287201],[21.039440000000127,55.40082600000011],[21.088608,55.514717],[21.0883290000001,55.718048],[21.122498,55.688324],[21.13472,55.629158],[21.10305,55.42083],[21.04888,55.333054],[21.044441,55.32638500000013]]],[[[25.000000000000114,56.29555],[25.08111,56.210548],[25.133884,56.188881],[25.582775,56.151382000000126],[25.696941,56.115273000000116],[25.714996,56.08998900000012],[25.891106,55.99943500000012],[26.058331,55.93804200000011],[26.19083000000012,55.86749300000014],[26.268887,55.76944],[26.338608000000136,55.72637900000012],[26.51083,55.683876],[26.613209,55.674835],[26.62666,55.593048],[26.45583,55.34138],[26.554718,55.313049],[26.631386000000134,55.33111],[26.766941,55.31360600000011],[26.81971700000014,55.285271],[26.775276000000133,55.250549],[26.521385000000123,55.148331],[26.284164,55.14804800000013],[26.25333,55.123604],[26.24833,55.071106],[26.219440000000134,55.029991],[26.16083,54.977211],[25.911942,54.953606],[25.873051,54.93999],[25.78889,54.87027],[25.73666,54.789436],[25.726940000000127,54.68305],[25.764164,54.60444],[25.764164,54.57916300000011],[25.731106,54.55166],[25.648884,54.517494],[25.547497,54.332771],[25.58194,54.31166100000013],[25.659161,54.31721],[25.705273,54.335266000000104],[25.717495,54.328606],[25.807774,54.248047],[25.79,54.16721300000012],[25.7716640000001,54.154991],[25.66916,54.136108],[25.534443,54.14694200000014],[25.5061070000001,54.18721],[25.54139,54.197769],[25.577221000000122,54.240273],[25.50333,54.301933],[25.471661,54.306099],[25.391663,54.255829],[25.2075,54.22137500000014],[25.161942,54.172493],[25.07194,54.13472],[25.02444,54.13110400000011],[24.968884,54.1586],[24.840275000000133,54.14222],[24.79555,54.10139],[24.840553,54.034439],[24.839439,54.00416600000011],[24.820831,53.977211],[24.727772,53.9686],[24.69166,54.00166300000012],[24.612217,53.992218],[24.38694,53.8886],[24.277775000000133,53.89971900000012],[24.238605,53.948326],[24.175552,53.967491],[24.088608,53.937492000000134],[23.898884,53.940544],[23.70944,53.923882],[23.50404,53.947044],[23.51722,54.0472180000001],[23.48444000000012,54.138329],[23.456383,54.17555],[23.333054,54.247215],[23.115829,54.304436],[22.99277100000012,54.387772],[22.85611,54.4086],[22.81361,54.397491],[22.78588,54.36384],[22.713608,54.439713],[22.691383,54.493607],[22.719162,54.691376],[22.809441,54.769714000000135],[22.84944,54.782768],[22.869164,54.82332600000012],[22.84249,54.89694],[22.732216000000108,54.962494],[22.643887,54.963608],[22.602219000000105,55.046661],[22.51277,55.063324],[22.27972,55.06721],[22.146385,55.05526700000013],[22.108608,55.030823],[22.061943,55.027489],[21.732216000000108,55.132767],[21.640274,55.18471],[21.56416,55.19721],[21.431385,55.251938],[21.38128300000011,55.287094],[21.263935000000117,55.248985],[21.266163,55.275684],[21.289719,55.28749800000014],[21.27673,55.32284900000013],[21.253965000000107,55.334641],[21.255999,55.36594800000012],[21.183626000000118,55.34074],[21.241768,55.418396],[21.247215,55.463326],[21.145275,55.676102],[21.07611,55.73333],[21.05833,55.78166],[21.0430530000001,55.916664],[21.067219000000136,55.991379],[21.051685,56.077309],[21.209717,56.085548],[21.228882,56.10721600000011],[21.244438,56.168327],[21.34583,56.23555],[21.427773,56.241936],[21.56666600000011,56.295273],[21.735550000000103,56.32333],[22.067219000000136,56.419441],[22.519165,56.40443],[22.623329,56.38694],[22.691383,56.35666],[22.827221000000122,56.37915800000013],[22.93388,56.424438],[22.99277100000012,56.39305],[23.0375,56.328606],[23.096107,56.30582400000014],[23.18027500000011,56.345543],[23.171108000000117,56.36194],[23.32,56.380272000000105],[23.525276,56.33416],[23.559441,56.337212000000136],[23.608608,56.364159],[23.726383000000112,56.361382],[23.948883,56.332214000000135],[24.147774,56.26138300000014],[24.339718,56.310822000000144],[24.41833,56.2761],[24.47333,56.26915700000012],[24.56277,56.29055],[24.653328,56.365829],[24.89138400000013,56.450829],[24.922218,56.439987],[24.99305,56.304993],[25.000000000000114,56.29555]]]]}},{"type":"Feature","properties":{"id":"SK","iso2":"SK","name":"Slovakia","level":"country","population":5400000,"gdp_per_capita_ppp":36000,"seats_lower":150},"geometry":{"type":"Polygon","coordinates":[[[17.251656,48.024994],[17.166386,48.012497],[17.116665,48.038605],[17.081108,48.088333],[17.069145,48.135265],[17.03075,48.145859],[16.975277,48.188332],[16.94972,48.278049],[16.920555,48.283882],[16.839996,48.372215],[16.864441,48.467216],[16.933331,48.532776],[16.946182,48.619064],[17.044167,48.771385],[17.113888,48.833054],[17.187908,48.869446],[17.252777,48.870827],[17.403889,48.822777],[17.712219,48.85611],[17.7575,48.876663],[17.91111,48.984993],[18.075279,49.041943],[18.147778,49.115555],[18.145277,49.145],[18.174164,49.210274],[18.174721,49.241661],[18.208054,49.284164],[18.379444,49.330276],[18.546108,49.457497],[18.551388,49.486938],[18.568886,49.496109],[18.851246,49.517357],[18.968609,49.481667],[18.978054,49.39666],[19.163609,49.400551],[19.198055,49.418053],[19.195274,49.430832],[19.240276,49.50444],[19.270275,49.527771],[19.447777,49.60083],[19.475555,49.599998],[19.520981,49.574165],[19.574997,49.461105],[19.658607,49.406662],[19.710552,49.397499],[19.790276,49.406662],[19.826942,49.278053],[19.773609,49.233055],[19.771111,49.206383],[19.846664,49.19194],[19.916386,49.228882],[19.97472,49.227219],[20.074444,49.175278],[20.089443,49.183884],[20.103333,49.248604],[20.143608,49.314995],[20.360554,49.393051],[20.740833,49.388885],[20.812496,49.330826],[20.916386,49.296104],[20.984165,49.310555],[21.035553,49.359718],[21.051666,49.412216],[21.076111,49.423607],[21.278889,49.456665],[21.459442,49.41111],[21.618889,49.436386],[21.838055,49.384438],[21.956944,49.341385],[22.018887,49.277496],[22.024719,49.224716],[22.037777,49.210831],[22.224998,49.154716],[22.354721,49.137497],[22.558052,49.079437],[22.53722,48.995544],[22.461384,48.949432],[22.328884,48.686935],[22.158886,48.580276],[22.150555,48.408607],[22.101665,48.37722],[22.029442,48.387497],[21.935833,48.379166],[21.853054,48.363052],[21.824165,48.340271],[21.726665,48.352493],[21.628052,48.44944],[21.614166,48.498329],[21.442776,48.575272],[21.308712,48.54805],[21.253887,48.522217],[21.153332,48.511108],[20.955276,48.522499],[20.818607,48.576385],[20.660553,48.563332],[20.539719,48.536942],[20.500832,48.50444],[20.499443,48.483059],[20.443607,48.442215],[20.416386,48.405273],[20.400555,48.355553],[20.366943,48.308884],[20.299721,48.258606],[20.280277,48.254166],[20.235554,48.274994],[20.05933,48.176308],[20.004997,48.172775],[19.937775,48.135277],[19.90361,48.131943],[19.788887,48.181664],[19.783607,48.201111],[19.630554,48.233887],[19.524166,48.205826],[19.472218,48.087219],[19.208336,48.059448],[19.041714,48.070641],[18.849098,48.051064],[18.771664,47.965553],[18.758888,47.907494],[18.766941,47.877777],[18.853611,47.833054],[18.84972,47.817772],[18.749729,47.813156],[18.720554,47.78611],[18.655277,47.758606],[18.451664,47.767776],[18.297222,47.737221],[17.976109,47.763611],[17.896942,47.747551],[17.784409,47.746803],[17.466389,47.888329],[17.340553,47.997498],[17.273331,48.001663],[17.254166,48.016106],[17.251656,48.024994]]]}},{"type":"Feature","properties":{"id":"LI","iso2":"LI","name":"Liechtenstein","level":"country","population":40000,"gdp_per_capita_ppp":180000,"seats_lower":25},"geometry":{"type":"Polygon","coordinates":[[[9.533569,47.274544],[9.566387,47.243889],[9.622776,47.150551],[9.634998,47.094994],[9.598635,47.063835],[9.538055,47.07],[9.474637,47.057457],[9.512499,47.100273],[9.484444,47.179718],[9.502222,47.231384],[9.533569,47.274544]]]}},{"type":"Feature","properties":{"id":"MK","iso2":"MK","name":"North Macedonia","level":"country","population":1800000,"gdp_per_capita_ppp":19000,"seats_lower":120},"geometry":{"type":"Polygon","coordinates":[[[20.82111,40.908882],[20.802498,40.899994],[20.733887,40.911942],[20.669998,41.088051],[20.600613,41.093185],[20.578331,41.162773],[20.519165,41.246384],[20.492775,41.331108],[20.497498,41.347221],[20.524166,41.350273],[20.549999,41.373055],[20.562496,41.408051],[20.471664,41.497772],[20.458054,41.526382],[20.46611,41.55555],[20.533886,41.63472],[20.514164,41.727776],[20.568951,41.874542],[20.589642,41.882187],[20.631664,41.855827],[20.733055,41.863884],[20.777222,41.925552],[20.759163,41.993332],[20.771942,42.050827],[20.792774,42.082497],[21.116943,42.202499],[21.141941,42.198051],[21.221107,42.145271],[21.304996,42.147774],[21.344444,42.193054],[21.466663,42.265831],[21.61972,42.254166],[21.721386,42.232773],[21.788609,42.263329],[21.806664,42.303329],[21.850277,42.330826],[22.023609,42.31694],[22.083332,42.300552],[22.195,42.315277],[22.221943,42.34166],[22.332775,42.35833],[22.517776,42.150833],[22.685833,42.065277],[22.828609,42.026939],[22.961941,41.77861],[23.014721,41.762215],[23.02972,41.71666],[22.952499,41.634438],[22.960831,41.358604],[22.935604,41.342125],[22.813053,41.34861],[22.772221,41.32444],[22.75972,41.309441],[22.761543,41.25174],[22.74361,41.16333],[22.729164,41.144722],[22.585552,41.119438],[22.434719,41.121384],[22.34333,41.134438],[22.256664,41.171387],[21.980553,41.133606],[21.916111,41.095276],[21.911942,41.049438],[21.792221,40.932777],[21.599998,40.872772],[21.573608,40.873055],[21.52972,40.908882],[21.41972,40.919167],[21.343052,40.871941],[20.98349,40.855888],[20.983887,40.893608],[20.957222,40.914162],[20.848331,40.935555],[20.830276,40.92083],[20.82111,40.908882]]]}},{"type":"Feature","properties":{"id":"MT","iso2":"MT","name":"Malta","level":"country","population":560000,"gdp_per_capita_ppp":57000,"seats_lower":79},"geometry":{"type":"MultiPolygon","coordinates":[[[[14.562222,35.820274],[14.519722000000115,35.799995],[14.42389,35.818604],[14.374998,35.8475],[14.336388,35.88388800000013],[14.326387000000125,35.97888],[14.374998,35.990829],[14.510277,35.92528],[14.57,35.869438],[14.565832,35.82416500000011],[14.562222,35.820274]]],[[[14.2675,36.011383],[14.19111,36.02444],[14.181110000000103,36.060829000000126],[14.229166,36.074997],[14.314999,36.053329],[14.34111,36.033882],[14.275,36.01166500000011],[14.2675,36.011383]]]]}},{"type":"Feature","properties":{"id":"BE","iso2":"BE","name":"Belgium","level":"country","population":11700000,"gdp_per_capita_ppp":64000,"seats_lower":150},"geometry":{"type":"Polygon","coordinates":[[[4.302375,51.263184],[4.327703,51.290123],[4.290481,51.307682],[4.280181,51.3442],[4.252368,51.375145],[4.428055,51.361938],[4.436388,51.378883],[4.396667,51.416939],[4.393888,51.450272],[4.481944,51.479439],[4.549444,51.482773],[4.535277,51.443886],[4.541944,51.426666],[4.650555,51.423332],[4.671388,51.427757],[4.671111,51.44416],[4.705555,51.469444],[4.788333,51.503052],[4.845555,51.48111],[4.832777,51.429993],[4.853055,51.414444],[4.929999,51.398605],[5.0,51.437775],[5.016944,51.475555],[5.035555,51.487221],[5.080277,51.466942],[5.104444,51.434998],[5.077222,51.395271],[5.139999,51.320831],[5.237499,51.308327],[5.238974,51.262283],[5.406111,51.266106],[5.510833,51.294441],[5.553333,51.269722],[5.568334,51.220711],[5.754167,51.189995],[5.855,51.151108],[5.818055,51.114998],[5.758055,50.959999],[5.640555,50.863052],[5.651667,50.824715],[5.701944,50.805832],[5.70556,50.781952],[5.691911,50.760559],[5.7975,50.76944],[5.898918,50.753883],[6.011798,50.757271],[6.167222,50.656387],[6.268611,50.623604],[6.247777,50.589165],[6.264722,50.497772],[6.344444,50.484161],[6.37361,50.443329],[6.398204,50.323174],[6.349722,50.312775],[6.173333,50.232498],[6.134414,50.127846],[6.033889,50.159164],[6.026256,50.181252],[5.969722,50.16861],[5.889444,50.104164],[5.834444,49.986938],[5.770833,49.95166],[5.747777,49.907494],[5.734444,49.834999],[5.746666,49.795273],[5.790277,49.78083],[5.869444,49.719719],[5.899166,49.662773],[5.900277,49.640549],[5.863055,49.571663],[5.834167,49.549164],[5.631944,49.535828],[5.4775,49.504166],[5.463611,49.517776],[5.475555,49.537773],[5.437778,49.599998],[5.331111,49.656662],[4.996666,49.802498],[4.912777,49.788887],[4.873055,49.797218],[4.820833,49.992775],[4.838888,50.06916],[4.894722,50.140274],[4.882777,50.154716],[4.832503,50.16861],[4.696944,50.090828],[4.694444,50.041939],[4.673611,49.996384],[4.510555,49.947495],[4.458333,49.938606],[4.317222,49.969719],[4.215261,49.959602],[4.174179,49.979881],[4.149238,49.978371],[4.194444,50.237495],[4.165,50.283051],[4.038333,50.355553],[3.889722,50.339996],[3.774722,50.353882],[3.676944,50.395271],[3.660555,50.456383],[3.607778,50.495827],[3.518055,50.518883],[3.372777,50.494995],[3.298611,50.523048],[3.278611,50.541664],[3.242222,50.668053],[3.149722,50.789993],[2.960556,50.7575],[2.898056,50.703049],[2.650555,50.816109],[2.597777,50.925827],[2.5975,50.995827],[2.541667,51.09111],[3.131667,51.324165],[3.370866,51.373856],[3.380833,51.273605],[3.439167,51.244438],[3.520833,51.248055],[3.524722,51.28833],[3.608055,51.304161],[3.793056,51.26194],[3.796111,51.220276],[3.8975,51.205276],[3.9525,51.214439],[4.127777,51.278885],[4.238898,51.350426],[4.280649,51.301125],[4.312499,51.287498],[4.300079,51.267651],[4.302375,51.263184]]]}},{"type":"Feature","properties":{"id":"LU","iso2":"LU","name":"Luxembourg","level":"country","population":660000,"gdp_per_capita_ppp":137000,"seats_lower":60},"geometry":{"type":"Polygon","coordinates":[[[6.026256,50.181252],[6.033889,50.159164],[6.134414,50.127846],[6.112778,50.058884],[6.130555,50.013885],[6.173055,49.952217],[6.250278,49.884163],[6.395555,49.817772],[6.524722,49.80555],[6.505835,49.706627],[6.420833,49.665833],[6.356486,49.525864],[6.36217,49.459389],[6.229722,49.508331],[6.156111,49.503883],[6.124166,49.489716],[6.12,49.471664],[6.090555,49.453049],[5.977777,49.448608],[5.855277,49.501106],[5.809999,49.538887],[5.863055,49.571663],[5.900277,49.640549],[5.899166,49.662773],[5.869444,49.719719],[5.790277,49.78083],[5.748055,49.79277],[5.734444,49.834999],[5.747777,49.907494],[5.770833,49.95166],[5.834444,49.986938],[5.889444,50.104164],[5.969722,50.16861],[6.021944,50.18222],[6.026256,50.181252]]]}},{"type":"Feature","properties":{"id":"ME","iso2":"ME","name":"Montenegro","level":"country","population":620000,"gdp_per_capita_ppp":24000,"seats_lower":81},"geometry":{"type":"Polygon","coordinates":[[[18.455555,42.565826],[18.56583,42.630554],[18.577499,42.654999],[18.560276,42.712219],[18.515831,42.73111],[18.455555,42.825554],[18.480553,42.964439],[18.524441,43.012215],[18.649998,43.044167],[18.659164,43.080276],[18.643887,43.13916],[18.699997,43.255554],[18.83934,43.348022],[18.914238,43.358315],[18.960293,43.326683],[18.954441,43.29361],[19.016666,43.239441],[19.048866,43.231026],[19.068607,43.241386],[19.093609,43.308884],[19.023052,43.435555],[18.95583,43.458328],[18.949444,43.509438],[19.006664,43.555832],[19.223888,43.516388],[19.254719,43.459999],[19.444164,43.373604],[19.511944,43.321938],[19.563332,43.256386],[19.647778,43.181664],[19.969719,43.090553],[20.059719,43.005554],[20.297497,42.926384],[20.348888,42.886383],[20.382774,42.835548],[20.231941,42.761108],[20.076664,42.773888],[20.014999,42.752495],[19.980274,42.721939],[19.977497,42.703888],[20.015274,42.680832],[20.07,42.673882],[20.10722,42.654442],[20.071423,42.560913],[20.049164,42.561661],[19.822498,42.471939],[19.765274,42.504715],[19.746666,42.543053],[19.75,42.579994],[19.773609,42.593605],[19.75333,42.64222],[19.713055,42.660553],[19.645832,42.61805],[19.609444,42.572495],[19.606388,42.539444],[19.282497,42.185555],[19.400276,42.10527],[19.374603,42.071487],[19.346943,41.955551],[19.34333,41.912498],[19.367771,41.848999],[19.299442,41.894722],[19.224442,41.911942],[19.15472,41.945831],[19.136387,41.98027],[19.146664,42.013054],[19.138611,42.043327],[19.056389,42.135826],[18.964443,42.189995],[18.883331,42.27861],[18.810833,42.284721],[18.652496,42.378052],[18.623055,42.364166],[18.577221,42.387215],[18.546387,42.416107],[18.561943,42.432777],[18.702499,42.393326],[18.709164,42.416664],[18.681942,42.458328],[18.503197,42.44944],[18.466389,42.477776],[18.453331,42.521111],[18.455555,42.565826]]]}},{"type":"Feature","properties":{"id":"NL","iso2":"NL","name":"Netherlands","level":"country","population":17800000,"gdp_per_capita_ppp":68000,"seats_lower":150},"geometry":{"type":"MultiPolygon","coordinates":[[[[3.76417,51.345276],[3.861944,51.339165],[3.961389000000111,51.36972],[4.215,51.3702770000001],[4.23889800000012,51.350426],[4.17305,51.300552],[3.9525,51.214439],[3.8975,51.205276],[3.806389000000138,51.216942],[3.79083,51.233055],[3.793056,51.26194],[3.600833,51.304718],[3.52111,51.285828],[3.520833,51.248055],[3.45194400000014,51.242493],[3.380833,51.273605],[3.37087,51.3738560000001],[3.538333000000137,51.411942000000124],[3.740555,51.34861],[3.76417,51.345276]]],[[[5.763888,52.415276],[5.693889,52.408051],[5.611944000000108,52.36972],[5.573055,52.36805],[5.546111,52.351944],[5.559722,52.32222],[5.534166,52.283333],[5.428611,52.26416000000012],[5.27861,52.325829],[5.145833,52.344719],[5.137777000000142,52.382774],[5.45117,52.509445],[5.47805,52.548882],[5.573333,52.588333],[5.643611,52.601105],[5.831388000000118,52.56832900000012],[5.861388,52.534996],[5.85556,52.492493],[5.786666000000139,52.423607],[5.763888,52.415276]]],[[[5.423333,52.636383],[5.485555,52.572777],[5.447742,52.53826],[5.447398,52.51305],[5.190362,52.41527],[5.134019,52.383137],[5.054624,52.39128],[5.105833000000132,52.444443],[5.111666,52.474159],[5.100493,52.50513500000011],[5.048341000000107,52.566135],[5.032509,52.619217000000106],[5.03949,52.633652],[5.101424,52.63784],[5.149386,52.616890000000126],[5.22575,52.642967],[5.260675,52.68301],[5.296389,52.69111],[5.382222,52.666107],[5.423333,52.636383]]],[[[4.76472200000012,52.990273000000116],[4.720555,52.997772],[4.70805,53.044441],[4.859722,53.185829],[4.883333,53.184166],[4.912222,53.141937],[4.912222,53.09861],[4.858611,53.039162],[4.787499000000139,52.998886],[4.76472200000012,52.990273000000116]]],[[[4.957222000000115,53.237778],[4.889722,53.210831],[4.883333,53.2225],[5.002222,53.289162],[5.07944,53.310829],[5.103889,53.29999],[4.957222000000115,53.237778]]],[[[5.213055,53.34999800000014],[5.174999,53.35249],[5.16889,53.373886],[5.22805,53.39666],[5.574721,53.452774],[5.579721,53.44249700000012],[5.56111,53.43027500000011],[5.311388,53.371666],[5.213055,53.34999800000014]]],[[[6.871666,53.416107],[6.901667,53.35027300000013],[6.945277,53.321388],[7.088611000000128,53.25694],[7.208364,53.242805],[7.210278,53.001938],[7.179722,52.93416600000012],[7.069722,52.814995],[7.048055,52.63888500000013],[6.76805,52.65222],[6.718923000000132,52.626785],[6.75944,52.56472],[6.688889,52.54916400000013],[6.705555,52.485832],[6.76444400000014,52.45916],[6.94611,52.434441],[6.99083,52.459717],[7.065555,52.385826],[7.069722,52.35277600000012],[7.028055,52.280273000000136],[7.053094,52.23776],[6.96472,52.190277],[6.901111,52.171387],[6.860555,52.12028],[6.759428,52.114563],[6.728611,52.035271],[6.80055,52.00722],[6.8308320000001,51.971382],[6.789166,51.928055],[6.746388,51.906105],[6.720555,51.89777400000014],[6.67611,51.91389],[6.462777,51.853607],[6.35111,51.848053],[6.182221,51.895271],[6.12361,51.888054],[5.9625,51.807777],[5.986666,51.766937],[5.95205,51.747528],[6.028889,51.706665],[6.094166,51.604439],[6.202222,51.51694],[6.222221000000104,51.46583],[6.222221000000104,51.36166400000013],[6.076388,51.240273],[6.074721,51.189995000000124],[6.0975,51.131104],[6.00305,51.08416],[5.86472,51.046104],[5.891666,50.972771],[5.944722,50.984993],[6.025555,50.978333],[6.080277000000137,50.915833],[6.08417,50.870552],[6.06778,50.849716],[6.013888000000122,50.84166],[6.011798,50.757271],[5.898918,50.753883],[5.7975,50.76944],[5.69861,50.75777],[5.701944,50.80583200000012],[5.6408330000001,50.839722],[5.65,50.87694],[5.758055,50.959999],[5.818055,51.114998],[5.851388,51.14222000000012],[5.849171000000126,51.15638],[5.754167,51.189995000000124],[5.568334000000107,51.22071],[5.553333,51.269722],[5.510833,51.294441],[5.406111,51.266106],[5.23897,51.262283],[5.2375,51.308327],[5.14,51.320831],[5.077222,51.395271],[5.104444000000115,51.434998],[5.08028,51.466942],[5.041389,51.486664],[5.016944,51.47555],[5.0,51.437775],[4.929999,51.398605],[4.85305,51.414444],[4.832777000000135,51.429993],[4.845555000000104,51.48111],[4.788333,51.503052],[4.705555,51.469444],[4.67111,51.44416],[4.67139,51.42776],[4.650555,51.423332],[4.541944000000115,51.42667],[4.535277,51.443886000000134],[4.549444,51.48277300000012],[4.486666000000127,51.480827],[4.393888,51.450272],[4.396667,51.416939],[4.437778,51.3752750000001],[4.428055,51.361938],[4.388055,51.357498],[4.252368,51.375145],[4.202499000000103,51.405],[3.928889,51.434998],[3.899722,51.395],[3.823055,51.39],[3.543333000000132,51.454437],[3.440555,51.531662],[3.465,51.55332900000013],[3.568889,51.597221],[3.837222,51.606667],[3.872777,51.59916],[3.902778,51.565277],[3.865278,51.54666],[3.820555,51.54916400000013],[3.865850000000137,51.538662],[3.92861,51.548332],[4.006666,51.525276],[4.055833,51.50555],[4.095833000000141,51.45138500000013],[4.125555,51.438332000000116],[4.23805,51.43471],[4.28611,51.448608],[4.292222,51.47583],[4.262777,51.510551],[4.082777,51.53083],[3.99,51.584717],[4.0791660000001,51.612495],[4.169722,51.605553],[4.20751,51.589478],[4.186167,51.617043],[4.13472,51.61610400000012],[4.10614,51.650978],[4.066388000000131,51.629715],[3.9675,51.614441],[3.761944000000142,51.674995],[3.704444,51.67694100000011],[3.687778,51.68943800000011],[3.687500000000114,51.709717],[3.71417,51.733887],[3.777778,51.746109],[3.885278,51.743889],[3.968611,51.73360400000013],[4.104166,51.661942],[4.167754000000116,51.68557],[4.059722000000136,51.75138900000013],[4.019722,51.793610000000115],[3.95583,51.801666],[3.874189,51.78637],[3.865555,51.814995],[3.98333,51.846382],[4.0275,51.836105],[4.06111,51.860275],[4.012221,51.981667],[4.138055,51.99582700000013],[4.362222,52.17166],[4.44167,52.252495],[4.584431,52.461502],[4.657958,52.453125],[4.706849,52.427227],[4.845252,52.410198],[4.90688,52.37416],[5.254722,52.310555000000136],[5.424444,52.2486],[5.53361,52.26722],[5.57778,52.32278],[5.624722,52.354164],[5.774166,52.405273],[5.849999,52.46139],[5.878055,52.50944],[5.8475,52.568054],[5.855000000000132,52.606911],[5.664721,52.60833],[5.599444,52.65860700000013],[5.599166000000139,52.757774],[5.668611,52.82638500000013],[5.71835,52.83802],[5.645833,52.85555],[5.563333,52.830826],[5.418611000000112,52.851662],[5.374166000000116,52.872215],[5.363333000000125,52.887215],[5.412777,52.912773],[5.42055,52.964439],[5.411388,53.028885],[5.375555,53.070549],[5.289444,53.047218],[5.100277000000119,52.948051],[5.09167,52.885826],[5.126111,52.82249500000012],[5.193055,52.7544400000001],[5.286111000000119,52.746109],[5.304166,52.706940000000145],[5.255305000000135,52.691589],[5.24167,52.660553],[5.167777,52.62888],[5.135,52.622772],[5.101388,52.64416],[5.033333,52.634163],[5.0425,52.573883],[5.092777,52.50027],[5.090278,52.433327],[5.028333,52.375832],[4.908333000000141,52.388329],[4.875527,52.415604],[4.71315600000014,52.441013],[4.66846,52.465885],[4.58,52.471664],[4.62222,52.596664],[4.654166,52.751663],[4.74139,52.960548],[4.796111,52.964439],[4.809444,52.953606],[4.813333,52.91833],[4.8875,52.896111],[5.085833,52.955276],[5.254722,53.051384],[5.38611,53.096664],[5.442499,53.21194],[5.573333,53.288055],[5.890833,53.38222],[6.0925,53.410828],[6.29694400000011,53.401939],[6.741944000000103,53.46583],[6.862778000000105,53.437218],[6.870832,53.42222],[6.871666,53.416107]]],[[[5.699166,53.462776],[5.951388,53.46888700000011],[5.948055000000124,53.458611],[5.81139,53.438889],[5.74861,53.44416],[5.683888,53.425278],[5.633055000000127,53.441666],[5.657499,53.472221000000104],[5.674444,53.466385],[5.699166,53.462776]]],[[[6.134999000000107,53.45361],[6.117222,53.474998],[6.148889,53.497498],[6.303333,53.51138300000014],[6.34028,53.50027],[6.15278,53.467216],[6.134999000000107,53.45361]]]]}},{"type":"Feature","properties":{"id":"NO","iso2":"NO","name":"Norway","level":"country","population":5500000,"gdp_per_capita_ppp":95000,"seats_lower":169},"geometry":{"type":"MultiPolygon","coordinates":[[[[8.74361,58.409721],[8.726944000000117,58.41277],[8.74444,58.438049],[8.761389000000122,58.43666100000013],[8.751944,58.412216],[8.74361,58.409721]]],[[[5.778333,58.947495],[5.754999000000112,58.956383],[5.776111,58.953049],[5.778333,58.947495]]],[[[5.961944,58.972221],[5.94444,58.970551000000114],[5.96,58.98194],[5.961944,58.972221]]],[[[5.72639,59.078049000000135],[5.553333,59.12638900000013],[5.565277,59.14277600000014],[5.688889,59.129166],[5.725277,59.113052],[5.73333,59.08138300000013],[5.72639,59.078049000000135]]],[[[5.952777,59.228333],[5.905833,59.229996],[5.90333,59.263054000000125],[5.961944,59.28805],[6.0175,59.289993],[6.056944000000101,59.26638800000012],[6.053055,59.251389],[5.985277,59.231667],[5.952777,59.228333]]],[[[5.287777000000119,59.218887],[5.259999,59.14777400000014],[5.155277,59.146942],[5.13194,59.22083],[5.17805,59.407776],[5.211666,59.40583],[5.28555,59.32138800000013],[5.29306,59.23722],[5.287777000000119,59.218887]]],[[[5.26333,59.798607],[5.345277,59.704163],[5.273889,59.678604],[5.30944,59.700554],[5.288610000000119,59.750549],[5.224444,59.752495000000124],[5.192222,59.741386],[5.17222,59.68805],[5.195277,59.664162],[5.20139,59.613884],[5.148889000000111,59.58111],[5.111666,59.63666500000011],[5.07,59.773605],[5.107499000000132,59.86444],[5.143611,59.87221],[5.258055000000127,59.802773000000116],[5.26333,59.798607]]],[[[5.413055,59.751663],[5.358611,59.756943],[5.305277,59.793053],[5.251666000000114,59.90888],[5.276388,59.966942],[5.291944000000115,59.972771],[5.339999,59.96999],[5.425278,59.933327],[5.484166,59.86055],[5.492777,59.794167],[5.423888,59.753052],[5.413055,59.751663]]],[[[5.525,59.893326],[5.503333,59.895271],[5.357778,59.986938],[5.452777,60.04416700000013],[5.658055,60.075272],[5.659721,59.99389],[5.595,59.9272160000001],[5.53361,59.896111],[5.525,59.893326]]],[[[5.268055,60.004997],[5.191667,60.015831],[5.168056,60.031387],[5.156388000000106,60.063332000000116],[5.172777,60.12167],[5.223611,60.095833],[5.27194,60.039993],[5.268055,60.004997]]],[[[5.954721,60.089439],[5.931389000000138,60.07471],[5.911388000000102,60.11193800000012],[5.915,60.135826],[5.937222000000133,60.1525],[5.990555,60.16083],[6.020555,60.141663],[6.017777,60.112778],[5.961944,60.092773000000136],[5.954721,60.089439]]],[[[5.216944000000126,60.241943],[5.199166,60.244438],[5.213888,60.257774],[5.233333,60.254715],[5.225555,60.244438],[5.216944000000126,60.241943]]],[[[5.111944,60.185829],[4.961389000000111,60.23583200000013],[4.93139,60.28860500000013],[4.9425,60.427498],[4.97278,60.440826],[5.08944,60.32611],[5.112778000000105,60.198326],[5.111944,60.185829]]],[[[5.195277,60.408882],[5.138611,60.39611100000013],[5.02083,60.492218],[5.000833,60.531105],[5.179444000000103,60.48277300000012],[5.201666,60.459717],[5.206944000000135,60.416939],[5.195277,60.408882]]],[[[5.185277,60.506104],[4.987222,60.561104],[4.926944000000105,60.60527],[5.113333,60.58111],[5.189166,60.54277],[5.193889,60.50888800000013],[5.185277,60.506104]]],[[[5.549999,60.43138900000014],[5.48361100000011,60.442215],[5.36,60.52388800000011],[5.39583,60.552216],[5.563333,60.61639],[5.584444,60.633888],[5.592777000000126,60.683884],[5.618889,60.690277],[5.682500000000118,60.679443],[5.69361,60.643326],[5.681666,60.47277],[5.606111000000112,60.43721800000014],[5.549999,60.43138900000014]]],[[[5.158333,60.581665],[5.007777,60.619995],[4.916944000000115,60.671661],[4.854444,60.732498],[4.98,60.71472200000011],[5.15583,60.587219],[5.158333,60.581665]]],[[[4.696388,60.98722],[4.64157,61.0],[4.622777,61.01638800000012],[4.62361,61.05971],[4.652778,61.073051],[4.676389,61.062492],[4.714999,60.991943],[4.696388,60.98722]]],[[[4.986388,61.10443900000013],[4.968055,61.085548],[4.91,61.065552],[4.856111,61.094719],[4.817778,61.071663],[4.804722,61.044441],[4.78805,61.146385],[4.849999,61.17999300000014],[4.938889,61.18833],[4.959722,61.176384],[4.986944000000108,61.111382000000106],[4.986388,61.10443900000013]]],[[[4.934166,61.77416],[4.88111,61.78666],[4.804166,61.84055],[4.86805500000014,61.88528],[4.914166000000137,61.897774],[5.221944000000121,61.84555],[5.219722000000104,61.835274],[5.174999,61.82222],[4.996111,61.78555300000011],[4.934166,61.77416]]],[[[5.068055,61.92305],[5.059166000000118,61.92055],[5.009722,62.01361],[5.099722,62.01916],[5.127222,61.992493],[5.074444,61.927216],[5.068055,61.92305]]],[[[5.647778,62.187492],[5.54,62.187492],[5.50555,62.21916],[5.54805,62.282494],[5.57694,62.289444],[5.70167,62.293884000000105],[5.808055,62.273048],[5.78889,62.209442],[5.698333,62.19055200000014],[5.647778,62.187492]]],[[[5.840555000000109,62.239998],[5.827222,62.239716],[5.851666000000137,62.27861],[5.836944,62.32777],[5.800833,62.337494],[5.803055,62.360832],[5.842777,62.405548],[5.892221,62.423882],[5.971944000000121,62.415276],[6.02667,62.35277600000012],[6.023889,62.327217],[5.861666000000127,62.243889],[5.840555000000109,62.239998]]],[[[6.253888,62.39166300000011],[6.096389000000102,62.39388300000013],[6.060277,62.404999],[6.023055000000113,62.43555],[6.189166,62.442215],[6.32805500000012,62.417496],[6.326666000000102,62.40361],[6.286944000000119,62.396385],[6.253888,62.39166300000011]]],[[[6.736666,62.66722],[6.677777000000106,62.65361],[6.650277,62.67499],[6.69361,62.73194100000012],[6.875833,62.74360700000011],[6.901667,62.73444400000011],[6.91944,62.70916000000011],[6.911388000000102,62.694160000000124],[6.747222,62.669167],[6.736666,62.66722]]],[[[6.886389,62.776939],[6.782777,62.80527500000011],[6.775277000000131,62.839996],[6.785277000000121,62.848053],[6.940555,62.844444],[6.94694,62.82361],[6.897222,62.778885000000116],[6.886389,62.776939]]],[[[7.548333,62.948326],[7.510278,62.93860600000011],[7.368610000000103,62.98583200000013],[7.399166,63.057495],[7.60444,63.093048000000124],[7.65,63.081108],[7.711944,63.002495],[7.700000000000102,62.995277],[7.548333,62.948326]]],[[[7.809722000000136,63.023331],[7.778333,63.01749400000011],[7.683332,63.051109],[7.71528,63.088051],[7.898611,63.09],[7.91528,63.079163],[7.902222,63.056664],[7.838333,63.03055],[7.809722000000136,63.023331]]],[[[8.268610000000137,63.158882],[8.208887,63.159164],[8.17833,63.21139],[8.202776,63.22694400000012],[8.239166,63.224442],[8.309166,63.16305],[8.268610000000137,63.158882]]],[[[8.060276,63.14166],[7.979166,63.141106],[7.92639,63.171944],[8.086111,63.23610700000012],[8.14194300000014,63.221664],[8.17305,63.190277],[8.186388000000136,63.153053],[8.086666,63.142776],[8.060276,63.14166]]],[[[8.391109,63.159164],[8.34805,63.167221],[8.26638800000012,63.231667],[8.269722000000115,63.26611],[8.425278000000105,63.284439],[8.572222,63.200554],[8.567499,63.176666000000125],[8.487778,63.160271],[8.391109,63.159164]]],[[[8.511944,63.319160000000124],[8.43111,63.33194],[8.491943,63.375275],[8.541943000000117,63.386383],[8.615833000000123,63.378609],[8.675833000000125,63.346664],[8.646111000000133,63.32777],[8.56278,63.319160000000124],[8.511944,63.319160000000124]]],[[[8.162222,63.361382],[8.093054,63.327217],[7.985277,63.308884],[7.991388,63.344444],[7.803333000000123,63.362778],[7.785,63.381386000000134],[7.780555,63.410553],[7.98805,63.466942],[8.09166,63.46666],[8.183611,63.386108],[8.162222,63.361382]]],[[[8.494165,63.428329],[8.29528,63.438606],[8.279999,63.464722],[8.29722,63.49944],[8.45167,63.561386],[8.614443,63.568329],[8.61472,63.609161],[8.815277,63.63916],[8.971109,63.65361],[9.173332,63.55861],[8.931110000000103,63.491104],[8.66,63.468887],[8.505554,63.429993],[8.494165,63.428329]]],[[[8.808332,63.810272],[8.82778,63.722496],[8.79444,63.697495],[8.474165,63.662216000000114],[8.453609000000142,63.67749800000013],[8.306944,63.66083],[8.273888,63.68416600000012],[8.528889,63.719444000000124],[8.673887,63.756943],[8.685276,63.768051],[8.67333,63.77082800000011],[8.729443000000117,63.800278],[8.79777700000011,63.81277],[8.808332,63.810272]]],[[[11.06278,63.75972000000013],[11.034721,63.74388900000014],[11.014166000000102,63.75416600000011],[11.054722,63.797775],[11.207222000000115,63.814163],[11.22778,63.808884],[11.22472,63.797775],[11.148611,63.790276],[11.07,63.763611],[11.06278,63.75972000000013]]],[[[11.453609,64.51416],[11.41805,64.47194],[11.270555,64.511383],[11.18611,64.50417],[11.044443,64.59388700000011],[11.03805,64.616379],[11.043333,64.634155],[11.086943,64.6499940000001],[11.453888,64.520554],[11.453609,64.51416]]],[[[11.35139,64.6499940000001],[11.339998,64.61804200000012],[11.310833,64.596664],[11.253887,64.639435],[11.17610900000011,64.64444],[11.197777,64.67387400000013],[11.254166,64.682495],[11.294998,64.683609],[11.349443,64.659714],[11.35139,64.6499940000001]]],[[[11.261665,64.88472],[11.21361,64.85554500000012],[11.128887,64.82944],[10.951387,64.86972],[10.839443,64.843597],[10.82472,64.8499910000001],[11.10611,64.950272],[11.26583,64.888046],[11.261665,64.88472]]],[[[11.110832,64.96582],[10.763611,64.85249],[10.73972,64.84944],[10.731388,64.86027500000012],[10.747221,64.90388500000012],[10.777777000000128,64.918884],[11.000277,64.95776],[11.024443,64.967209],[11.029999,64.9861],[11.115833000000123,64.9711],[11.110832,64.96582]]],[[[11.636665000000107,65.065277],[11.582222000000115,65.039154],[11.534166000000141,65.04887400000013],[11.540277,65.083328],[11.56778,65.092209],[11.649166,65.114441],[11.763611,65.11555],[11.772778,65.113602],[11.749166,65.096375],[11.674999,65.07638],[11.636665000000107,65.065277]]],[[[12.156387,65.051376],[11.98167,65.07638],[12.09861,65.18277000000012],[12.171665,65.20694000000015],[12.19611,65.2061000000001],[12.261944,65.166107],[12.316666,65.104156],[12.198889,65.059998],[12.156387,65.051376]]],[[[12.075277,65.21138000000013],[12.063055,65.20999],[12.112499000000128,65.276657],[12.174166,65.403046],[12.222500000000139,65.541931],[12.258055000000127,65.57611],[12.29139,65.570541],[12.396111,65.505554],[12.44444,65.467209],[12.502777,65.39194],[12.188055000000134,65.245544],[12.085833,65.213608],[12.075277,65.21138000000013]]],[[[11.974165,65.626938],[11.900555,65.58305400000012],[11.903332,65.5961],[11.863054,65.61166400000013],[11.76722100000012,65.607498],[11.75861,65.61694],[11.769722000000115,65.634995],[11.814722,65.68332],[11.894444,65.704437],[11.99361,65.698608],[12.005278,65.6730500000001],[11.974165,65.626938]]],[[[12.5425,65.896942],[12.486666000000127,65.87027],[12.43861,65.864166],[12.481388,65.893051],[12.414999,65.8936],[12.424444000000108,65.924164],[12.464722000000108,65.97388],[12.534166000000141,65.9997100000001],[12.634998,66.017776],[12.8825,66.020554],[12.90361,66.008606],[12.684444,65.95776400000011],[12.549166,65.90138200000013],[12.5425,65.896942]]],[[[12.352499,66.02249100000012],[12.292500000000132,66.01277],[12.34333,66.07777],[12.481388,66.13165300000014],[12.433611,66.165833],[12.56333,66.217773],[12.60555,66.188049],[12.657221,66.104721],[12.6475,66.08804],[12.4075,66.033051],[12.352499,66.02249100000012]]],[[[12.986666,66.228333],[12.93222,66.230545],[13.0225,66.271378],[13.158333,66.277496],[12.998055,66.230545],[12.986666,66.228333]]],[[[12.796665,66.214432],[12.715277000000128,66.24110400000012],[12.776667,66.279709],[12.86583,66.281937],[12.876389000000131,66.26944],[12.8522210000001,66.23332],[12.796665,66.214432]]],[[[14.257776,67.133041],[14.208055,67.007217],[14.16444,66.99777],[14.122499,67.05138],[14.080276,67.06972],[13.99111,67.078598],[14.058611,67.117218],[14.208055,67.13777],[14.257776,67.133041]]],[[[14.253054,67.358597],[14.21666,67.358322],[14.260277,67.390274],[14.352499,67.424438],[14.375832000000116,67.4166560000001],[14.354166000000134,67.377487],[14.326666000000102,67.3688810000001],[14.253054,67.358597]]],[[[15.202221000000122,67.900269],[14.960833,67.90777600000013],[14.931665,67.923874],[14.967222,67.954163],[15.09,67.953598],[15.30361,67.92027300000012],[15.227777,67.90332],[15.202221000000122,67.900269]]],[[[15.90333,67.978882],[15.515554,67.97999600000014],[15.498888,67.9877780000001],[15.51833,68.003052],[15.621666000000118,68.015],[15.85111000000012,68.013611],[15.92333200000013,67.98498500000011],[15.90333,67.978882]]],[[[12.841944000000126,67.808609],[12.785555,67.814713],[12.93805,68.000824],[13.05472200000014,68.10194400000012],[13.155832,68.0811],[13.13722,67.959152],[13.009998,67.87666300000012],[12.841944000000126,67.808609]]],[[[13.438055,68.112778],[13.382500000000107,68.02861000000013],[13.239166,67.98527500000012],[13.210833,68.036102],[13.196388,68.036942],[13.184721000000138,68.00499000000013],[13.16305,68.011383],[13.16361,68.047485],[13.299166000000127,68.14971900000012],[13.385555,68.146652],[13.436666,68.118607],[13.438055,68.112778]]],[[[14.870554,68.21165500000012],[14.83861,68.21165500000012],[14.817778,68.229996],[14.826111,68.25444],[14.88222,68.27583300000015],[14.916111,68.279709],[14.943609,68.26304600000014],[14.88139,68.21443],[14.870554,68.21165500000012]]],[[[13.968332,68.238327],[14.024721000000113,68.242218],[14.029444,68.256653],[14.048611,68.261658],[14.132776,68.244431],[14.128611,68.22804],[14.039165,68.177216],[13.860277,68.158875],[13.836666,68.13611],[13.84861,68.121384],[13.835554,68.104721],[13.685555,68.061935],[13.644722,68.06666600000011],[13.624722,68.08387800000014],[13.56194,68.07332],[13.521111000000133,68.039444],[13.503054,68.04054300000013],[13.449720000000127,68.06749],[13.529444,68.12609900000012],[13.534443000000124,68.229156],[13.514444,68.23471100000012],[13.56361,68.260818],[13.67639,68.285828],[13.952221,68.23999],[13.968332,68.238327]]],[[[13.97333,68.253326],[13.889444,68.287216],[13.883333,68.3022160000001],[13.92916,68.32026700000011],[13.995832,68.305542],[13.99805,68.26555],[13.985554,68.255264],[13.97333,68.253326]]],[[[14.203609,68.23916600000013],[14.170555,68.24137900000011],[14.054998,68.286942],[14.049444,68.303329],[14.068888,68.32026700000011],[14.132776,68.32026700000011],[14.229166,68.293045],[14.245277,68.26778],[14.214167,68.241943],[14.203609,68.23916600000013]]],[[[15.026388,68.35499600000014],[14.77139,68.25749200000013],[14.5325,68.200546],[14.205832,68.14915],[14.20194400000014,68.200272],[14.317221,68.315277],[14.35555,68.31694],[14.41361,68.29277000000013],[14.495277000000101,68.297775],[14.502777,68.309158],[14.47527700000012,68.3374940000001],[14.43111,68.35582000000011],[14.639721000000122,68.42555],[14.758888,68.42860400000012],[14.80472200000014,68.41777],[14.80805400000014,68.386879],[14.766555,68.367882],[14.753332,68.345825],[14.861332,68.380432],[14.85533,68.400101],[14.89583,68.42887900000011],[15.158609000000126,68.4524990000001],[15.168888,68.45054600000014],[15.156111,68.44028],[15.03444,68.359436],[15.026388,68.35499600000014]]],[[[16.405552,68.411102],[16.203331000000105,68.400833],[16.121109000000104,68.376389],[16.094444,68.39665200000013],[16.140553,68.478607],[16.234997,68.523041],[16.342499,68.533875],[16.414444,68.51277],[16.465,68.461105],[16.405552,68.411102]]],[[[17.116386,68.75249],[16.81361,68.72276],[16.839443,68.765549],[16.98778,68.852768],[17.013054,68.852768],[17.1475,68.774429],[17.141666,68.76527],[17.116386,68.75249]]],[[[17.241665,68.788605],[17.190552,68.79693600000013],[17.082222,68.8986],[17.10055,68.9188840000001],[17.331387,68.916382],[17.435276,68.870544],[17.413055,68.84499],[17.254444,68.790543],[17.241665,68.788605]]],[[[14.95444,68.872772],[14.83917,68.88194],[14.855276,68.93193100000013],[14.963888,68.924438],[14.973610000000122,68.87999],[14.95444,68.872772]]],[[[15.988054,68.751938],[15.940277,68.683884],[15.863888,68.646942],[15.76694300000014,68.621109],[15.739443000000108,68.52610800000014],[15.808611,68.5544430000001],[15.81916600000011,68.611664],[15.97639,68.66583300000013],[16.09083,68.732208],[16.11639,68.78],[16.088608,68.80249000000015],[16.099442,68.824707],[16.2041660000001,68.85527],[16.436386,68.847488],[16.544441,68.76416],[16.56805400000013,68.696381],[16.565,68.65193],[16.553886,68.6330410000001],[16.487778,68.598877],[16.501144,68.55246],[16.22194,68.547211],[16.082775,68.497498],[15.95222,68.376663],[15.869444,68.364441],[15.855555,68.431931],[15.697222000000124,68.34111],[15.588888,68.304993],[15.520832,68.333603],[15.348888,68.32361],[15.32194,68.340271],[15.387777,68.378876],[15.50111,68.41333],[15.57028,68.460831],[15.589167,68.47833300000013],[15.567778,68.502213],[15.542221,68.507492],[15.56055,68.47833300000013],[15.554165000000125,68.46611],[15.441111,68.41499],[15.256943,68.364716],[15.197222,68.31915300000014],[15.027222,68.249435],[14.986666,68.24749800000012],[14.984999,68.26304600000014],[15.0,68.303055],[15.24361,68.473053],[15.335833,68.485275],[15.262499,68.519989],[15.181665,68.522217],[15.222776,68.56055],[15.361666,68.587769],[15.45833,68.656937],[15.435555,68.703888],[15.45167,68.73],[15.623333,68.726944],[15.71361,68.69861],[15.64555,68.739166],[15.509165,68.73637400000013],[15.45167,68.7622070000001],[15.455,68.80387900000011],[15.63611,68.94665],[15.86972,68.964157],[15.908756,68.9567],[15.928888,68.886383],[15.870554,68.786377],[15.95666,68.78498800000011],[15.980276,68.77888],[15.9875,68.757492],[15.988054,68.751938]]],[[[16.53722,68.879715],[16.37611,68.90666],[16.26388,68.96138000000013],[16.265,68.97333],[16.29833200000013,68.99026500000014],[16.5725,68.96165500000012],[16.60722,68.935272],[16.591389,68.892212],[16.56277,68.883331],[16.53722,68.879715]]],[[[15.38278,68.84528],[15.403055000000109,68.70776400000011],[15.395832,68.67666600000013],[15.070276,68.575272],[14.864443,68.583878],[14.804443,68.612488],[14.82166500000011,68.638321],[15.157776000000126,68.69499200000013],[15.15,68.74916100000013],[15.00916,68.763885],[15.067221,68.738052],[14.996387,68.69832],[14.743889000000138,68.659164],[14.66361000000012,68.66666],[14.50111,68.601944],[14.436666,68.606934],[14.38305,68.65721100000013],[14.371111,68.6836090000001],[14.442499,68.765549],[14.529444,68.80499],[14.662498000000141,68.8274990000001],[14.689444,68.80499],[14.886665,68.754166],[14.910276,68.758606],[14.950554,68.80610700000011],[14.905277,68.841934],[14.951666000000102,68.86055],[15.067221,68.848328],[15.148611,68.81221],[15.15639,68.823318],[15.144999,68.83804],[15.005278,68.95166],[15.035,68.993042],[15.087776000000133,69.0080410000001],[15.13222100000013,69.011383],[15.165833000000134,68.99026500000014],[15.2066650000001,68.89942900000011],[15.37528,68.849442],[15.38278,68.84528]]],[[[17.416943,68.99582],[17.358608,68.987213],[17.352776,69.024155],[17.418888,69.07582100000013],[17.56388900000013,69.08972200000011],[17.52277800000013,69.047485],[17.44278,69.00833],[17.416943,68.99582]]],[[[15.5225,68.9060970000001],[15.468054,68.874161],[15.43611,68.88276700000011],[15.415277,68.901657],[15.42111,68.97305],[15.56028,69.094711],[15.645277,69.127777],[15.77361100000013,69.146378],[15.86360900000011,69.238602],[15.994444,69.28776600000015],[16.11194,69.31277],[16.148052,69.286377],[16.154999,69.264999],[16.081665,69.152771],[15.94444,69.09498600000012],[15.873888,69.053879],[15.863888,69.026108],[15.638054,68.981659],[15.5225,68.9060970000001]]],[[[17.63661,69.516045],[17.696388,69.51277],[17.66861,69.546387],[17.651943,69.594162],[17.84417,69.589157],[17.964443,69.52304100000015],[18.074165000000107,69.430832],[18.09722,69.352768],[17.968887,69.34304800000012],[17.90860700000013,69.321381],[17.875832000000116,69.23972],[17.952221000000122,69.199432],[17.998608,69.20055],[18.003609,69.190277],[17.862499,69.162766],[17.583885,69.156937],[17.522221,69.190277],[17.406944000000124,69.16165200000012],[17.21194,69.090271],[17.161663,69.04805],[17.205830000000105,69.043045],[17.209999,69.02804600000013],[17.09278,69.00360100000012],[17.045555,69.003326],[17.037498,69.02221700000013],[17.128887,69.06471],[17.135555,69.07527],[17.12611,69.078888],[16.956108,69.06776],[16.889164000000108,69.05137600000012],[16.81166500000012,69.049713],[16.775276,69.06443800000011],[16.767498,69.090271],[16.80139,69.116379],[17.004444,69.12999],[17.136944,69.171387],[17.17388,69.19583],[17.085831,69.17832900000013],[17.032497,69.18110700000011],[16.940277,69.19472],[16.875832000000116,69.22137],[17.001389,69.232773],[17.10833,69.223602],[17.14277600000014,69.24943],[17.068443,69.277161],[17.03928,69.268494],[16.89666,69.29971300000011],[16.91333,69.31388900000013],[17.09987600000011,69.316078],[17.081944,69.3445],[16.87611,69.35611000000011],[16.930832,69.39248700000013],[17.490276000000108,69.421936],[17.453053000000125,69.435272],[17.32,69.436935],[17.234165,69.455551],[17.186943,69.490829],[17.196663000000115,69.50000000000011],[17.29583,69.46138],[17.365387,69.478493],[17.304443,69.520828],[17.32361,69.531937],[17.457222000000115,69.5122070000001],[17.5425,69.486374],[17.59,69.45527600000014],[17.610165,69.477158],[17.519997,69.534714],[17.47361,69.540543],[17.459442,69.564713],[17.46917,69.5977630000001],[17.538609000000122,69.580826],[17.61694100000011,69.5282140000001],[17.63661,69.516045]]],[[[30.155552,69.781662],[30.110554,69.787216],[30.12611,69.797485],[30.15333,69.786652],[30.155552,69.781662]]],[[[18.889999,69.69194],[18.794167,69.671936],[18.7675,69.63472],[18.820274,69.62666300000012],[18.846386,69.598328],[18.738331,69.55777],[18.610832,69.56027200000011],[18.190552,69.53],[17.99944,69.583328],[18.031944,69.62220800000011],[18.146385000000123,69.63861],[18.268608,69.619156],[18.279999,69.63582],[18.1877750000001,69.701385],[18.19722,69.708878],[18.63222100000013,69.689713],[18.610832,69.701935],[18.351665,69.72333],[18.324444,69.77415500000012],[18.387218,69.794434],[18.481941,69.760818],[18.63444,69.763321],[18.656109,69.71138000000013],[18.709721,69.684158],[18.751389,69.68277000000012],[18.760277,69.68693500000012],[18.766388,69.765549],[18.75333000000012,69.801102],[18.688332,69.827209],[18.661942,69.8611],[18.66416500000014,69.872772],[18.69305,69.88443],[18.821388,69.88055400000013],[19.04361,69.801102],[19.06472,69.77165200000013],[19.05972,69.75943],[18.912498,69.697495],[18.889999,69.69194]]],[[[20.680275,69.80861],[20.60444,69.79609700000015],[20.56444,69.80777],[20.55639,69.85110500000013],[20.611111000000108,69.902771],[20.739166,69.90527],[20.734997,69.82249500000012],[20.71722,69.81555200000014],[20.680275,69.80861]]],[[[29.826664,69.756943],[29.716389000000106,69.766937],[29.808542,69.8219150000001],[29.821663,69.901382],[29.84194200000013,69.91026],[30.002777,69.88472],[30.04805,69.8274990000001],[30.0425,69.80832],[29.838608000000136,69.75943],[29.826664,69.756943]]],[[[21.730274,69.93110700000011],[21.681389,69.927765],[21.66861,69.9419400000001],[21.71722,69.949707],[21.73472,69.93639],[21.730274,69.93110700000011]]],[[[19.567219,69.85165400000011],[19.473888,69.83972],[19.459442,69.842499],[19.464165,69.85110500000013],[19.798054,70.00055],[19.845554,69.99554400000011],[19.897499,69.96666],[19.783333,69.868042],[19.7275,69.86249],[19.567219,69.85165400000011]]],[[[19.959164,70.005554],[19.90361,70.011383],[19.908607,70.01998900000012],[19.996109,70.012772],[19.959164,70.005554]]],[[[20.892567,70.030815],[20.947498,70.00183900000013],[21.1025,70.004715],[20.95277,69.945541],[20.823887,69.937485],[20.79722,69.94776900000011],[20.758053,69.99582],[20.798054,70.038879],[20.838055,70.04416],[20.892567,70.030815]]],[[[21.000832000000116,70.01971400000014],[20.951942,70.02583300000015],[21.011944,70.06248],[21.040276,70.059158],[21.051109,70.04470800000013],[21.025555,70.024429],[21.000832000000116,70.01971400000014]]],[[[19.300552,70.02611],[19.42361,69.986938],[19.414719,70.01332],[19.486942000000113,70.047775],[19.527775,70.05249],[19.65194300000013,70.020264],[19.69194,69.99472000000014],[19.681389,69.97583],[19.509441,69.90222200000011],[19.395,69.827774],[19.287777,69.804993],[19.099720000000104,69.79138200000011],[19.04166400000014,69.837219],[18.955276,69.87027000000012],[18.73083,69.924988],[18.725,69.945267],[18.85555,70.013611],[18.946388,70.027771],[19.054443,70.020264],[19.16166,70.085831],[19.23139,70.09304800000012],[19.301666,70.059998],[19.29361,70.030548],[19.300552,70.02611]]],[[[18.785,70.11137400000013],[18.79722,70.102493],[18.93666500000012,70.12027],[19.000275,70.078049],[18.97055,70.05722],[18.839165,70.047485],[18.74638700000014,69.99693300000013],[18.691666,69.992493],[18.658886,70.04388],[18.71444300000013,70.13082900000012],[18.75333000000012,70.12749],[18.785,70.11137400000013]]],[[[20.91972,70.07944],[20.865555,70.0769350000001],[20.822498,70.095276],[20.81472,70.116104],[20.828888,70.13526900000011],[20.85083,70.151657],[20.935833,70.113602],[20.94472,70.1041560000001],[20.926666,70.085266],[20.91972,70.07944]]],[[[19.6075,70.101944],[19.53194,70.098328],[19.364166,70.12305],[19.3525,70.13749700000011],[19.400833,70.17638],[19.431389000000138,70.17776500000014],[19.59471900000011,70.13082900000012],[19.61555,70.10693400000014],[19.6075,70.101944]]],[[[20.831944000000135,70.19388],[20.79472,70.059708],[20.783886,70.05638],[20.609444,70.042221],[20.562775,70.076385],[20.515831000000105,70.05749500000013],[20.467499,70.059158],[20.398331,70.079163],[20.38583,70.10443],[20.42999600000013,70.184158],[20.57777,70.23111],[20.752499,70.234161],[20.832497,70.199432],[20.831944000000135,70.19388]]],[[[19.1852760000001,70.122498],[19.141388,70.119431],[19.033607,70.161102],[19.135277,70.2461090000001],[19.202221,70.257217],[19.248055,70.2461090000001],[19.260830000000112,70.17805],[19.23278,70.133331],[19.212498,70.125824],[19.1852760000001,70.122498]]],[[[20.11278,70.10472],[19.988331,70.058044],[19.77,70.065277],[19.74889,70.083603],[19.74889,70.133881],[19.706944,70.175827],[19.639999000000103,70.212769],[19.545277,70.2333220000001],[19.53611,70.248322],[19.673611000000108,70.28776600000015],[19.796665,70.194443],[19.84639,70.1730500000001],[20.11972,70.11804200000012],[20.11278,70.10472]]],[[[21.772778,70.266663],[21.73222,70.26138],[21.69722,70.28860500000013],[21.68416600000012,70.319153],[21.697777,70.381943],[21.735832,70.386658],[21.841389,70.350266],[21.841389,70.333878],[21.779999,70.272217],[21.772778,70.266663]]],[[[22.834721,70.332214],[22.948055,70.319153],[23.021385000000123,70.264709],[23.0191650000001,70.253326],[22.976109000000122,70.245819],[22.778889,70.2486],[22.43777,70.29193],[22.368610000000103,70.33444],[22.472221,70.374985],[22.68111,70.390823],[22.69805,70.361099],[22.834721,70.332214]]],[[[23.595833,70.57805],[23.653053,70.50138900000013],[23.659443000000124,70.462494],[23.643887,70.43832],[23.34528,70.308884],[23.230553,70.27832],[23.091942,70.284988],[22.851109,70.405823],[22.896111000000133,70.44832],[23.189999,70.54777500000012],[23.260555,70.531662],[23.406666,70.555267],[23.388885,70.62027],[23.53861,70.61194],[23.59194200000013,70.583054],[23.595833,70.57805]]],[[[23.871109,70.5122070000001],[23.757221,70.5191650000001],[23.704166,70.55249000000015],[23.63277,70.690552],[23.707222000000115,70.747208],[23.826385,70.744156],[24.03083,70.68609600000013],[24.121944,70.61999500000013],[24.121387,70.598602],[24.10555,70.587219],[23.952774,70.52249100000012],[23.899719,70.51471],[23.871109,70.5122070000001]]],[[[23.451664,70.7836],[23.4,70.736374],[23.300831,70.708878],[23.180832,70.650833],[23.08889,70.5811],[22.784164,70.519714],[22.763332,70.524719],[22.775276,70.546387],[22.746387,70.556656],[22.640831000000105,70.56555200000014],[22.629166,70.562485],[22.63499800000011,70.525543],[22.621109,70.515274],[22.340553,70.490265],[22.250000000000114,70.5061],[22.149441,70.4644320000001],[22.138332,70.477768],[22.155277,70.51249700000011],[22.252220000000136,70.5544430000001],[22.267776,70.59721400000012],[22.01472,70.604431],[21.95138500000013,70.640823],[21.96055200000012,70.65777600000013],[22.17444,70.64488],[22.27244,70.652878],[22.378052,70.675278],[22.373055,70.69083],[22.399166,70.71165500000012],[22.52083,70.711929],[22.66139,70.679993],[22.59389,70.649994],[22.60611,70.63582],[22.81944,70.64194],[22.828331000000105,70.646652],[22.799442000000113,70.69083],[22.717777,70.736374],[22.78360700000013,70.755264],[22.864441,70.728882],[22.897221000000116,70.68888900000013],[22.98055,70.6586],[23.10639,70.73416],[23.16000000000014,70.788605],[23.298611,70.770264],[23.340275,70.7836],[23.348053,70.789154],[23.322777,70.81193],[23.318054,70.859985],[23.368053,70.857498],[23.441109,70.81221],[23.451664,70.7836]]],[[[24.06194,70.908875],[23.909443,70.950821],[23.879444,70.98805],[23.92333200000013,71.01555],[23.97389,71.02583300000015],[24.078609000000142,71.022217],[24.2225,70.99472000000014],[24.243889,70.951935],[24.09222000000011,70.9124910000001],[24.06194,70.908875]]],[[[24.799442,71.02388],[24.65610900000013,71.047485],[24.64055,71.05583],[24.648052,71.07304],[24.738609,71.103043],[24.84861,71.093307],[24.8475,71.07387],[24.8077770000001,71.02722200000011],[24.799442,71.02388]]],[[[5.336944,61.592773],[5.282,61.586163],[5.346499000000108,61.589996],[5.282666,61.605663],[5.118055,61.60999],[5.23222,61.627495],[4.974444,61.62944],[4.938055000000134,61.67638],[4.983055,61.741661],[5.28111,61.8555530000001],[5.364166000000125,61.90583],[5.424444,61.91111],[5.595833,61.895271],[5.680833,61.879166],[5.744721,61.842216],[5.987499,61.83028],[6.246666000000118,61.8366620000001],[6.353333000000134,61.80999800000012],[6.469166,61.800827],[6.53361,61.814995],[6.549166,61.84777100000014],[6.583611,61.866661],[6.73889,61.85777300000012],[6.763611000000139,61.86805],[6.65167,61.884995],[6.567499,61.87971],[6.53528,61.867493],[6.508888,61.82999400000011],[6.490833,61.824997],[5.95128,61.869606],[5.788333,61.855827],[5.73,61.889999],[5.891944000000137,61.908886],[5.433611,61.934998],[5.148055,61.89222000000012],[5.101388,61.915833],[5.141944000000137,61.970833],[5.159721,61.974716],[5.187778,61.956383],[5.220277,61.961388],[5.40361,62.016106],[5.278889,62.074715],[5.09305,62.112221],[5.07361,62.153053],[5.0783330000001,62.17805],[5.150277,62.211937],[5.193889,62.20166000000012],[5.446666,62.057495],[5.47111,62.035],[5.46444,62.005554],[5.548333,62.078331000000105],[5.38944,62.116943000000106],[5.38444,62.128052],[5.415,62.175827],[5.455555000000118,62.184166],[5.683332,62.17222],[5.88194,62.19500000000011],[5.921111,62.17222],[5.919999,62.11360900000011],[6.357222,62.05527500000011],[6.365,62.058609000000104],[6.355556,62.066383],[6.265,62.08721900000012],[6.089999,62.104439],[5.919722,62.203331],[5.946666000000107,62.251663],[6.024166,62.298882000000106],[6.316944,62.369438000000116],[6.563055,62.15166],[6.564444,62.13916],[6.530277,62.113052],[6.53805,62.10472],[6.58833,62.1294400000001],[6.58611100000013,62.14694200000014],[6.48555,62.260551],[6.40861,62.314163],[6.38611,62.35055],[6.388333,62.36972000000014],[6.429444,62.39222],[6.709999,62.44444],[6.883055,62.411385],[6.871666,62.35721600000011],[6.92611,62.30805],[6.980833,62.284996],[7.000555,62.254166],[7.009166,62.186104],[6.942499000000112,62.140549],[6.940277,62.112221],[6.978333,62.088333],[7.04306,62.08638800000011],[7.090278,62.098053],[7.084722,62.110832],[7.010833000000105,62.09833],[6.967777000000126,62.11972],[7.03194,62.167496],[7.027778,62.269722],[7.306389000000138,62.27722200000011],[7.414721,62.22694400000012],[7.362499,62.276108000000136],[7.28889,62.290276],[7.171666,62.28],[6.975277,62.309998],[6.915277,62.36222],[6.973611,62.374161],[6.855277000000115,62.44944],[6.781388,62.478333],[6.393888000000118,62.419441],[6.257222,62.44888],[6.254167000000109,62.463333],[6.436666,62.49333200000012],[6.649833000000115,62.498383],[6.631944,62.512772],[6.542777,62.53083],[6.2675,62.529442],[6.246944,62.57471],[6.265,62.587219],[6.339167,62.60889],[6.54361,62.612221],[6.601666,62.583885],[6.757222,62.652771],[7.089999,62.64777400000014],[7.50694,62.543053],[7.539166,62.49916100000013],[7.575,62.54694400000011],[7.779722,62.571938],[7.723888,62.57916300000011],[7.524444,62.56027200000011],[7.474444000000119,62.566109],[7.418888,62.595551],[7.414721,62.627495],[7.601944,62.69194],[7.825,62.729721],[7.9875,62.73722],[8.145277000000135,62.689995000000124],[8.115,62.72305],[7.999722,62.76388500000013],[7.669444,62.72888],[7.494721,62.67999],[7.389999,62.68333],[7.367777000000103,62.726105],[7.541111,62.77583],[7.68111,62.79138200000011],[7.625833000000114,62.79527],[7.462777,62.777222],[7.326666000000102,62.74472],[6.958888,62.722496],[6.950277,62.725555],[6.991991,62.85655],[6.938333,62.9061],[6.949444,62.93139],[7.03639,62.967499],[7.271944000000133,63.01082600000012],[7.460555,62.91111],[7.568055,62.929718],[7.648889,62.969162],[7.747499,62.97694],[7.781388,62.971107],[7.78417,62.96054800000013],[7.67889,62.919167],[7.666666,62.91055],[7.676944,62.90833],[7.991388,62.971939],[8.085833,62.938889],[8.161665,62.80971],[8.48944,62.717216],[8.537498,62.684715],[8.548332,62.653885],[8.57,62.672493],[8.564722000000131,62.70861100000013],[8.5525,62.71666],[8.32278,62.804993],[8.240276,62.817772000000105],[8.18388700000014,62.84083],[8.168888,62.88472],[8.175833,62.914444],[8.141388,62.952217],[7.967777000000126,63.00416600000011],[7.90083,62.99472000000014],[7.876666,63.00444],[7.981667,63.084442],[8.089443,63.10694100000012],[8.135555,63.073326],[8.13278,63.040276],[8.30749900000012,62.9377750000001],[8.357777,62.88055400000013],[8.538887,62.844444],[8.54139,62.856667],[8.415277,62.953049000000135],[8.646944000000133,62.963882000000126],[8.66416,62.981941],[8.374443,62.971107],[8.22639,63.027771],[8.159166,63.1202770000001],[8.300833000000125,63.150833],[8.570833,63.13916],[8.574999000000105,63.167221],[8.63139,63.18249500000013],[8.938332,63.20666],[8.625277,63.19778],[8.48166700000013,63.28999],[8.534443,63.308609],[8.65111,63.314438],[8.759443,63.339722],[8.703054,63.351662],[8.641943,63.386108],[8.63889,63.401382],[8.652777000000128,63.409164],[8.967777,63.444717],[9.004999,63.4675],[9.108889,63.417221],[9.146111,63.374161],[9.23139,63.35388200000011],[9.408333000000141,63.37249800000012],[9.478611,63.40305],[9.395,63.382774],[9.202221,63.36972000000014],[9.162222,63.391388],[9.156666,63.49555],[9.242777,63.534721],[9.416666,63.533882],[9.53889,63.60611],[9.717499,63.630272000000105],[9.9566650000001,63.440826],[9.94333300000011,63.393051],[9.97611000000012,63.35611],[10.254721,63.29027600000012],[10.256666,63.26111],[10.27277800000013,63.27055400000012],[10.27916,63.313889],[10.257500000000107,63.337219],[10.1225,63.347496],[10.04611,63.37694],[10.04722,63.406105],[10.095833,63.433327],[10.27861,63.463608],[10.443333,63.452499],[10.550833,63.430832],[10.910276,63.45111],[10.9147210000001,63.4611],[10.885832,63.469719],[10.781666,63.48027],[10.75999800000011,63.50972],[10.792776,63.538605],[10.919998,63.55305],[10.92166,63.598328],[10.88389,63.602493],[10.669443,63.542496],[10.65889,63.549995],[10.720554,63.604996],[10.959166,63.698883],[11.03694,63.713333],[11.084444,63.698883],[11.155554,63.705826000000116],[11.218611,63.733604],[11.228611,63.758049],[11.25361,63.767776],[11.461943,63.79193900000013],[11.459444,63.809441],[11.41528,63.846107],[11.267221,63.86833200000012],[11.1433320000001,63.843605],[11.096666,63.85583],[11.090555000000109,63.87832600000013],[11.102777,63.89361],[11.26472,63.960831],[11.435833000000116,63.978333000000134],[11.495832,64.008041],[11.492777,64.01944000000015],[11.318888,64.032211],[11.358332000000132,64.1105500000001],[11.30583,64.11637900000011],[11.180277,64.008041],[10.945276,63.934441],[10.89777800000013,63.905548],[10.69333,63.856384000000105],[10.574165,63.804993],[10.639444,63.814163],[10.89277600000014,63.892776],[11.014444,63.877777],[11.07722,63.83749],[10.941944,63.73805],[10.64167,63.671104],[10.60861,63.635826],[10.392776,63.568886000000134],[10.225277,63.55305],[10.092777000000126,63.50222],[10.0,63.495255],[9.91972,63.506386],[9.809999,63.61972],[9.789165,63.66249800000014],[9.808332,63.690552],[9.86305,63.689995000000124],[10.004999,63.720551],[10.09833,63.76194],[10.00528,63.7725],[9.56028,63.65916],[9.539444,63.662773],[9.54666,63.768608],[9.86194,63.886108],[10.136944,63.939438],[10.189722,63.93055],[10.119999,63.985275],[9.98222,63.990555],[10.020277,64.066376],[10.166111000000114,64.18971],[10.447222,64.324158],[10.47805,64.35582],[10.505278,64.367493],[10.549721,64.365265],[10.603611,64.34027100000014],[10.652222,64.35304300000013],[10.566186,64.389748],[10.460734,64.40281700000014],[10.495291,64.423813],[10.651388,64.425278],[10.808054,64.365829],[10.85305,64.37249800000012],[10.791388,64.438049],[10.695,64.43277],[10.658054,64.44999700000011],[10.802776,64.50610400000011],[10.90111000000013,64.48999000000015],[10.959166,64.600555],[11.061666,64.56944],[11.06722,64.516937],[11.273333,64.45166],[11.28555,64.37443],[11.221666,64.31610100000012],[11.34472,64.38916000000012],[11.43861,64.465],[11.450554,64.498596],[11.504166,64.541931],[11.620554,64.55194],[11.728054,64.579712],[11.6875,64.58972200000011],[11.546389,64.56305],[11.515554000000122,64.567764],[11.399166,64.66333],[11.3925,64.67332],[11.41778,64.69776900000011],[11.592222000000106,64.771103],[11.73860900000011,64.76944],[11.84055,64.79277000000013],[11.64305,64.81805400000013],[11.658054,64.844986],[11.733332000000132,64.875549],[12.080555000000118,64.958603],[12.15055500000011,64.95166000000012],[12.176109,64.935272],[12.219444,64.94166600000011],[12.08861,64.972763],[11.913332,64.94499200000013],[11.747221,64.892776],[11.375832,64.745819],[11.24444,64.73082],[11.241665000000125,64.738602],[11.2925,64.75055],[11.37472,64.80554],[11.234165,64.816101],[11.2675,64.839432],[11.549721,64.863876],[11.700554,64.900269],[11.25694,64.853043],[11.246387,64.85582000000011],[11.297222,64.88361],[11.5525,64.95054600000014],[11.62361,64.962494],[11.68505,64.955215],[11.779999,64.9736],[11.810276,65.01138300000014],[11.974998,65.06582600000013],[12.00861,65.058044],[12.01944,65.026108],[12.047499,65.05583200000012],[12.148888,65.039154],[12.420555,65.08444],[12.624722,65.13361],[12.939722,65.30832],[12.946388,65.326111],[12.922222,65.328323],[12.67461,65.200386],[12.4772210000001,65.13333100000011],[12.384165,65.14166300000011],[12.36666,65.15332],[12.422222,65.23054500000012],[12.674389000000133,65.248932],[12.64861100000013,65.264435],[12.367777,65.26944],[12.24889,65.228607],[12.335833,65.292221],[12.53801,65.377884],[12.48111,65.44332900000012],[12.55611,65.44722],[12.634165,65.40805100000011],[12.638054,65.4188840000001],[12.56194,65.50444],[12.531111000000124,65.516937],[12.481943,65.511658],[12.395555,65.541931],[12.35555,65.590271],[12.351665,65.63638300000014],[12.360832,65.6477660000001],[12.438055,65.702774],[12.508333,65.72916],[12.575277,65.71333300000015],[12.612778,65.66777],[12.615276000000108,65.64665200000013],[12.746387,65.627213],[12.78861,65.63638300000014],[12.66639,65.680267],[12.55110900000011,65.748886],[12.6675,65.916931],[12.82833,65.968323],[13.05555500000014,65.90138200000013],[13.174999,65.84915200000012],[13.12194,65.940277],[13.062222,65.940826],[12.931944000000101,65.97499],[12.926943,65.989166],[12.959444,66.042221],[12.905554,66.05388],[12.728333,66.038605],[12.67389,66.0669400000001],[12.83389,66.12666300000012],[13.068609,66.146652],[13.2272210000001,66.18083],[13.31194,66.220825],[13.549999,66.23582],[13.58083,66.226654],[13.576387,66.207489],[13.527222,66.19332900000012],[13.525833,66.12220800000011],[13.54972,66.10055],[13.610277,66.189163],[13.662222,66.226654],[13.759722000000124,66.236938],[13.855276,66.2211],[13.99889,66.248886],[14.14667,66.321655],[14.118889000000138,66.337769],[13.967222,66.300827],[13.747221000000138,66.276657],[13.719444000000124,66.252213],[13.63944400000014,66.238876],[13.48222,66.251938],[13.367222,66.241379],[13.074720000000127,66.175552],[13.027222000000108,66.18609600000013],[13.029444000000126,66.196381],[13.21611,66.274994],[13.335278,66.299988],[13.536388000000102,66.303604],[13.326944,66.318054],[13.192221,66.29332],[13.023333,66.32222],[13.001389,66.345825],[13.007221,66.35582],[13.144722000000115,66.38749700000011],[13.17139,66.406097],[13.0875,66.493607],[13.020832,66.49720800000011],[12.97,66.518326],[13.108332000000132,66.536942],[13.21361000000013,66.50722],[13.456944,66.558884],[13.483889,66.577499],[13.566387000000134,66.598602],[13.72555,66.601944],[13.5275,66.606659],[13.467777,66.589722],[13.414444000000117,66.55415],[13.234165,66.545547],[13.204721,66.554993],[13.173054,66.645554],[13.195833000000107,66.66305],[13.535831,66.63472],[13.481833000000108,66.66387900000012],[13.302776,66.68805],[13.2280540000001,66.712494],[13.402498,66.7166600000001],[13.565832,66.690826],[13.703609000000142,66.69055200000014],[13.864166,66.71944],[13.88778,66.7333220000001],[13.559166,66.707764],[13.539444,66.73193],[13.55528,66.752487],[13.695722,66.760162],[13.545277,66.76721],[13.506666,66.78027],[13.51055,66.789719],[13.616665,66.806381],[13.990833,66.7836],[13.934999,66.801102],[13.830832,66.801941],[13.692221,66.82998700000013],[13.52638800000011,66.89444],[13.546944,66.926666],[13.75611,66.93748],[13.956944,66.92027300000012],[14.122499,66.98027],[14.218054000000109,66.974442],[14.2683320000001,67.01416],[14.27111,67.036377],[14.304165,67.05360400000012],[14.394999,67.060547],[14.52583,67.044998],[14.551109,67.03416400000015],[14.55305,67.011108],[14.564722,67.013046],[14.596666,67.03583],[14.563332000000116,67.05638],[14.26528,67.078598],[14.32111,67.14194],[14.448332,67.164444],[14.705832,67.153046],[14.728888,67.118042],[14.748333000000116,67.117218],[14.75,67.1436000000001],[14.7125,67.163055],[14.513887000000125,67.1772160000001],[14.574165,67.194717],[14.787777,67.21165500000012],[14.92778,67.206375],[14.938332000000116,67.20221],[14.929722,67.17248],[14.89138800000012,67.146103],[14.988054,67.08943],[15.0075,67.095551],[15.00778,67.10749800000013],[14.93111,67.146103],[15.0158330000001,67.201385],[15.076111,67.2102660000001],[15.251665,67.18582],[15.378887,67.158875],[15.395832,67.14555400000012],[15.389166,67.114716],[15.45389,67.07193000000012],[15.495554,67.06528],[15.472221,67.139709],[15.382221,67.201385],[15.483055,67.207489],[15.739721,67.17248],[15.69611,67.206665],[15.41389,67.23527500000012],[15.261389,67.24110400000012],[15.19611,67.22999600000014],[15.063889,67.248047],[15.14361,67.270264],[15.161943000000122,67.299713],[15.151943,67.308884],[14.859165000000132,67.273605],[14.825277,67.248047],[14.668610000000115,67.207489],[14.624166,67.208603],[14.54639,67.24693300000013],[14.361666,67.23389],[14.362499,67.24721],[14.560276,67.349152],[14.573055,67.395264],[14.627499000000114,67.418045],[14.79222,67.41610700000012],[14.819721,67.405548],[14.804443,67.388611],[14.926888,67.422989],[14.823332,67.443054],[14.727499,67.493332],[14.91222,67.553604],[15.035831,67.570541],[15.080276,67.56805400000013],[15.157221,67.534988],[14.936277,67.470444],[15.014444,67.4686],[15.10889,67.493042],[15.441944,67.472488],[15.53028,67.395828],[15.625277,67.26609800000011],[15.64,67.26638800000012],[15.701666000000102,67.304993],[15.615000000000123,67.351654],[15.51667,67.425552],[15.541111,67.47694],[15.71,67.53776600000015],[15.899166,67.558884],[15.722776,67.558319],[15.531944,67.50499],[15.251944,67.523041],[15.22861,67.534714],[15.17722,67.614716],[15.299166,67.71693],[15.50861,67.676102],[15.651943,67.675278],[15.558722,67.701881],[15.488555,67.702881],[15.40167,67.733322],[15.581388000000118,67.735321],[15.821388,67.67139],[15.834999,67.689987],[15.781111,67.727768],[15.379166,67.797211],[15.168333,67.706375],[15.00111,67.66305],[14.81278,67.63888500000013],[14.729443,67.652496],[14.77861,67.71944],[14.983889,67.728043],[15.03611,67.740265],[15.033609,67.776108],[14.8425,67.766663],[14.7725,67.781937],[14.758055,67.805267],[14.80222,67.823883],[15.0825,67.836105],[15.10417,67.849991],[15.064722,67.856384],[14.85111,67.839996],[14.884998,67.867767],[14.992222,67.893051],[15.18222,67.87944],[15.26194,67.860825],[15.33083,67.886658],[15.708611,67.94693],[15.781666,67.947495],[15.82111,67.934158],[15.829721,67.91861],[15.87111,67.923325],[15.95583,67.993042],[15.96111100000013,68.013046],[15.847776000000124,68.038605],[15.762777,68.026657],[15.51949900000011,68.04649400000011],[15.442221,68.02888500000012],[15.437498000000119,68.001938],[15.40167,67.987213],[15.321665,67.998596],[15.283054000000106,68.0355530000001],[15.432777000000101,68.11776700000013],[15.486666,68.131378],[15.506943,68.12693800000011],[15.49917,68.10527000000013],[15.53648,68.09767],[15.665833,68.146652],[15.72666500000014,68.140823],[15.74111,68.09416],[15.634777,68.085716],[15.617777,68.05638],[15.64361,68.04554700000011],[15.851944,68.091385],[15.897778,68.127213],[15.933887,68.182495],[15.946665,68.233322],[15.972221000000104,68.24554400000011],[16.047497,68.231384],[16.103611,68.16611],[16.092499,68.068054],[16.204720000000123,67.969711],[16.222221,67.92749],[16.2066650000001,67.902771],[16.21722,67.88804600000014],[16.495831,67.794159],[16.50194,67.80499],[16.453331,67.847488],[16.256664,67.891937],[16.2075,68.001663],[16.250832,68.012207],[16.348888,68.006653],[16.408054,67.99222],[16.460278,67.958603],[16.518887,67.95332],[16.53916500000014,67.959152],[16.499165,68.010818],[16.363331,68.02888500000012],[16.395275,68.061935],[16.461109,68.09527600000013],[16.542221,68.062775],[16.66166,68.04554700000011],[16.715275,68.06666600000011],[16.538887,68.08972],[16.513481,68.114861],[16.445543,68.11139],[16.342499,68.071655],[16.299999,68.09972],[16.307777,68.119995],[16.480831,68.175827],[16.486942,68.18666100000013],[16.458054,68.2086],[16.421108,68.209991],[16.242775,68.188889],[16.174164,68.194153],[16.16,68.2025],[16.171944,68.220276],[16.24944,68.217209],[16.3189890000001,68.234055],[16.103333000000134,68.27693],[16.14167,68.308319],[16.189999000000114,68.316376],[16.511108,68.25499],[16.543888,68.23972],[16.56944,68.205276],[16.632774,68.17416400000013],[16.727497,68.13916],[16.805832000000123,68.131378],[16.73333,68.171936],[16.632774,68.200272],[16.591942,68.23082],[16.593052000000114,68.242767],[16.465553,68.29416],[16.239166,68.32666],[16.21944,68.344986],[16.226109,68.3499910000001],[16.317219,68.3669430000001],[16.547497,68.396378],[16.724442,68.39915500000012],[16.875275,68.3611],[16.87833,68.35026600000015],[16.8275,68.325546],[16.834442000000138,68.31805400000013],[16.981388,68.341385],[17.026943,68.35998500000011],[17.139999,68.3669430000001],[17.32472,68.255264],[17.331944000000135,68.192764],[17.314999,68.164444],[17.35472,68.17387400000013],[17.41527600000012,68.229156],[17.41333,68.244995],[17.343609,68.285828],[17.221107,68.331375],[17.200832000000105,68.3669430000001],[17.246109,68.400269],[17.324444,68.400269],[17.535553,68.352768],[17.574718000000132,68.357208],[17.367496,68.411377],[17.578609,68.424438],[17.54361,68.527496],[17.33083,68.491104],[17.26194,68.451111],[17.05666,68.434158],[17.004444,68.44611],[17.079998000000103,68.45694],[17.095833,68.47665400000011],[16.991665,68.504166],[16.86861,68.452209],[16.510555,68.43443300000013],[16.459442000000138,68.508041],[16.5325,68.538055],[16.59999800000014,68.52832],[16.633331,68.53637700000013],[16.63222,68.54748],[16.576111,68.563324],[16.559998,68.581375],[16.56611,68.604721],[16.61972,68.636932],[16.964996,68.701385],[17.257500000000107,68.72055100000011],[17.364719,68.709717],[17.405552,68.678879],[17.463608,68.6636],[17.68027,68.654434],[17.621666,68.681107],[17.47916400000014,68.685547],[17.236111,68.75471500000015],[17.457497000000103,68.81027200000011],[17.792500000000132,68.756943],[17.768330000000105,68.7855530000001],[17.66083,68.787766],[17.47,68.830276],[17.715275,68.889999],[17.730831,68.890274],[17.74778,68.8711090000001],[17.811386,68.8636],[17.84833,68.86972],[17.84111,68.87944],[17.718609,68.928604],[17.518608,68.915543],[17.444443,68.89444000000015],[17.425831,68.904999],[17.487778,68.98999000000015],[17.637218,69.10554500000012],[18.152222,69.152222],[18.020275,69.22694],[17.989441,69.23166],[17.996387,69.28027],[18.025276000000133,69.308044],[18.13194,69.339157],[18.172222,69.386383],[18.173611,69.43222000000014],[18.204441,69.462769],[18.256943,69.486374],[18.28500000000014,69.488876],[18.34222,69.467209],[18.497219,69.37332200000014],[18.539444,69.299164],[18.679443,69.25999500000012],[18.699997,69.26111],[18.707222,69.27943],[18.667221,69.31055],[18.771111000000133,69.3247070000001],[18.88583,69.31749],[18.8975,69.302765],[19.00722100000013,69.28305100000011],[19.014721,69.2938840000001],[18.94944,69.32499700000011],[18.637218,69.37332200000014],[18.453888,69.449158],[18.471664,69.514435],[18.66805,69.54111],[18.85611,69.5502780000001],[18.91111,69.48111],[18.91333,69.45887800000014],[19.01194,69.394989],[19.11722200000014,69.35527],[19.292774000000122,69.345551],[19.37444,69.323318],[19.38111,69.30777000000012],[19.355553,69.286652],[19.19944,69.27554],[19.165,69.25833100000011],[19.171665000000132,69.248596],[19.31166,69.22137],[19.44055200000014,69.22583],[19.45417,69.31166],[19.4175,69.34887700000013],[19.3525,69.37471],[19.284164,69.38304],[19.124443,69.381378],[18.998055,69.456375],[19.005833,69.508606],[19.09111,69.53416400000015],[19.1827770000001,69.546387],[19.26111,69.521103],[19.22666,69.564438],[19.088055,69.55499],[19.02916,69.532776],[19.000275,69.534439],[18.94611,69.573883],[18.939442,69.606384],[18.9566650000001,69.624435],[19.10833,69.71221900000012],[19.246666,69.77194],[19.758888,69.810272],[19.780277,69.803329],[19.772778,69.780548],[19.676666,69.674164],[19.72361,69.655548],[19.714165,69.60333],[19.529163,69.39888],[19.679165,69.429443],[19.71611,69.478333],[19.714443,69.52388000000013],[19.828053,69.714432],[19.93972,69.78694200000012],[20.046108000000117,69.799713],[20.157497,69.937485],[20.281944,69.973877],[20.387218,69.91221600000011],[20.424999,69.86943100000013],[20.39138800000012,69.825272],[20.317219000000136,69.673874],[20.280552000000114,69.47583],[20.19055200000014,69.402222],[19.989719,69.340546],[19.919167,69.27722200000011],[19.918331000000137,69.260269],[19.929722,69.25694],[19.94694,69.256104],[20.04055,69.315277],[20.306664,69.41638200000011],[20.469719,69.576111],[20.611385,69.52943],[20.8530540000001,69.489166],[20.485275,69.628601],[20.481388,69.638885],[20.56583,69.761383],[20.794441,69.799438],[20.82611100000014,69.835541],[20.791386,69.873047],[21.073055,69.94776900000011],[21.089722,69.945267],[21.08333,69.93527200000011],[20.996944,69.908875],[20.893608,69.849442],[21.0,69.784164],[21.044998,69.786102],[21.13694,69.8688810000001],[21.247498,69.998596],[21.30722,70.01971400000014],[21.414444000000117,70.023331],[21.554996,69.98332],[21.601944000000117,69.95359800000011],[21.585,69.919708],[21.67972200000014,69.88777],[21.775,69.878052],[21.89111,69.82805],[21.964443,69.770264],[21.981941,69.738327],[22.09333,69.736099],[22.10083,69.751663],[22.015274,69.842209],[21.797222,70.0336],[21.849163,70.049713],[22.021942,70.060272],[22.092777,70.097214],[22.09666,70.113327],[21.961388,70.0816650000001],[21.734997,70.055542],[21.481388,70.09555100000011],[21.433331,70.141663],[21.29555,70.164154],[21.20444,70.202209],[21.299999000000128,70.246933],[21.51639,70.303879],[21.58416,70.304153],[21.613609,70.265549],[21.73,70.23749],[21.806664000000126,70.236099],[21.82111,70.263885],[22.00361,70.320831],[22.153889,70.28305100000011],[22.298611,70.283875],[22.316944,70.27610800000014],[22.27861,70.18138],[22.34417,70.14444],[22.550278,70.118881],[22.553608,70.127213],[22.51888700000012,70.13749700000011],[22.3275,70.165543],[22.38472,70.253326],[22.5,70.25193800000011],[22.667500000000132,70.222488],[22.964443,70.202774],[22.977497,70.194153],[22.95916,70.17667],[22.821388000000127,70.11137400000013],[22.444721,70.082214],[22.28777700000012,70.038879],[22.879444,70.103607],[22.991665,70.088333],[23.04555,70.022766],[23.16666400000014,69.957764],[23.31194,69.94082600000013],[23.464722,69.981934],[23.53278,70.021652],[23.338886,70.030548],[23.248608,70.052765],[23.17555,70.088882],[23.34367,70.11453200000011],[23.357777000000112,70.146378],[23.323887,70.19055200000014],[23.33111,70.21971100000013],[23.53083,70.241379],[23.41833,70.248322],[23.409164,70.27388],[23.66,70.41999800000013],[23.819164000000114,70.48637400000013],[23.978611,70.50943],[24.25222,70.48111],[24.355831,70.453888],[24.35611,70.46472200000011],[24.209721,70.522217],[24.155277000000126,70.568054],[24.29583,70.66832],[24.363052,70.68859900000012],[24.50194,70.671387],[24.646664,70.61416600000013],[24.72916400000014,70.621933],[24.737778,70.642487],[24.718052,70.660828],[24.562222,70.738876],[24.272499,70.76527],[24.24555,70.777222],[24.25611,70.831375],[24.38472,70.865829],[24.401943,70.865555],[24.41166,70.84555100000011],[24.46722000000011,70.81694],[24.63472,70.77583],[24.643887,70.80305],[24.574718000000132,70.934708],[24.591942,70.96304],[24.659721,70.972488],[24.78388600000011,70.96638500000012],[24.85972,70.929977],[24.84972,70.91470300000015],[24.879444,70.907471],[24.985275,70.911102],[24.989166,70.953323],[24.970276,70.96637],[25.019444,70.9686],[25.16111,70.915833],[25.216663,70.88194],[25.25333,70.844711],[25.25972000000013,70.8086090000001],[25.277775,70.802765],[25.345554,70.81416300000012],[25.391109,70.871384],[25.392776,70.892776],[25.339165,70.948608],[25.35805,70.969437],[25.44278,70.95359800000011],[25.54139,70.90470900000014],[25.63777,70.89194],[25.89889,70.89082],[25.927498,70.863052],[25.687222,70.77388],[25.63028,70.713043],[25.073608,70.50000000000011],[25.188332,70.513611],[25.259163,70.48860200000013],[25.27305200000012,70.39888],[25.24361,70.385818],[25.187496000000124,70.39416],[25.089996,70.361664],[25.083332,70.35527],[25.103333000000134,70.319443],[25.136665,70.31832900000012],[25.13389,70.27943],[24.98,70.223328],[24.94639,70.1525],[24.942497,70.087769],[25.003052,70.059998],[25.045277,70.06359900000012],[25.056053,70.090157],[25.03089,70.11499],[25.092499,70.147217],[25.08272000000011,70.117653],[25.111942000000113,70.07666],[25.23472,70.08972200000011],[25.525,70.276657],[25.535,70.303604],[25.42388,70.322495],[25.45027,70.348877],[25.99916500000012,70.60304300000013],[26.026386000000116,70.648331],[26.242496,70.78944],[26.36972,70.8611],[26.523331,70.925827],[26.693886,70.9525],[26.723053,70.926102],[26.734444,70.896103],[26.68528,70.729721],[26.627777,70.701385],[26.45666,70.67387],[26.342777,70.640274],[26.54472,70.6586],[26.653053,70.6394350000001],[26.60639,70.538605],[26.55555,70.498322],[26.51222,70.42637600000012],[26.504997,70.36305],[26.561108,70.34915200000012],[26.75805300000013,70.421661],[26.801941,70.44832],[26.798332,70.4772190000001],[26.92639,70.47610500000013],[26.97389,70.456665],[27.029442,70.474152],[26.99055,70.519714],[26.97472,70.567764],[27.058331,70.61055],[27.26777600000014,70.57859800000011],[27.146385000000123,70.623322],[27.084442,70.6997070000001],[27.139721000000122,70.742218],[27.254997000000117,70.749161],[27.28055,70.7686],[27.30917,70.81999200000013],[27.565552,70.804718],[27.51028,70.86193800000012],[27.46,70.875824],[27.258331000000112,70.883041],[27.13472,70.91083],[27.122498,70.924988],[27.13611,70.95833],[27.23333,71.0236],[27.273052,71.03027],[27.475555,71.0038760000001],[27.531109,71.08194],[27.651665,71.113052],[27.730831000000137,71.08721900000012],[27.7675,71.051666],[27.869999,71.032211],[27.978333,71.04805],[28.03083,71.069717],[28.207775,71.079987],[28.243889,71.069153],[28.26139,71.04527300000012],[28.34360900000013,71.003326],[28.539444,70.977219],[28.550831,70.968323],[28.520554,70.923599],[28.4436070000001,70.860275],[28.239719,70.78471400000012],[27.772221000000116,70.78887900000012],[27.765,70.779434],[27.828331,70.767487],[28.131664000000114,70.73082000000011],[28.074997,70.703049],[27.6475,70.60527],[27.836941,70.615265],[28.128052,70.66693],[28.2125,70.700546],[28.294998,70.712769],[28.30139,70.682495],[28.28889,70.654709],[28.241943,70.61888],[28.129997,70.569992],[27.85166500000014,70.478882],[27.879051000000118,70.448166],[27.901386,70.44194],[27.97416,70.476379],[28.176666,70.502213],[28.041111,70.447769],[28.052219,70.433884],[28.11972,70.434708],[28.231941,70.50582900000012],[28.335552,70.50555400000013],[28.153889000000106,70.369431],[28.15916,70.228882],[28.18583,70.15943900000013],[28.132774,70.10693400000014],[28.038887,70.06193500000012],[28.13361,70.082489],[28.23222,70.165543],[28.198887,70.21304],[28.19083,70.28526],[28.224442,70.38916],[28.331944,70.474152],[28.480274000000122,70.629715],[28.528053,70.70582600000012],[28.5275,70.726654],[28.742222,70.85527000000013],[28.853886,70.88055400000013],[29.03611000000012,70.87416],[29.253887,70.84193],[29.318886,70.79332],[29.346943000000124,70.664154],[29.57888800000012,70.7066650000001],[29.677219,70.743042],[29.78167,70.731659],[29.776665,70.67416],[29.681664,70.623047],[29.689442,70.613602],[29.846943,70.63916000000012],[29.95472,70.703888],[30.101944,70.709152],[30.19527,70.679443],[30.34861,70.59637],[30.234997,70.5544430000001],[30.002499,70.5352630000001],[30.158333,70.512772],[30.40555,70.554153],[30.58416,70.54110700000012],[30.605,70.5336],[30.637775,70.490265],[30.825832000000105,70.43249500000013],[30.943886000000134,70.44971],[31.00861,70.39582800000011],[31.078053,70.289154],[30.91111,70.258881],[30.52305200000012,70.240555],[30.361385,70.179718],[30.352497,70.16305],[30.38472,70.14749100000012],[30.343609,70.12165800000014],[30.094444000000124,70.068604],[29.780552,70.06694],[29.515,70.096939],[29.035553,70.12832600000013],[28.748333,70.17667],[28.59471900000011,70.16388],[28.75389,70.16165200000012],[28.668888,70.124985],[28.61533,70.11566],[28.62833,70.10472],[29.20111,70.01388500000013],[29.671665000000132,69.9675],[29.587219,69.932495],[29.432499,69.89444000000015],[29.36555,69.85527000000013],[29.434719,69.85527000000013],[29.481941,69.890823],[29.536388000000102,69.909439],[29.70472,69.915268],[29.737499,69.90527],[29.771385,69.83194],[29.74139,69.804993],[29.636665,69.767212],[29.486664000000133,69.655548],[29.664719000000105,69.731659],[29.94833,69.753876],[30.18861,69.6872100000001],[30.143055,69.723602],[30.129038,69.761818],[30.190186,69.764458],[30.16013900000013,69.802933],[30.16694,69.87359600000013],[30.294167,69.880829],[30.400555,69.8274990000001],[30.4175,69.767776],[30.412498,69.689713],[30.337219,69.66832],[30.411388,69.665543],[30.449444,69.683044],[30.46944,69.744431],[30.450275,69.767776],[30.445,69.80832],[30.46833,69.814438],[30.634441,69.81305],[30.854839,69.792313],[30.943333,69.690552],[30.95138500000013,69.61387600000012],[30.936665,69.56582600000013],[30.898888,69.545273],[30.796944,69.530273],[30.511387,69.54916400000013],[30.203609,69.663879],[30.083885,69.65639],[30.072777,69.631104],[30.142776,69.628326],[30.18499800000012,69.582764],[30.097775,69.503326],[29.898609,69.43277],[29.665,69.373886],[29.309998,69.315277],[29.294167,69.29361],[29.321663000000115,69.24554400000011],[29.25444,69.119995],[29.09916,69.036377],[29.019997000000103,69.031387],[28.857777000000112,69.082214],[28.802219,69.10554500000012],[28.784443,69.123886],[28.78167,69.149719],[28.82694,69.23805],[29.122219,69.37082],[29.2691650000001,69.4519350000001],[29.299721,69.48027000000013],[29.106667,69.703888],[28.379719,69.8274990000001],[28.32333,69.8875],[28.1525,69.915543],[27.998055,69.993607],[27.973331,70.016388],[27.968887,70.05749500000013],[27.926556,70.087158],[27.599442000000124,70.072495],[27.299999,69.99055],[27.31028,69.9602660000001],[27.291943000000117,69.949997],[27.068886,69.9086],[26.884998,69.926666],[26.85722,69.948608],[26.80658,69.95206],[26.61639,69.95166],[26.470554,69.93527200000011],[26.378052,69.854431],[26.15583,69.74249],[25.978333,69.701935],[25.94194,69.667221],[25.97416,69.635269],[25.957497,69.59027100000014],[25.874165,69.486374],[25.82972,69.37805],[25.754997,69.34220900000014],[25.71333,69.255264],[25.708332,69.206375],[25.73222,69.109161],[25.768330000000105,69.04527],[25.76111,68.989166],[25.623333,68.884155],[25.43111,68.890549],[25.214443,68.81749],[25.15472,68.767776],[25.10611,68.678055],[25.103333000000134,68.63472000000013],[24.93492,68.580811],[24.859203,68.587341],[24.81166500000012,68.63249],[24.75444,68.660263],[24.628887,68.68721],[24.351387,68.710541],[24.19666,68.751663],[24.055553,68.8205410000001],[23.97639,68.83249],[23.83,68.829987],[23.78388600000011,68.776382],[23.69278,68.71221900000012],[23.46722,68.691666],[23.204166,68.62860100000012],[23.139442,68.649155],[23.063889,68.695541],[22.802776000000108,68.691376],[22.549999,68.73778],[22.398331,68.7111],[22.346664,68.84471100000013],[22.19722,68.928055],[22.208332,68.95498700000013],[21.9946020000001,69.07836900000012],[21.68194,69.284714],[21.320831,69.326111],[21.0325,69.21304],[21.053608,69.140549],[21.113052,69.108047],[21.059444,69.034439],[20.738331,69.096375],[20.535275,69.05638],[20.096943,69.042221],[20.314720000000136,68.92833],[20.35027700000012,68.78665200000012],[20.202499000000103,68.662216],[20.063053,68.583054],[19.956387,68.5438840000001],[20.088055,68.501663],[20.211109,68.48220800000013],[20.175831,68.448044],[20.048054,68.40332000000012],[19.9377750000001,68.3374940000001],[18.952221,68.487778],[18.611942,68.475266],[18.35805,68.539154],[18.09083,68.50776700000011],[18.04583,68.40943900000013],[18.155277,68.16611],[17.884163,67.945541],[17.5925,68.029709],[17.273609,68.090546],[17.188332,68.030273],[16.726944000000117,67.899155],[16.57694,67.66554300000013],[16.508331000000112,67.60916],[16.3825,67.515549],[16.192219000000136,67.5],[16.085831,67.41165200000012],[16.10416,67.387772],[16.220554,67.329987],[16.36138,67.237778],[16.40583,67.16333],[16.353886,67.017776],[16.00999800000011,66.890823],[15.625832,66.60582000000011],[15.362778,66.479996],[15.468054,66.28387],[15.025276,66.149994],[14.505,66.13249200000013],[14.54055,66.007492],[14.634722,65.826935],[14.60389,65.773331],[14.535,65.702774],[14.50055,65.585831],[14.493055,65.313599],[14.368889,65.24665800000014],[14.319443,65.12999],[14.296438000000137,65.102127],[13.7075,64.63971],[13.6625,64.58276400000011],[13.900833,64.507492],[14.11639,64.470551],[14.151388,64.3336],[14.154722,64.185822],[13.988333000000125,64.01805100000013],[13.23,64.093048],[12.93805,64.05332900000013],[12.681944,63.96721600000012],[12.47305,63.833328],[12.346666,63.72888200000011],[12.139444,63.58416],[12.195000000000107,63.485275000000115],[11.936388,63.272217],[12.036943000000122,63.173882],[12.16861,63.015831],[12.028889,62.892494],[12.089443,62.74944],[12.046665,62.665276],[12.047499,62.589996],[12.084721,62.52916],[12.19972,62.40471600000012],[12.295832000000132,62.261665],[12.12444,61.72861],[12.40667,61.573326],[12.53,61.566109],[12.85611,61.36249500000014],[12.772221000000116,61.20083],[12.637825000000134,61.057541],[12.567221,61.04805],[12.40778,61.053886],[12.21,61.002495],[12.271944,60.946106],[12.38611,60.750832],[12.50583300000011,60.62999700000012],[12.594444,60.51694],[12.608055,60.468605],[12.60278,60.44277],[12.589722,60.399162],[12.527777000000128,60.33416000000011],[12.498333,60.124718],[12.461943,60.063606],[12.310276000000101,59.968887],[12.14,59.88832900000011],[11.956944,59.896942],[11.815960000000132,59.8461],[11.891109,59.79472],[11.902777,59.707771],[11.82833,59.651939],[11.76417,59.63833],[11.666248,59.595482],[11.783054000000106,59.324715],[11.79833,59.245277],[11.754444,59.188049],[11.739443,59.12722],[11.75111,59.090271],[11.621387,58.904716],[11.49667,58.88472000000013],[11.431944,58.88861],[11.422777,58.92027300000012],[11.434444,58.997215],[11.356110000000115,59.107216],[11.064165,59.116661000000136],[10.940832000000114,59.164993],[10.900276,59.142494],[10.797499,59.18639],[10.764721,59.220276],[10.659166,59.36388],[10.652777,59.434998],[10.676388,59.43694],[10.69146,59.479263],[10.654722,59.518608],[10.63959,59.610706],[10.557777000000101,59.728607],[10.584444000000133,59.78999],[10.640276,59.85666700000013],[10.671944,59.839722],[10.696943,59.793610000000115],[10.738646,59.80377],[10.760784000000115,59.836571],[10.748333,59.88694],[10.683054,59.90333],[10.655832,59.881386],[10.527498,59.875275],[10.471666,59.84333],[10.4925,59.78029],[10.494165,59.726944],[10.5191650000001,59.681107],[10.585278,59.653053],[10.611387,59.6013870000001],[10.594999,59.566383],[10.513054,59.524994],[10.458332,59.513054],[10.4225,59.5236],[10.429722,59.5908280000001],[10.41472,59.66305],[10.380554,59.698883],[10.26861,59.737221],[10.222221,59.727493],[10.270555,59.692215],[10.374998000000119,59.662498],[10.39833,59.591385],[10.385832,59.536659],[10.370554,59.523048],[10.247499,59.558609],[10.235277,59.558609],[10.23694,59.54805],[10.3475,59.47583],[10.47472,59.424164],[10.516388,59.310829000000126],[10.45583,59.241943],[10.43111,59.257774],[10.36389,59.265274],[10.23111,59.038605],[10.148888,59.019722000000115],[10.168888,59.04277],[10.13278,59.04417],[10.026667,59.0067370000001],[10.02861,58.97758],[10.00611,58.96093],[9.877499,58.954994],[9.833887,58.964165],[9.846388,58.971939],[9.847221,58.996109],[9.786943,59.03611],[9.614166,59.11777500000011],[9.540833,59.114716],[9.684166,59.031944000000124],[9.693054,58.98305],[9.603333,58.92360700000012],[9.5075,58.891937],[9.409443000000124,58.841385000000116],[9.339998,58.750832],[9.191111,58.658333],[8.995832,58.59833],[8.831110000000137,58.480827],[8.712645,58.44193600000011],[8.7135320000001,58.417976],[8.691944,58.377220000000136],[8.51028,58.270271],[8.40278,58.2544400000001],[8.248055,58.201942],[8.24389,58.16722],[8.211111,58.11555],[8.155188,58.140007],[8.127499,58.096939],[7.809444,58.0675],[7.660555000000102,58.044167],[7.620555,58.018326000000116],[7.528333,58.00804900000014],[7.362778,58.012772],[7.151388,58.047775000000115],[7.080555,58.031662],[7.080277000000137,58.006660000000124],[7.014444,57.98778],[6.93611,58.03916],[6.78167,58.111382],[6.73139,58.116386],[6.728333000000134,58.064163],[6.597777000000121,58.070274],[6.558888,58.0975],[6.556389,58.120827],[6.612778,58.174995],[6.767221,58.238327],[6.752777,58.24972],[6.347587,58.270782],[6.284166000000141,58.306664000000126],[6.011944,58.37971],[5.973055,58.413605],[5.95694,58.471664],[5.757222,58.486664],[5.62583,58.55555],[5.51028,58.665276],[5.457777,58.744438],[5.543333,58.87471800000014],[5.55389,58.909164],[5.539444,58.998604],[5.552777,59.032776],[5.709722,58.975273],[5.705829,58.9419630000001],[5.744419000000107,58.928204],[5.817237,58.928539],[5.81623100000013,58.9475],[5.83417,58.962776],[5.856944,58.961662],[5.935555,58.93305],[6.064444,58.85555],[6.168611000000112,58.832222000000115],[6.2272210000001,58.83416],[6.224166,58.841942],[6.134166000000107,58.84833],[6.056944000000101,58.890831],[6.11639,58.9566650000001],[6.25611,58.99305],[6.623333,59.05167],[6.39944400000013,59.03611],[6.154722,58.99360700000011],[6.099999,58.96666],[6.035277,58.898888],[5.974619000000132,58.96192900000011],[5.963881,59.01294],[5.936364,59.0126],[5.866388,59.07222000000013],[5.88722,59.096382],[6.00944,59.14305100000013],[6.007222000000127,59.164444],[6.167777,59.254715],[6.326944,59.31055],[6.465278,59.317772000000105],[6.331944,59.32194],[6.243333,59.284439],[6.12361,59.258049],[5.995555,59.32972000000012],[6.031944,59.374443],[6.214722000000108,59.473053],[6.235555,59.504997],[6.46889,59.555275],[6.258055,59.582222],[6.153333,59.45472],[5.933888000000138,59.35],[5.876944,59.408882],[5.88972,59.443886000000134],[5.987222,59.445549],[6.147778,59.48166700000013],[5.80778,59.46916],[5.713055000000111,59.436661],[5.66,59.401382],[5.722777,59.424164],[5.789444000000117,59.42889],[5.858333,59.381943],[5.856667,59.345551000000114],[5.687499,59.308609000000104],[5.625278,59.32027],[5.627777,59.33749],[5.598833,59.37672],[5.574833000000126,59.379547000000116],[5.590166000000124,59.369385],[5.572499000000107,59.32],[5.536111,59.28278],[5.51111,59.274994],[5.38444,59.29194],[5.287222,59.346664],[5.203888,59.430832],[5.17805,59.508331],[5.304166,59.623604],[5.48222,59.729164],[5.512777000000142,59.700829],[5.45361,59.548607],[5.459735,59.519218],[5.5025,59.530548000000124],[5.525833,59.55333],[5.54167,59.580551],[5.523611,59.611938],[5.527778,59.629715],[5.562499000000116,59.675278],[5.677777000000106,59.66805],[5.74139,59.677773],[5.813611,59.724159],[5.890277,59.740555],[6.066667000000109,59.743889],[6.306389000000138,59.84333],[6.313055000000134,59.852776],[6.301944,59.851662],[6.206666,59.83194],[6.057777000000101,59.76416],[5.986944000000108,59.752777],[5.840555000000109,59.76694],[5.698333,59.832771],[5.705277000000137,59.86639],[5.735,59.909164],[5.82417,59.939438],[5.973055,59.95888500000012],[5.98416600000013,59.974442000000124],[5.95361,60.002777],[6.026944,60.063606],[6.108333,60.106384000000105],[6.071944,60.173607],[6.075,60.190552],[6.204721,60.29555],[6.504167,60.425827],[6.564722,60.42889],[6.640555,60.410271],[6.59,60.357773],[6.53167,60.258888],[6.504444,60.113609],[6.521111,60.07666000000012],[6.533889,60.165833],[6.611944,60.318604],[6.65472,60.3752750000001],[6.801389,60.469719],[6.940277,60.484993000000145],[7.05611,60.471664],[7.108055,60.494164],[6.979444,60.505829],[6.973332,60.546104],[7.014444,60.582771],[7.002222000000131,60.58777600000013],[6.952499,60.570831],[6.875833,60.51777600000014],[6.655277,60.42916],[6.620555,60.429443],[6.568055,60.459717],[6.374999,60.419441],[6.290555,60.385826],[6.22083,60.412498],[6.129722000000129,60.23972],[5.982222,60.236107],[5.899722000000111,60.151382],[5.878611,60.04166],[5.853333,60.01944],[5.747222,59.98666400000013],[5.704721,60.006943],[5.683888,60.036942],[5.687222,60.060829000000126],[5.646111,60.147217],[5.57917,60.140274],[5.54417,60.150551],[5.633333,60.311943],[5.673611,60.35805],[5.720277000000124,60.36860700000011],[5.734444,60.38694],[5.624722,60.35833000000014],[5.544444,60.258049],[5.45083,60.179161],[5.411111,60.12971],[5.36111,60.14638500000012],[5.3061,60.18948400000011],[5.222514,60.203999],[5.314061,60.25949],[5.168056,60.27722],[5.14222100000012,60.34638200000012],[5.149444,60.371109],[5.2525,60.42805],[5.229444,60.479996],[5.292777000000115,60.524994000000106],[5.494444000000101,60.419441],[5.63361,60.415276],[5.7025,60.454437],[5.715555,60.490829],[5.719999,60.67443800000012],[5.70083,60.69416],[5.627777,60.713051],[5.562499000000116,60.690277],[5.534444,60.63916000000012],[5.360277,60.564995000000124],[5.261389000000122,60.553055],[5.19861,60.5775],[5.09389,60.646111],[5.093333,60.660553],[5.127222,60.661385],[5.183888,60.627495],[5.22805,60.618332],[5.130833,60.714996],[5.026944,60.743607],[4.92889,60.798882],[4.997222,60.804718],[5.276388,60.72166],[5.30861,60.703049],[5.306944000000101,60.678329],[5.340555,60.640549000000135],[5.433611,60.62722],[5.436388000000136,60.66305],[5.40583,60.701942000000145],[5.364166000000125,60.728333],[5.24361,60.75804900000014],[5.236388,60.773888],[5.365277,60.854996],[5.495832,60.859444],[5.53361,60.872498],[5.460555,60.898048],[5.352777,60.875832],[5.326111,60.86110700000012],[5.30944,60.826942],[5.258888000000127,60.81083],[5.145555000000115,60.807777],[5.117777,60.81528],[5.119828,60.834564],[5.063889000000131,60.831108],[5.03555,60.851662],[4.982499,60.95166],[5.004722,61.031944],[5.024166,61.049995],[5.12833,61.07194],[5.236944,61.056938],[5.290277,61.027771],[5.419444000000112,61.02555100000012],[5.4558320000001,61.035271],[5.47444,61.054161000000136],[5.625278,61.089165],[5.92083,61.123055000000136],[6.12278,61.115555],[6.372222,61.061943],[6.513055,61.096939],[6.590555000000109,61.151382],[6.823889000000122,61.140831000000105],[6.95361,61.08305400000012],[7.009166,61.015831],[7.128333000000111,60.92749800000013],[7.10389,60.859993000000145],[7.11389,60.860275],[7.162777,60.899437],[7.1675,60.944160000000124],[7.103611,60.955826000000116],[7.071944,60.974716],[7.018888000000118,61.036385],[6.997222000000136,61.079163],[7.00083,61.09610700000013],[7.313055000000134,61.123604],[7.428611,61.18138900000014],[7.357778,61.207222000000115],[7.30389,61.294441],[7.364166,61.364998],[7.468055000000106,61.43388],[7.554166,61.460831],[7.574444,61.47943900000013],[7.424444,61.432777],[7.309166,61.36249500000014],[7.279444,61.325554],[7.273055,61.278885],[7.353889,61.189995],[7.278055,61.158607],[6.95555,61.109993],[6.926666000000125,61.11694],[6.906388000000106,61.16166],[6.814444,61.18110700000011],[6.713888000000111,61.178329],[6.570833,61.214722],[6.564055,61.229717],[6.639444,61.274162],[6.693333,61.340271],[6.718055000000106,61.390549000000135],[6.70361,61.401382000000126],[6.591389,61.268608],[6.52041,61.246201],[6.538573,61.204319],[6.49833,61.130272],[6.42333,61.112221],[6.34611,61.110275],[6.237499000000128,61.134995],[5.96528,61.156387],[5.749166000000116,61.15277],[5.553333,61.13055400000013],[5.39722,61.068604],[5.277778,61.110832],[5.05,61.158607],[5.046666,61.1730500000001],[5.084722,61.188889],[5.213055,61.161385],[5.245832,61.180275],[5.135833,61.2241590000001],[4.995,61.215828],[4.953333,61.2586060000001],[5.17083300000013,61.33361],[5.415,61.37082700000013],[5.634166,61.36055],[5.40667,61.376389],[5.16639,61.35166],[5.04055,61.317772],[4.948889,61.412773],[5.073333000000105,61.445549],[5.183611,61.453331],[5.336389000000111,61.452217],[5.527499,61.428604],[5.62167,61.45166000000012],[5.804999,61.452774],[5.76444,61.481384000000105],[5.705,61.494995],[5.63361,61.49],[5.5575,61.457771],[5.46444,61.449997],[5.188333,61.498886],[5.133611,61.52111],[5.142777000000137,61.551941],[5.273888,61.557774],[5.148611,61.593048],[5.325555,61.594444],[5.336944,61.592773]]],[[[25.82805,71.098602],[25.891109,71.09111],[25.98889,71.119156],[26.028332,71.114441],[26.045555,71.090546],[26.03221900000011,71.078888],[25.924164,71.051376],[25.928333,71.00444],[25.9566650000001,70.998047],[26.05611,70.996658],[26.143055000000118,71.03722],[26.218887,71.03860500000013],[26.20027,71.005264],[26.071663,70.971664],[25.720554,70.955276],[25.613331,70.9252780000001],[25.551941,70.92387400000013],[25.416664,70.98220800000013],[25.559719,71.01221],[25.462776,71.025269],[25.34333,71.006104],[25.29611,71.011658],[25.28611,71.02082800000011],[25.294441,71.04222],[25.320831,71.07388300000014],[25.58343,71.092491],[25.67361,71.138321],[25.784721,71.154709],[25.806664,71.14833],[25.79444,71.119995],[25.82805,71.098602]]]]}},{"type":"Feature","properties":{"id":"PL","iso2":"PL","name":"Poland","level":"country","population":37600000,"gdp_per_capita_ppp":44000,"seats_lower":460},"geometry":{"type":"Polygon","coordinates":[[[18.851246,49.517357],[18.811665,49.672218],[18.634163,49.737778],[18.57935,49.814995],[18.577221,49.914444],[18.270275,49.957771],[18.053162,50.055931],[18.009441,50.011108],[17.933052,49.979721],[17.882774,49.976944],[17.836388,49.990829],[17.657776,50.108055],[17.59861,50.161659],[17.691666,50.178055],[17.762497,50.205551],[17.753052,50.297775],[17.722775,50.319717],[17.69611,50.321938],[17.692219,50.296661],[17.63361,50.265549],[17.433052,50.270271],[17.37833,50.279442],[17.118053,50.39666],[16.890274,50.439438],[16.869442,50.405273],[16.972775,50.309998],[17.00222,50.216942],[16.909164,50.222221],[16.849998,50.203331],[16.725277,50.099716],[16.641941,50.10833],[16.567497,50.160553],[16.559166,50.214165],[16.441387,50.316666],[16.371944,50.361107],[16.266109,50.389717],[16.20583,50.423882],[16.213886,50.449715],[16.310833,50.504166],[16.368332,50.498604],[16.406666,50.523048],[16.448055,50.572777],[16.429165,50.602493],[16.341942,50.66111],[16.237499,50.670555],[16.118053,50.657799],[16.071388,50.635551],[16.024441,50.629997],[15.946943,50.689438],[15.787498,50.744164],[15.488333,50.786659],[15.37972,50.779442],[15.364166,50.841385],[15.310555,50.85833],[15.283333,50.890831],[15.271944,50.931107],[15.295277,50.954163],[15.275276,50.974998],[15.176943,51.014717],[15.010555,50.984161],[15.020555,50.964722],[15.005278,50.867218],[14.828333,50.865829],[14.827776,50.88694],[14.966389,51.053604],[15.038887,51.27166],[14.971666,51.355553],[14.981833,51.36805],[14.975555,51.440826],[14.954166,51.469719],[14.736111,51.528053],[14.714998,51.554722],[14.759998,51.604439],[14.755278,51.669998],[14.666943,51.724159],[14.599443,51.818604],[14.61611,51.853882],[14.692499,51.898888],[14.760765,52.069862],[14.710554,52.243889],[14.601665,52.271111],[14.581665,52.28611],[14.534443,52.394722],[14.54611,52.426941],[14.587776,52.441666],[14.636389,52.490555],[14.641388,52.57],[14.587221,52.611938],[14.475555,52.65416],[14.383333,52.730827],[14.196388,52.820549],[14.149166,52.862778],[14.149443,52.962776],[14.342222,53.044998],[14.391689,53.144165],[14.413261,53.338959],[14.309721,53.55555],[14.275627,53.699066],[14.36611,53.69944],[14.422499,53.676666],[14.525,53.660553],[14.554722,53.678604],[14.619444,53.764442],[14.614166,53.816383],[14.558332,53.857216],[14.412222,53.866661],[14.413055,53.846107],[14.337221,53.804993],[14.218887,53.869019],[14.225555,53.928604],[14.383055,53.913055],[14.510832,53.962219],[14.745277,54.02861],[15.310833,54.149437],[15.5,54.167496],[15.744444,54.212219],[15.845276,54.242775],[16.047775,54.261665],[16.129162,54.283104],[16.074165,54.255554],[16.174721,54.259163],[16.217777,54.273605],[16.21557,54.296814],[16.141106,54.287052],[16.25732,54.341473],[16.230318,54.322361],[16.255035,54.318001],[16.328053,54.344994],[16.323608,54.375549],[16.294998,54.368332],[16.318333,54.391106],[16.460552,54.499718],[16.54361,54.544716],[16.915276,54.597771],[17.060276,54.671661],[17.254997,54.731384],[17.584442,54.768608],[17.896942,54.823883],[18.033607,54.833611],[18.349998,54.833611],[18.774719,54.666382],[18.831944,54.627777],[18.836388,54.611938],[18.818054,54.593048],[18.704441,54.694443],[18.484276,54.759827],[18.466944,54.736832],[18.405277,54.74305],[18.553608,54.57972],[18.567219,54.54805],[18.576664,54.441666],[18.757774,54.370827],[18.901386,54.344994],[19.138885,54.346664],[19.4175,54.380554],[19.523888,54.409721],[19.627258,54.463272],[19.651108,54.455826],[19.524441,54.39666],[19.408051,54.358887],[19.234444,54.336937],[19.226662,54.32888],[19.256107,54.277496],[19.371109,54.2686],[19.560833,54.346382],[19.623608,54.348877],[19.713608,54.383331],[19.797007,54.43755],[20.738884,54.358047],[21.411942,54.325829],[22.629997,54.348877],[22.775829,54.361107],[22.81361,54.397491],[22.856106,54.4086],[22.992771,54.387772],[23.115829,54.304436],[23.350273,54.238884],[23.456383,54.175552],[23.48444,54.138329],[23.51722,54.047218],[23.503887,53.921379],[23.620552,53.604996],[23.674717,53.491104],[23.858608,53.195824],[23.933052,53.01416],[23.941105,52.749718],[23.928608,52.7061],[23.753887,52.615829],[23.688328,52.61721],[23.597218,52.596382],[23.503609,52.567497],[23.397217,52.514442],[23.1654,52.282276],[23.206383,52.225266],[23.35833,52.204712],[23.594997,52.111938],[23.638607,52.079437],[23.660828,52.006104],[23.625828,51.950272],[23.558052,51.752495],[23.547775,51.686378],[23.556942,51.666382],[23.534992,51.653595],[23.539165,51.592766],[23.563885,51.539436],[23.604633,51.527695],[23.616665,51.493607],[23.658607,51.4786],[23.69305,51.404709],[23.680275,51.367493],[23.683884,51.288605],[23.731937,51.214714],[23.811108,51.168884],[23.904442,51.069443],[23.931665,50.994072],[23.966385,50.948875],[24.035553,50.896942],[24.144718,50.858047],[24.13055,50.834991],[23.989162,50.831108],[23.95694,50.814995],[23.954716,50.787216],[24.07222,50.695824],[24.108414,50.6259],[24.111385,50.56694],[23.999439,50.411659],[23.814442,50.405823],[23.703884,50.378326],[23.676941,50.32444],[23.341942,50.126938],[23.146107,49.983047],[22.779999,49.674995],[22.676105,49.566383],[22.656105,49.519714],[22.738327,49.390274],[22.760277,49.295273],[22.700272,49.165543],[22.778053,49.150543],[22.876106,49.089989],[22.861385,49.045547],[22.886074,49.002914],[22.851662,49.004715],[22.598053,49.091103],[22.558052,49.079437],[22.354721,49.137497],[22.224998,49.154716],[22.037777,49.210831],[22.024719,49.224716],[22.018887,49.277496],[21.956944,49.341385],[21.838055,49.384438],[21.618889,49.436386],[21.459442,49.41111],[21.278889,49.456665],[21.076111,49.423607],[21.051666,49.412216],[21.035553,49.359718],[20.984165,49.310555],[20.916386,49.296104],[20.812496,49.330826],[20.740833,49.388885],[20.360554,49.393051],[20.143608,49.314995],[20.103333,49.248604],[20.089443,49.183884],[20.074444,49.175278],[19.97472,49.227219],[19.916386,49.228882],[19.846664,49.19194],[19.771111,49.206383],[19.773609,49.233055],[19.826942,49.278053],[19.790276,49.406662],[19.710552,49.397499],[19.658607,49.406662],[19.574997,49.461105],[19.520981,49.574165],[19.475555,49.599998],[19.447777,49.60083],[19.270275,49.527771],[19.240276,49.50444],[19.195274,49.430832],[19.198055,49.418053],[19.163609,49.400551],[18.978054,49.39666],[18.968609,49.481667],[18.851246,49.517357]]]}},{"type":"Feature","properties":{"id":"PT","iso2":"PT","name":"Portugal","level":"country","population":10300000,"gdp_per_capita_ppp":38000,"seats_lower":230},"geometry":{"type":"Polygon","coordinates":[[[-8.20472,41.87471800000014],[-8.16111,41.857498],[-8.163807,41.817184],[-8.08778,41.809441000000106],[-7.921112,41.880829],[-7.873334,41.85249],[-7.759445,41.8975],[-7.6925,41.904999],[-7.59806,41.865273],[-7.607779,41.83111],[-7.426667,41.82222],[-7.200556,41.88361],[-7.17361,41.922775],[-7.187222,41.975273],[-7.14,41.994164],[-7.092501,41.98027],[-7.063056,41.951385],[-7.01444,41.952499],[-6.982848,41.973862],[-6.90611,41.944717],[-6.6875,41.936661],[-6.618334,41.940552],[-6.594167,41.95361],[-6.548612,41.921944],[-6.52806,41.839439],[-6.547501,41.764999],[-6.55222,41.698051000000135],[-6.539445,41.679443],[-6.4975,41.65749],[-6.434167,41.680275],[-6.303612,41.66333],[-6.25222,41.637772],[-6.18722,41.57972000000012],[-6.29583,41.436104],[-6.438056,41.318886],[-6.558333,41.242218],[-6.64389,41.24472],[-6.75333,41.136665],[-6.75444,41.102493],[-6.780278,41.06360600000011],[-6.835,41.031662],[-6.92441,41.03096],[-6.931667,41.01805100000013],[-6.85722,40.94749500000012],[-6.803889,40.874161],[-6.81944,40.73333],[-6.79611,40.52444],[-6.83111,40.317215],[-6.862303,40.271523000000116],[-6.88278,40.260277],[-6.946526,40.25898],[-7.005834,40.23083],[-7.02722,40.18777],[-7.004723,40.126106],[-6.93472,40.1075],[-6.87056,40.02166000000011],[-7.01722,39.67499500000014],[-7.146111,39.658607],[-7.266945,39.67194400000011],[-7.3375,39.643883],[-7.5325,39.669418],[-7.505834,39.605827],[-7.371389,39.491386],[-7.31361,39.34471900000011],[-7.24278,39.213051],[-7.1425,39.111107],[-7.10278,39.104721],[-7.05056,39.124161],[-7.005,39.10721600000011],[-6.961112,39.056664],[-6.95479,39.026382],[-7.08417,38.835548],[-7.207355,38.749268],[-7.257223,38.728333],[-7.267222,38.703331],[-7.32111,38.44944],[-7.274445,38.41666],[-7.192223,38.320274],[-7.08778,38.174438],[-7.01694,38.19166600000011],[-6.993334,38.209442],[-6.947779,38.21833],[-6.93375,38.209068],[-6.95167,38.14],[-7.006667,38.028053000000114],[-7.25444,37.987495],[-7.25194,37.933609],[-7.27833,37.87083],[-7.320001,37.815277],[-7.42306,37.74388900000014],[-7.524445,37.552498],[-7.47139,37.481384000000105],[-7.44722,37.41861],[-7.414445,37.186104],[-7.423612,37.174995],[-7.47194,37.177773],[-7.56611,37.150833],[-7.75833,37.035],[-7.89778,37.008888],[-8.00806,37.018608],[-8.104168,37.07166],[-8.17528,37.092216],[-8.3675,37.103882],[-8.43639,37.085548],[-8.511112,37.10305000000011],[-8.65889,37.108887],[-8.81472,37.06694],[-8.926668,37.016106],[-8.99028,37.02304800000013],[-8.984167,37.0522160000001],[-8.90333,37.166664],[-8.82889,37.380554],[-8.795862,37.44251],[-8.7875,37.722221],[-8.80583,37.76638800000012],[-8.79139,37.824165],[-8.794445,37.897217],[-8.84222,38.009438],[-8.77917,38.18055],[-8.77972,38.30110900000011],[-8.8025,38.374443],[-8.72333,38.41666],[-8.673334,38.413887],[-8.76889,38.51722],[-8.91139,38.516106],[-8.99278,38.463608],[-9.062778,38.437218],[-9.18389,38.419716],[-9.200279,38.45166],[-9.17861,38.511665],[-9.20389,38.59277],[-9.23333,38.63528],[-9.278612,38.66861],[-9.150557,38.676941],[-9.07445,38.631104],[-9.015556,38.729439],[-8.964169,38.75833100000011],[-8.91975,38.765892],[-8.955849,38.84085800000014],[-8.96667,38.834717],[-8.9825,38.851944],[-8.99194,38.892776],[-8.984446,38.947777],[-9.06528,38.855],[-9.087778,38.810272],[-9.092779,38.75222],[-9.12,38.71416],[-9.322224,38.676666],[-9.429724,38.6919400000001],[-9.484446,38.709999],[-9.49472,38.78527],[-9.447224,38.856667],[-9.411112,38.95472],[-9.42639,39.00361],[-9.41917,39.078606],[-9.363056,39.16555],[-9.33694,39.234444],[-9.3575,39.364998],[-9.22722,39.435272],[-9.14417,39.526382000000126],[-9.085556,39.615],[-9.047501,39.73221600000011],[-8.86278,40.130829],[-8.88139,40.242775],[-8.84028,40.336388],[-8.77694,40.562492],[-8.74539,40.628387],[-8.66083,40.68721800000014],[-8.678335,40.775833],[-8.70306,40.718605],[-8.73528,40.680275],[-8.64554,41.018578],[-8.78972,41.421387],[-8.781113,41.484444],[-8.81509,41.617241],[-8.876667,41.731941],[-8.87945,41.843887],[-8.81361,41.902496],[-8.75242,41.931732],[-8.73861,41.97138200000012],[-8.64,42.045273],[-8.521389,42.082771],[-8.31056,42.103607],[-8.201223,42.15274],[-8.079723,42.054161],[-8.085,42.020271],[-8.16528,41.974442],[-8.217779,41.903885],[-8.20472,41.87471800000014]]]}},{"type":"Feature","properties":{"id":"RO","iso2":"RO","name":"Romania","level":"country","population":18900000,"gdp_per_capita_ppp":42000,"seats_lower":330},"geometry":{"type":"Polygon","coordinates":[[[20.726955,46.17556],[20.720554,46.191666],[20.75333,46.238884],[20.820274,46.274719],[20.86861,46.276108],[21.059444,46.239166],[21.176666,46.295555],[21.19722,46.391388],[21.288887,46.460548],[21.29361,46.532494],[21.326664,46.619995],[21.449997,46.685272],[21.489407,46.684532],[21.526943,46.718605],[21.528053,46.729996],[21.488052,46.752777],[21.519722,46.815277],[21.613331,46.884163],[21.695831,47.000832],[21.651108,47.029716],[21.709999,47.07972],[21.790833,47.120277],[21.84861,47.191666],[21.841663,47.234718],[21.869164,47.293327],[21.922497,47.354439],[22.0075,47.377777],[22.021942,47.445274],[22.006664,47.484161],[22.015274,47.514442],[22.118008,47.57811],[22.186386,47.59861],[22.191944,47.630829],[22.270554,47.723885],[22.454441,47.796387],[22.557499,47.766106],[22.65361,47.776382],[22.774441,47.836388],[22.894804,47.95454],[23.084442,48.011108],[23.119164,48.08194],[23.147774,48.104164],[23.256386,48.091934],[23.299442,48.043884],[23.480553,47.977493],[23.566097,47.999992],[23.823887,47.966942],[24.026665,47.95694],[24.089443,47.938049],[24.125553,47.911942],[24.244164,47.90361],[24.427776,47.95916],[24.556389,47.953049],[24.668053,47.902222],[24.668888,47.868889],[24.693886,47.849159],[24.816387,47.813049],[24.894444,47.718605],[24.919441,47.711662],[25.109997,47.75499],[25.23027,47.881371],[25.326103,47.915268],[25.524998,47.934708],[25.773331,47.93499],[25.833328,47.962494],[25.922215,47.974709],[26.149998,47.982201],[26.194717,48.001663],[26.272221,48.076103],[26.322498,48.162491],[26.314907,48.186165],[26.463051,48.217209],[26.534721,48.208603],[26.634995,48.257164],[26.704163,48.263885],[26.808609,48.249435],[27.000553,48.155548],[27.158604,47.985817],[27.297215,47.661377],[27.433331,47.565262],[27.472916,47.485977],[27.628326,47.311928],[27.725269,47.282494],[27.784718,47.204987],[27.798054,47.152489],[27.939995,47.044991],[28.033886,47.015549],[28.07972,46.983597],[28.115826,46.887772],[28.116108,46.833878],[28.233883,46.666656],[28.247211,46.604439],[28.252499,46.435822],[28.193604,46.330269],[28.091385,46.075829],[28.084438,46.011658],[28.120274,45.921928],[28.164436,45.721657],[28.162495,45.631927],[28.06916,45.583321],[28.176941,45.469437],[28.27916,45.430817],[28.29472,45.37027],[28.343327,45.315536],[28.574715,45.24276],[28.694714,45.219986],[28.785275,45.229996],[28.84861,45.301659],[28.968052,45.321106],[29.226109,45.426941],[29.411385,45.435822],[29.589439,45.385544],[29.644997,45.342499],[29.672497,45.276375],[29.664331,45.211803],[29.623882,45.213051],[29.660275,45.112762],[29.613049,44.851662],[29.549438,44.820267],[29.214161,44.793053],[29.067493,44.822762],[29.044994,44.858887],[29.039436,44.92054],[29.111938,44.96888],[29.047215,45.002769],[28.975552,45.004715],[28.868324,44.943047],[28.863605,44.878319],[28.949715,44.821381],[28.907219,44.755547],[28.798328,44.719437],[28.781109,44.693871],[28.779142,44.657059],[28.79277,44.639992],[28.851662,44.648598],[28.909992,44.689713],[28.899715,44.710815],[28.995274,44.680817],[28.951656,44.628876],[28.942219,44.636658],[28.981663,44.677216],[28.954437,44.68998],[28.819672,44.616951],[28.796518,44.630844],[28.755833,44.61805],[28.7575,44.519722],[28.803219,44.525768],[28.927773,44.617493],[28.831387,44.482216],[28.745548,44.42083],[28.634995,44.311935],[28.632771,44.157494],[28.660275,43.975548],[28.594994,43.831657],[28.583244,43.747765],[28.484997,43.744164],[28.257771,43.764435],[28.047218,43.831657],[27.997215,43.859154],[27.951664,43.978882],[27.918884,44.005547],[27.820271,43.965828],[27.736382,43.959717],[27.711662,43.971657],[27.67944,44.029999],[27.656109,44.042496],[27.614162,44.023598],[27.399998,44.021935],[27.29055,44.088051],[27.272713,44.132149],[27.222775,44.119987],[27.036427,44.147339],[26.890205,44.131989],[26.79472,44.095276],[26.671104,44.071938],[26.301941,44.030823],[26.144161,43.986382],[25.947495,43.852219],[25.878262,43.778824],[25.772495,43.705544],[25.416111,43.624718],[25.363049,43.624718],[25.224716,43.687485],[25.022751,43.71019],[24.705555,43.715271],[24.598331,43.753883],[24.506386,43.762215],[24.352497,43.695549],[24.179996,43.684715],[23.987499,43.744164],[23.774166,43.78833],[23.612499,43.796104],[23.516003,43.835381],[23.418224,43.856171],[23.269009,43.849243],[23.138885,43.808327],[23.063602,43.802177],[22.875275,43.842499],[22.840687,43.888283],[22.88472,43.988052],[23.003407,44.017799],[23.042774,44.056664],[23.03722,44.084442],[22.907497,44.113609],[22.686386,44.218887],[22.687496,44.277771],[22.567219,44.308327],[22.529999,44.345276],[22.461712,44.453201],[22.459999,44.482216],[22.590275,44.549164],[22.6325,44.548607],[22.699585,44.522522],[22.754444,44.539719],[22.764893,44.559006],[22.713886,44.604721],[22.604721,44.622215],[22.479164,44.710274],[22.436386,44.714439],[22.31361,44.664162],[22.176941,44.481941],[22.128609,44.481384],[22.084442,44.503052],[22.039444,44.551666],[22.029163,44.593887],[21.993889,44.635551],[21.783607,44.661942],[21.649441,44.657776],[21.618332,44.678329],[21.61565,44.717705],[21.588333,44.763329],[21.394196,44.785934],[21.362091,44.823143],[21.366108,44.864441],[21.558609,44.896111],[21.540833,44.938606],[21.470833,44.963051],[21.429722,44.961662],[21.366943,45.008331],[21.443054,45.053604],[21.512775,45.123329],[21.513611,45.151108],[21.482777,45.183609],[21.416664,45.214722],[21.276386,45.229721],[21.048885,45.316383],[20.986664,45.345833],[20.808331,45.478882],[20.766666,45.609993],[20.798885,45.656662],[20.801388,45.76416],[20.776943,45.773605],[20.747776,45.743607],[20.713333,45.743889],[20.664165,45.795555],[20.654999,45.833885],[20.591663,45.894165],[20.561943,45.909996],[20.506386,45.915833],[20.378052,45.97805],[20.321388,46.063606],[20.261024,46.114853],[20.276665,46.144722],[20.48695,46.181107],[20.563332,46.164993],[20.624722,46.130272],[20.679443,46.14222],[20.72583,46.171104],[20.726955,46.17556]]]}},{"type":"Feature","properties":{"id":"SI","iso2":"SI","name":"Slovenia","level":"country","population":2100000,"gdp_per_capita_ppp":47000,"seats_lower":90},"geometry":{"type":"Polygon","coordinates":[[[13.718655,46.526611],[13.936943,46.515831],[14.079721,46.489716],[14.112499,46.48111],[14.159443,46.440826],[14.544998,46.407494],[14.811666,46.509995],[14.834999,46.574715],[14.870554,46.615829],[15.105276,46.657219],[15.406111,46.652496],[15.868332,46.723053],[15.988054,46.751106],[15.988609,46.833611],[16.111805,46.86972],[16.145554,46.85833],[16.231941,46.876663],[16.293331,46.870827],[16.348888,46.844444],[16.337219,46.809166],[16.313889,46.793884],[16.324165,46.757217],[16.359444,46.718887],[16.375328,46.722771],[16.408607,46.658882],[16.529442,46.510277],[16.607872,46.476234],[16.556412,46.478905],[16.466389,46.520271],[16.384163,46.535828],[16.292507,46.530815],[16.249443,46.490273],[16.266109,46.419441],[16.139999,46.406662],[16.075924,46.384331],[16.083332,46.33416],[16.01722,46.29805],[15.797777,46.23333],[15.654722,46.219444],[15.599722,46.142494],[15.629444,46.086937],[15.718332,46.047218],[15.724443,45.938606],[15.697777,45.844162],[15.650833,45.823051],[15.609444,45.84861],[15.499443,45.835831],[15.309166,45.751938],[15.281666,45.705826],[15.289721,45.689163],[15.302776,45.690826],[15.304165,45.706383],[15.348331,45.715553],[15.368055,45.702774],[15.352591,45.651756],[15.307089,45.629868],[15.293999,45.594536],[15.306358,45.534805],[15.277222,45.462776],[15.174458,45.425819],[15.090555,45.472771],[14.979067,45.500473],[14.918644,45.493149],[14.907776,45.476662],[14.818054,45.46611],[14.62611,45.606941],[14.609722,45.626938],[14.611666,45.669167],[14.601387,45.675278],[14.564999,45.664993],[14.485832,45.529716],[14.407221,45.489166],[13.995832,45.471939],[13.981388,45.458885],[13.703609,45.44416],[13.607498,45.468605],[13.59174,45.481697],[13.589443,45.516937],[13.665833,45.543053],[13.749443,45.546944],[13.716944,45.596107],[13.850832,45.585274],[13.919167,45.637497],[13.788887,45.75444],[13.598055,45.810829],[13.577776,45.854164],[13.633888,45.943604],[13.632221,45.991104],[13.584721,45.992493],[13.5425,45.967499],[13.48,46.011108],[13.538887,46.079437],[13.645832,46.142494],[13.669167,46.177498],[13.485832,46.232498],[13.416111,46.213333],[13.383055,46.297218],[13.440832,46.346382],[13.511389,46.38472],[13.657776,46.449715],[13.689444,46.447495],[13.719444,46.522774],[13.718655,46.526611]]]}},{"type":"Feature","properties":{"id":"ES","iso2":"ES","name":"Spain","level":"country","population":48600000,"gdp_per_capita_ppp":45000,"seats_lower":350},"geometry":{"type":"MultiPolygon","coordinates":[[[[-2.925278,35.26666300000011],[-2.962778,35.274994],[-2.971111,35.306389],[-2.958611,35.32499700000011],[-2.946945,35.329163],[-2.91472,35.2736],[-2.925278,35.26666300000011]]],[[[-5.31944,35.87693800000011],[-5.345834,35.841660000000104],[-5.395556,35.909164],[-5.36528,35.9180530000001],[-5.3225,35.895828],[-5.31944,35.87693800000011]]],[[[-3.036111,35.912773],[-3.051111,35.909721000000104],[-3.048611,35.919716],[-3.02722,35.919441],[-3.036111,35.912773]]],[[[-6.925,37.17083],[-6.958889,37.184441],[-6.97306,37.210274],[-6.948611,37.203331],[-6.925,37.17083]]],[[[1.57778,38.6877750000001],[1.588055,38.66722],[1.576111,38.655548000000124],[1.524167,38.654716],[1.456666,38.68694],[1.390278000000137,38.64333],[1.383055,38.720551],[1.399167,38.737778],[1.445278,38.74110400000012],[1.573056,38.691383],[1.57778,38.6877750000001]]],[[[1.531667,38.951942],[1.405833,38.845551000000114],[1.371944,38.830826],[1.34639,38.871109],[1.277222,38.87971],[1.24611,38.86027],[1.2225,38.87416100000013],[1.211944,38.89833],[1.227778,38.948051000000135],[1.29416700000013,39.03138700000011],[1.3625,39.072777],[1.519722,39.118332],[1.605278,39.09166],[1.615,39.02833],[1.531667,38.951942]]],[[[3.247777,39.73472],[3.343889,39.77583],[3.382778,39.773331],[3.480278,39.721664],[3.463611,39.661385],[3.3775,39.552773],[3.30555500000014,39.50222],[3.241944000000103,39.36444100000011],[3.05694,39.263054],[2.98555,39.31860400000011],[2.78639,39.36472],[2.745555,39.40638700000011],[2.727777,39.47305],[2.753611,39.5075],[2.694444,39.55194],[2.656111,39.56443800000011],[2.542500000000132,39.520271],[2.38917,39.524994],[2.364166,39.555832],[2.386111000000142,39.612778],[2.777778,39.844719],[2.987778,39.91111],[3.071389,39.921944],[3.096944,39.911385],[3.089444,39.885826],[3.13833,39.787498],[3.241389,39.736107],[3.247777,39.73472]]],[[[4.273333,39.96139],[4.315555,39.878883],[4.313889,39.83194],[4.289166000000137,39.807495],[4.238333,39.81611],[4.116388,39.86833200000012],[4.02861,39.92],[3.965555,39.93361],[3.826666,39.922493],[3.796944,40.01722000000012],[3.83611100000013,40.056389],[4.174444,40.050278000000105],[4.241388,39.993607],[4.273333,39.96139]]],[[[-7.85556,43.759995],[-7.85056,43.71472200000011],[-7.724445,43.747498],[-7.463612,43.72639],[-7.365834,43.676109],[-7.29861,43.59805300000011],[-7.240834,43.55916600000012],[-7.038611,43.557495],[-7.044819,43.490402],[-6.99944,43.560829],[-6.94333,43.57777],[-6.48139,43.55499300000014],[-6.34278,43.55694],[-6.29583,43.569443],[-6.095,43.561943],[-5.94472,43.593887],[-5.854167,43.64804800000013],[-5.778611,43.617218],[-5.67778,43.543884000000105],[-5.398056,43.55249800000013],[-5.288611,43.53388200000012],[-5.2075,43.477776],[-4.98,43.461105],[-4.51455,43.396347000000105],[-4.22389,43.39611100000013],[-3.81028,43.492493],[-3.79,43.491386],[-3.766389,43.469994],[-3.585556,43.51028],[-3.546112,43.505829],[-3.32528,43.418327],[-3.22472,43.39694200000014],[-3.15059,43.353561],[-3.022223,43.357498],[-2.94139,43.435555],[-2.73556,43.426384],[-2.507223,43.376663],[-2.45222,43.334717],[-2.29556,43.29610400000013],[-2.12194,43.296661],[-1.787778,43.39222],[-1.776945,43.3425],[-1.73038,43.29898100000014],[-1.65556,43.309441],[-1.39139,43.262772],[-1.385,43.20166],[-1.41139,43.136665],[-1.4725,43.09111],[-1.43444,43.045555],[-1.360278,43.031662],[-1.300278,43.071663],[-1.07278,43.00639],[-0.93417,42.9525],[-0.81861,42.946106],[-0.746667,42.965553],[-0.72417,42.937218],[-0.73389,42.90444200000013],[-0.72389,42.891388],[-0.54944,42.77861],[-0.39194,42.796387],[-0.323611,42.82666],[-0.308739,42.848381],[-0.2625,42.817497],[-0.151944,42.776657],[-0.063056,42.71583],[-0.05056,42.69194],[0.008333,42.68693],[0.178611,42.735275],[0.261944000000142,42.717499],[0.2725,42.702499],[0.43278,42.686661],[0.56,42.69583100000011],[0.675506,42.688484],[0.681389000000138,42.72943900000013],[0.655555000000106,42.754166],[0.651944,42.784996],[0.66778,42.839165],[0.72,42.859161],[0.896944,42.813049],[1.091666,42.78444],[1.132222000000127,42.760826],[1.1408330000001,42.731941],[1.17389,42.709717],[1.359167000000127,42.715271],[1.390278000000137,42.688332000000116],[1.445833000000107,42.601944],[1.42139,42.54583],[1.424166,42.493332],[1.454722,42.44167],[1.54167,42.43722],[1.65444,42.467773],[1.723611,42.50944],[1.906389000000104,42.446938],[1.95917,42.41083],[1.976666000000137,42.374718],[2.017222,42.35305000000011],[2.093611,42.364166],[2.137777,42.417221],[2.269166,42.43722],[2.438889,42.38055400000013],[2.484722,42.343048000000124],[2.54194,42.332497],[2.666389,42.34194200000013],[2.674444000000108,42.357216],[2.65722,42.38444],[2.724722,42.41944100000012],[2.95,42.48055],[3.045278,42.474716],[3.092222,42.42999300000014],[3.177655000000129,42.436806],[3.159166000000141,42.378883],[3.193889,42.342216],[3.266388,42.344444],[3.319167,42.32139],[3.262777,42.240829],[3.218611,42.232498],[3.158611,42.262497],[3.11638900000014,42.221382],[3.119722,42.13694],[3.133889,42.118332],[3.179444,42.107216],[3.21333,42.061104],[3.220555,41.94694],[3.201666000000102,41.892776],[2.939444,41.719994],[2.273056,41.463333],[2.16472,41.342499],[2.149444,41.308609000000104],[2.11083,41.285828],[2.054166,41.26861],[1.89,41.25110600000011],[1.701389,41.20555100000013],[1.498333,41.178604],[0.993055,41.04805],[0.704167,40.813049],[0.7,40.794716],[0.73805,40.766388],[0.902778000000126,40.719719],[0.689722,40.571663],[0.629444,40.563332],[0.60722,40.575829],[0.615,40.593605],[0.709167,40.59583],[0.73139,40.64027],[0.603611000000114,40.623604],[0.541944,40.56916],[0.354444,40.298607],[0.048889,40.036102],[-0.03722,39.893326],[-0.10722,39.82861],[-0.179167,39.736107],[-0.32056,39.509995],[-0.338056,39.435555000000136],[-0.24111,39.14388300000013],[-0.1825,39.02916],[-0.06,38.901108],[0.008889,38.86221300000011],[0.086389,38.854988],[0.195556,38.805824],[0.215278,38.758041000000105],[0.207222,38.73221],[0.14417,38.684708],[0.041667,38.638046],[-0.006667,38.62861],[-0.138611,38.53805],[-0.30056,38.481667],[-0.37194,38.441666],[-0.51167,38.324997],[-0.600278,38.185272],[-0.656667,38.046944],[-0.75194,37.887215],[-0.76102,37.845955],[-0.86,37.71666],[-0.786945,37.64777400000014],[-0.73472,37.62944],[-0.710278,37.643883],[-0.69667,37.6325],[-0.715556,37.606941],[-0.92167,37.551384],[-0.9525,37.555832],[-0.97972,37.576942],[-1.048333,37.57916300000011],[-1.23861,37.575272],[-1.3275,37.558052],[-1.45389,37.48749],[-1.48556,37.436104000000114],[-1.50944,37.421944],[-1.64361,37.372772],[-1.68917,37.3425],[-1.79806,37.22277],[-1.82778,37.11944],[-1.902222,36.972221],[-1.998889,36.88416],[-2.058333,36.810555],[-2.06361,36.774994],[-2.129167,36.731384],[-2.1875,36.716385],[-2.281389,36.82000000000011],[-2.350278,36.84083],[-2.55528,36.81472],[-2.63944,36.701111],[-2.768889,36.678329],[-2.859445,36.69527],[-2.928889,36.749718],[-3.3275,36.739716],[-3.36361,36.71221900000012],[-3.452778,36.691666],[-3.59528,36.746941000000106],[-3.69444,36.728333],[-3.84889,36.752495000000124],[-4.23972,36.713333],[-4.398334,36.722221],[-4.43417,36.69944],[-4.495001,36.60833],[-4.633056,36.510551],[-4.754168,36.485832],[-4.91389,36.498886],[-5.171945,36.412773],[-5.219167,36.370552],[-5.311389,36.233604],[-5.334508,36.16256],[-5.395278,36.179443000000106],[-5.431667,36.169167],[-5.44528,36.143883],[-5.42528,36.070831],[-5.44889,36.05222],[-5.61361,36.006104],[-5.79722,36.073883],[-5.91139,36.179161],[-6.0375,36.180275],[-6.050834,36.19194],[-6.158334,36.305275],[-6.26139,36.469994],[-6.26306,36.481667],[-6.22611,36.463608000000136],[-6.172778,36.512215],[-6.238056,36.58138300000013],[-6.2975,36.613884],[-6.3925,36.626389],[-6.435,36.69722],[-6.441668,36.739441],[-6.35556,36.860832],[-6.578889,37.01944],[-6.904723,37.16555],[-6.95992,37.221836],[-6.978722,37.212608],[-6.97223,37.17775],[-7.053334,37.213051],[-7.12722,37.220551],[-7.32556,37.19722000000013],[-7.384167,37.16971600000011],[-7.39861,37.180832],[-7.43185,37.253189],[-7.44722,37.41861],[-7.47139,37.481384000000105],[-7.524445,37.552498],[-7.42306,37.74388900000014],[-7.320001,37.815277],[-7.27833,37.87083],[-7.25194,37.933609],[-7.25444,37.987495],[-7.006667,38.028053000000114],[-6.95167,38.14],[-6.93375,38.209068],[-6.947779,38.21833],[-6.993334,38.209442],[-7.01694,38.19166600000011],[-7.08778,38.174438],[-7.192223,38.320274],[-7.274445,38.41666],[-7.32111,38.44944],[-7.257223,38.728333],[-7.207355,38.749268],[-7.06,38.86055],[-6.956944,39.019997],[-6.961112,39.056664],[-6.98278,39.09138],[-7.040278,39.12277200000011],[-7.10278,39.104721],[-7.1425,39.111107],[-7.24278,39.213051],[-7.31361,39.34471900000011],[-7.371389,39.491386],[-7.505834,39.605827],[-7.5325,39.669418],[-7.3375,39.643883],[-7.266945,39.67194400000011],[-7.146111,39.658607],[-7.01722,39.67499500000014],[-6.87056,40.02166000000011],[-6.93472,40.1075],[-7.004723,40.126106],[-7.02722,40.18777],[-7.005834,40.23083],[-6.946526,40.25898],[-6.88278,40.260277],[-6.862303,40.271523000000116],[-6.83111,40.317215],[-6.79611,40.52444],[-6.81944,40.73333],[-6.803889,40.874161],[-6.85722,40.94749500000012],[-6.931667,41.01805100000013],[-6.92441,41.03096],[-6.835,41.031662],[-6.780278,41.06360600000011],[-6.75444,41.102493],[-6.75333,41.136665],[-6.64389,41.24472],[-6.558333,41.242218],[-6.438056,41.318886],[-6.29583,41.436104],[-6.18722,41.57972000000012],[-6.25222,41.637772],[-6.303612,41.66333],[-6.434167,41.680275],[-6.4975,41.65749],[-6.539445,41.679443],[-6.55222,41.698051000000135],[-6.547501,41.764999],[-6.52806,41.839439],[-6.548612,41.921944],[-6.594167,41.95361],[-6.618334,41.940552],[-6.6875,41.936661],[-6.90611,41.944717],[-6.982848,41.973862],[-7.01444,41.952499],[-7.063056,41.951385],[-7.092501,41.98027],[-7.13361,41.994995],[-7.187222,41.975273],[-7.17361,41.922775],[-7.200556,41.88361],[-7.41056,41.823326],[-7.607779,41.83111],[-7.59806,41.865273],[-7.6925,41.904999],[-7.759445,41.8975],[-7.873334,41.85249],[-7.921112,41.880829],[-8.067501,41.815277],[-8.140556,41.80916600000012],[-8.163807,41.817184],[-8.16111,41.857498],[-8.20472,41.87471800000014],[-8.218613,41.9136],[-8.134724,41.99889],[-8.085,42.020271],[-8.079723,42.054161],[-8.201223,42.15274],[-8.31056,42.103607],[-8.521389,42.082771],[-8.62083,42.05360400000012],[-8.73861,41.97138200000012],[-8.77278,41.929443],[-8.816443,41.92018900000011],[-8.871946,41.875832000000116],[-8.88833,41.933609000000104],[-8.89639,42.11305],[-8.77389,42.213108],[-8.64417,42.28833],[-8.57972,42.351662],[-8.61972,42.349998],[-8.656389,42.314995],[-8.649723,42.29583],[-8.683613,42.27971600000012],[-8.79411,42.253384],[-8.869167,42.251389],[-8.85278,42.2961],[-8.821945,42.328331],[-8.65611,42.427773000000116],[-8.689167,42.439438],[-8.777168,42.39716],[-8.84083,42.391388],[-8.879168,42.41944100000012],[-8.908335,42.467499],[-8.89139,42.496666],[-8.871668,42.500832000000116],[-8.855001,42.486664],[-8.86945,42.453606],[-8.836113,42.46194],[-8.80972,42.519440000000145],[-8.833612,42.550278],[-8.827778,42.574715],[-8.80444,42.576111],[-8.77889,42.596107],[-8.71972,42.675278],[-8.72155,42.7011490000001],[-8.91833,42.628326],[-8.99556,42.532494],[-9.03583,42.525276],[-9.06139,42.57944],[-9.020279,42.70472],[-8.911667,42.79333],[-9.00861,42.776382],[-9.08667,42.740273],[-9.140278,42.794998],[-9.12667,42.80249800000013],[-9.12444,42.839996],[-9.14389,42.893326],[-9.185001,42.9525],[-9.270557,42.911659],[-9.293335,42.922493000000145],[-9.259167,43.04722],[-9.206945,43.15749],[-9.16972,43.185829],[-9.125557,43.197495],[-9.089445,43.190552],[-8.952223,43.23055],[-8.935835,43.239441],[-8.980278,43.28139],[-8.87639,43.319717],[-8.824446,43.32721700000013],[-8.78278,43.303055],[-8.70139,43.287216],[-8.329723,43.403885000000116],[-8.265556,43.55277],[-7.898056,43.76416],[-7.85611,43.765],[-7.85556,43.759995]]]]}},{"type":"Feature","properties":{"id":"SE","iso2":"SE","name":"Sweden","level":"country","population":10500000,"gdp_per_capita_ppp":61000,"seats_lower":349},"geometry":{"type":"MultiPolygon","coordinates":[[[[16.83667,56.826942],[16.808331000000123,56.824165],[16.77027500000014,56.79583],[16.57055300000013,56.394440000000145],[16.575554,56.361382],[16.486385,56.231384000000105],[16.429722,56.20888500000012],[16.410831,56.225],[16.393330000000105,56.529160000000104],[16.5425,56.776382],[16.611942,56.868332],[16.749443,56.93972],[16.848053000000107,57.064163],[16.963055,57.229439],[16.959164,57.274162],[16.973331,57.305275],[17.05666,57.359161],[17.10555,57.348328],[17.124165,57.32083100000011],[17.05055,57.186661],[16.926666,57.038055],[16.84111000000013,56.832222],[16.83667,56.826942]]],[[[18.20611,56.911942],[18.140274,56.914993],[18.256664,57.032219],[18.254444,57.079163],[18.173332,57.141937],[18.14833,57.235275000000115],[18.158054,57.315826],[18.111385,57.51944],[18.179165,57.588333],[18.27611,57.634163000000115],[18.338886,57.68166],[18.46722,57.811943],[18.681942,57.913605],[18.725,57.922775],[19.004719,57.908607],[19.033333,57.826942],[18.92944,57.739716],[18.809166,57.703606],[18.75972,57.508049],[18.769444,57.46722],[18.78833,57.448326],[18.711941,57.241661],[18.39722,57.134163],[18.341389,57.073883],[18.335831,57.017494],[18.34666,56.998604000000114],[18.302498,56.937492],[18.215553,56.91305],[18.20611,56.911942]]],[[[19.334442,57.955826],[19.286663,57.937492],[19.256664,57.94944],[19.16277700000012,57.92694100000011],[19.1416660000001,57.90778],[19.12611,57.839722],[19.077774,57.85833],[19.034443,57.912498],[19.10472,57.975273],[19.296387,57.976662],[19.335552,57.960548],[19.334442,57.955826]]],[[[11.594444,57.93249500000013],[11.522499,57.951942000000145],[11.497221,58.012772],[11.498055000000136,58.031387],[11.520555,58.047775000000115],[11.735884,58.041714],[11.734165000000132,57.998604],[11.646111,57.950829],[11.594444,57.93249500000013]]],[[[16.816666,58.116104],[16.78333,58.096664],[16.778053000000114,58.106384],[16.818886,58.12138],[16.816666,58.116104]]],[[[11.806389000000138,58.120552],[11.67639,58.098885],[11.60666700000013,58.118607],[11.553333,58.115273],[11.467222,58.101387],[11.464998,58.066109],[11.402777,58.13694],[11.6775,58.2866590000001],[11.736666000000127,58.281662],[11.809999,58.224442000000124],[11.81111,58.1336060000001],[11.806389000000138,58.120552]]],[[[19.23694,58.33722],[19.21833,58.340271],[19.186665,58.391388],[19.324718000000132,58.36972],[19.3275,58.361664],[19.285275000000127,58.34194200000013],[19.23694,58.33722]]],[[[17.691387,58.91693900000013],[17.706387,58.90444200000013],[17.695831000000112,58.905548],[17.66444,58.929993],[17.641109000000142,58.9658280000001],[17.641941,58.989166],[17.667774,59.05222],[17.71805,59.018051],[17.720276000000126,59.001663],[17.69611,58.975555],[17.688053,58.921387],[17.691387,58.91693900000013]]],[[[18.40583,59.023888],[18.365555,59.020271],[18.35722,59.034996],[18.40721900000011,59.09083],[18.459721,59.11972],[18.47916400000014,59.11999500000013],[18.491665,59.102776],[18.424164,59.036385],[18.40583,59.023888]]],[[[18.537220000000104,59.223885],[18.435555,59.253609],[18.391941,59.290276],[18.49472,59.290833000000134],[18.601944,59.25750000000011],[18.56361,59.229721],[18.537220000000104,59.223885]]],[[[17.78694,59.31055],[17.671944,59.334717],[17.605553,59.416664],[17.65055500000011,59.424164],[17.744164,59.389717],[17.777222,59.36805],[17.789165,59.315826],[17.78694,59.31055]]],[[[17.734722,59.2961],[17.817497,59.277771],[17.681942,59.289719],[17.610832,59.313049],[17.52055,59.406944000000124],[17.523609000000135,59.422775000000115],[17.57055300000013,59.42860400000012],[17.629719,59.369438],[17.63777,59.320549],[17.647778,59.317772000000105],[17.734722,59.2961]]],[[[17.26638800000012,59.374443],[17.147221,59.386665],[17.070000000000107,59.459442],[17.266941,59.44416],[17.31611,59.408051],[17.30972,59.394165],[17.26638800000012,59.374443]]],[[[18.575554,59.44833],[18.553055,59.44833],[18.521664,59.472771],[18.522778,59.49472],[18.63361,59.55583200000012],[18.746944,59.544998],[18.591389000000106,59.501106],[18.60694100000012,59.46721600000012],[18.583611000000133,59.45082900000011],[18.575554,59.44833]]],[[[18.57,60.30778],[18.549164000000133,60.306107],[18.401108,60.365273000000116],[18.381943,60.41638200000011],[18.37416500000012,60.499718],[18.408886,60.499718],[18.507221,60.348053],[18.537220000000104,60.3425],[18.572777,60.313332],[18.57,60.30778]]],[[[17.509163,62.363327],[17.416664,62.37666],[17.373333,62.474442],[17.472221,62.458328],[17.5425,62.36610400000012],[17.509163,62.363327]]],[[[18.060833000000116,62.67083],[18.04166,62.6722180000001],[18.019165,62.700272],[18.03916,62.7355500000001],[18.060276,62.74388900000014],[18.141388,62.739166],[18.153053000000114,62.72888],[18.155,62.712219],[18.099442,62.67944],[18.060833000000116,62.67083]]],[[[20.885555,63.75166300000012],[20.84083,63.763054000000125],[20.855,63.789993],[20.91111,63.791382],[20.92722,63.768608],[20.885555,63.75166300000012]]],[[[21.809166,68.570541],[21.89722,68.569992],[21.99778,68.5236],[22.06388900000013,68.4761],[22.371944,68.46361],[22.82361,68.388046],[22.899719,68.3316650000001],[23.066944,68.286377],[23.353333000000134,68.083603],[23.394444000000135,68.042496],[23.666111000000114,67.941666],[23.644722,67.913055],[23.511108,67.8836060000001],[23.48333,67.86305],[23.469997,67.8169400000001],[23.507774,67.66554300000013],[23.471943000000124,67.5563810000001],[23.429996,67.485825],[23.43111,67.46554600000013],[23.486942,67.43805],[23.549164,67.453323],[23.76777600000014,67.41610700000012],[23.783054,67.332214],[23.773331,67.31443800000011],[23.741665000000125,67.28471400000012],[23.6055530000001,67.25943000000012],[23.586666,67.23498500000011],[23.571663,67.156662],[23.73111,67.008331],[23.94111,66.87999],[24.00777,66.800552],[23.936943,66.786942],[23.89,66.743042],[23.902775,66.680267],[23.891941,66.5816650000001],[23.878609,66.55722],[23.725277,66.50082],[23.6466640000001,66.448318],[23.639164,66.430542],[23.661942000000124,66.31221],[23.727776,66.195831],[23.89333,66.15527],[23.930832,66.135544],[23.967777000000126,66.072495],[24.031387,66.020264],[24.160553,65.84],[24.167007,65.814026],[24.12111,65.79887400000013],[24.04027600000012,65.806656],[23.956108,65.784164],[23.928333,65.75694],[23.77277800000013,65.797775],[23.65389,65.8063810000001],[23.51833,65.800827],[23.434719,65.760544],[23.249722,65.800827],[23.23444,65.76361],[23.141109,65.714722],[23.08111,65.698883],[23.00027,65.752777],[22.828888,65.815277],[22.790276,65.856384],[22.644722,65.905548],[22.638611,65.897766],[22.683331000000123,65.868881],[22.70472,65.807495],[22.684998,65.763885],[22.66,65.75193800000011],[22.648609,65.75055],[22.650555,65.77832],[22.479164,65.851105],[22.363888,65.85916],[22.329166,65.82971],[22.25777,65.69110100000012],[22.249054,65.632492],[22.300554,65.6298220000001],[22.31667,65.61804200000012],[22.32222000000013,65.630264],[22.289719,65.66832000000011],[22.385555,65.628876],[22.42639,65.548599],[22.40583,65.535263],[22.366108,65.55415],[22.206329,65.57877300000013],[21.86389,65.666656],[21.82139,65.70138500000013],[21.766941,65.722488],[21.77305200000012,65.69749],[21.84333,65.657776],[22.0225,65.598053],[22.11610800000011,65.58305400000012],[22.199165,65.54527300000012],[22.00027,65.513611],[21.887218,65.537216],[21.8525,65.529999],[21.914165,65.488602],[21.93972,65.48527500000012],[21.925278,65.510818],[22.030277000000126,65.462219],[22.010555,65.42387400000013],[21.929443,65.398041],[21.662220000000104,65.391388],[21.586941,65.416382],[21.47416,65.386658],[21.46833,65.380829],[21.534277,65.327271],[21.57972,65.31471],[21.588886,65.33221400000014],[21.70472,65.287491],[21.695,65.264435],[21.65472,65.244156],[21.553608,65.234711],[21.46888700000011,65.310883],[21.33805500000011,65.36972],[21.314163,65.36972],[21.260555,65.337494],[21.417221,65.306107],[21.559166,65.210831],[21.621387,65.142212],[21.577221,65.05777],[21.472775,65.05722],[21.4675,65.044998],[21.480000000000132,65.031097],[21.466663,65.007217],[21.300831,64.954437],[21.243889,64.947769],[21.20528,64.891663],[21.208885,64.862488],[21.183052,64.829987],[21.109165000000132,64.82026700000011],[21.073055,64.856384],[21.044998,64.84776],[21.03611000000012,64.82443200000012],[21.10694,64.777771],[21.229443000000117,64.78194],[21.30222,64.76555],[21.310833,64.75082],[21.304996,64.66194200000012],[21.161942,64.7227630000001],[21.105000000000132,64.7227630000001],[21.118889,64.681381],[21.271385000000123,64.615265],[21.356941,64.59082],[21.373333000000116,64.60527000000013],[21.55416,64.532486],[21.585,64.439713],[21.458054000000118,64.361099],[21.390553,64.335266],[21.276108,64.29582],[21.24277500000011,64.31027200000011],[20.9575,64.139435],[20.905,64.049438],[20.895554,64.002487],[20.777775,63.869164],[20.638332,63.813332],[20.535,63.799164],[20.499722,63.82278],[20.44778,63.75833100000011],[20.41361,63.691109],[20.298611,63.64638500000012],[20.263885,63.665833],[20.1,63.65583],[19.899441,63.609161],[19.74916500000012,63.516663],[19.779163,63.462494000000106],[19.704998,63.431938],[19.641109,63.442497],[19.64333,63.46999],[19.61639,63.49472],[19.501663,63.549438],[19.463608000000136,63.561104],[19.42805,63.549438],[19.47361000000012,63.453049],[19.44722,63.440277],[19.351665,63.435272],[19.309185000000127,63.463608],[19.289444000000117,63.459442],[19.274441,63.44194],[19.277496,63.408882],[19.23055,63.3275],[19.14,63.31027200000011],[19.04055,63.238609],[19.049721,63.21833],[19.108608,63.213608000000136],[19.066666,63.178604],[19.036942,63.176384],[18.9725,63.21],[18.95611,63.24528],[18.88972,63.2736],[18.80105,63.244942],[18.88389,63.227104],[18.915276,63.20666],[18.8975,63.19166600000011],[18.784721,63.161942],[18.761108,63.170273],[18.74866500000013,63.192436],[18.791832,63.198772],[18.722332,63.206604],[18.739166,63.16777],[18.382221,63.051666],[18.28916500000014,62.99721],[18.539719000000105,62.984444],[18.561943,62.97888200000011],[18.580276,62.955551],[18.466942,62.85833],[18.208611000000133,62.77861],[18.12611,62.765831],[18.082775,62.781105],[18.104443000000117,62.804161000000136],[18.144997,62.816666],[18.073330000000112,62.836662],[18.03722,62.839165],[17.97472,62.811386],[17.927498,62.842499],[17.828331,62.993332],[17.696663,62.991943],[17.834721000000116,62.93332700000013],[17.99472,62.730553],[18.004719,62.69332900000012],[17.991386,62.653053000000114],[17.956944,62.669441],[17.879719,62.669441],[17.877777,62.659721000000104],[18.045555,62.623604000000114],[18.048054,62.601387],[18.04472,62.589165],[17.83555200000012,62.483887],[17.767220000000123,62.50332600000013],[17.685555,62.490273],[17.654163,62.467216],[17.676388,62.450829],[17.67139,62.43777],[17.54583,62.44638800000013],[17.422497,62.537216],[17.328888,62.486938],[17.375832,62.32444],[17.465275,62.265549],[17.65472000000011,62.23111],[17.556664,62.195549],[17.535831,62.205551],[17.567001,62.22633400000012],[17.55786,62.235104],[17.509464,62.22893],[17.463608,62.006386000000134],[17.437222000000133,61.989441],[17.399998,61.989998],[17.349720000000104,61.945274],[17.336388000000113,61.818054],[17.38566600000013,61.756496],[17.440277,61.726944],[17.49472,61.72805],[17.523609000000135,61.70166],[17.498886,61.63582600000012],[17.477219,61.62471800000014],[17.432777,61.631104],[17.386108,61.69194],[17.33944300000013,61.712494000000106],[17.140274,61.719719],[17.27166,61.68305],[17.18111,61.63333100000011],[17.128052,61.640549],[17.09861,61.602776],[17.11777500000011,61.55555],[17.1680530000001,61.517494],[17.222775,61.44194],[17.213333,61.425278],[17.171387,61.420555],[17.139721000000122,61.431664000000126],[17.102776,61.39694200000014],[17.144997,61.357773],[17.213608,61.325554],[17.18111,61.190277],[17.150555,60.945],[17.24110800000011,60.895828],[17.276108,60.843048],[17.28527,60.731941],[17.275276,60.676109],[17.359722,60.640549000000135],[17.3771,60.618988],[17.52055,60.643051],[17.609165000000132,60.63222],[17.656944,60.601944],[17.602219,60.580551],[17.629444,60.522499],[17.66222,60.503883],[17.73111,60.491661000000136],[17.740555,60.493607],[17.72889,60.541382],[17.773052,60.57111],[17.880554,60.596939000000134],[17.949718000000132,60.597221],[18.227776,60.330276],[18.31388900000013,60.353882],[18.431942,60.343887],[18.46583,60.29943800000012],[18.607777,60.23722],[18.55694,60.224442],[18.448887,60.23972],[18.315277,60.313332],[18.31388900000013,60.301384],[18.396111000000133,60.208054],[18.507431,60.15266],[18.639442,60.1441650000001],[18.816387000000134,60.09638],[18.823055000000124,60.05888],[18.909721000000104,59.935829],[19.070553,59.889717],[19.07,59.838608],[19.059166,59.823051000000135],[18.936108,59.86999500000013],[18.864719,59.79805],[19.07389,59.774162],[19.075275,59.740555],[19.03221900000011,59.719994],[18.841389,59.712494],[18.74555,59.68916300000012],[18.69444,59.645271],[18.74472,59.64249],[18.645554,59.580551],[18.37833000000012,59.467499],[18.270554,59.474998],[18.259443,59.44472],[18.276665,59.41777],[18.335831,59.401939],[18.331387,59.392494],[18.165,59.408051],[18.16249800000014,59.41749600000014],[18.203777,59.427719],[18.195831,59.455276],[18.115555,59.453049000000135],[18.057220000000143,59.391388],[18.088886,59.367218],[18.091389,59.334442],[18.00736000000012,59.34496300000012],[17.9175,59.338608000000136],[17.76444,59.400551],[17.758888000000127,59.427498],[17.78722,59.498329000000126],[17.845276,59.533051000000114],[17.816109,59.59027],[17.71722,59.66333],[17.722221000000104,59.62610600000011],[17.710552,59.61888900000014],[17.59222,59.656105],[17.648331,59.665833000000134],[17.654163,59.71805],[17.62805,59.78889],[17.594166,59.806938000000116],[17.579441,59.774719],[17.5425,59.749443],[17.448055000000124,59.73555],[17.44472100000013,59.676109],[17.510555,59.587219],[17.543152000000134,59.573006],[17.515553,59.63833],[17.513054,59.706383],[17.537498,59.732216],[17.618332,59.731384000000105],[17.61610800000011,59.695549],[17.561171000000115,59.668449],[17.58971,59.639427],[17.757221,59.583885],[17.78666,59.535828],[17.73111,59.442772],[17.543888,59.491661000000136],[17.51833,59.512215],[17.546082,59.536987],[17.43861,59.560272],[17.37278,59.608887],[17.38361,59.654999],[17.344166,59.62277200000011],[17.406666,59.548607],[17.41944100000012,59.487221],[17.41,59.46916],[17.26194,59.50444],[17.18528,59.53860500000013],[16.94972,59.54361],[16.8649640000001,59.58473],[16.826385,59.585274],[16.786942,59.558884],[16.66166,59.54805],[16.623055,59.5816650000001],[16.551941000000113,59.6105500000001],[16.495552,59.591942],[16.546108000000117,59.550827],[16.4725,59.49749800000012],[16.329998,59.467773],[16.178055,59.464996],[16.10166,59.471107],[16.020275,59.49499500000013],[16.08138700000012,59.45138500000013],[16.181389,59.439438],[16.67,59.473053],[16.8127750000001,59.38694],[16.869999,59.381386],[16.889999000000103,59.383331],[16.885555000000124,59.405],[16.85083,59.40749],[16.69278,59.471382],[16.840275000000133,59.48944100000011],[16.924442000000113,59.453331],[16.961388000000113,59.420273],[17.111664,59.374443],[17.310555,59.34888500000011],[17.31611,59.333328],[17.287777,59.319717],[17.253887000000134,59.258888],[17.375832,59.247498],[17.398052,59.247772],[17.364166,59.277222],[17.35083,59.32444],[17.58583,59.282219],[17.847221,59.264442],[17.98444400000011,59.33388500000012],[18.052498,59.316383],[18.13361,59.31805],[18.206944,59.32944],[18.289444000000117,59.368607],[18.40361000000013,59.366661],[18.44472100000013,59.35083],[18.434998,59.33638800000011],[18.46666,59.33027600000014],[18.478333000000134,59.34583],[18.42805,59.425827],[18.43444,59.433609],[18.47722,59.43527200000011],[18.52972,59.41749600000014],[18.612778,59.36805],[18.640274,59.338882],[18.646942,59.312492],[18.522221,59.29583],[18.37722,59.302498],[18.335278,59.31055],[18.3365,59.322052],[18.318886,59.32833],[18.27722,59.310829000000126],[18.26944,59.268608],[18.309998,59.21971900000011],[18.311386,59.1325],[18.221386,59.116943],[18.021385,59.041939],[17.895832,58.90972],[17.894722,58.85889],[17.789444,58.94305400000013],[17.756664000000114,59.018326000000116],[17.764721000000122,59.123886],[17.663887,59.16833],[17.610275000000115,59.034439000000134],[17.62889,59.011665],[17.61360900000011,58.974716000000114],[17.578327000000115,58.95050800000013],[17.630554,58.914993],[17.62611,58.901939],[17.578888,58.845551],[17.349998,58.752220000000136],[17.22361,58.7305530000001],[17.156666,58.73277300000012],[17.083332,58.76361],[17.032776,58.750549],[17.143055000000118,58.69472],[17.034443000000124,58.637215],[16.915276,58.616943000000106],[16.242222,58.664719],[16.193607,58.627495000000124],[16.37055,58.60527],[16.41166,58.613327],[16.436665,58.64138800000012],[16.649441000000138,58.620552],[16.777496,58.581383],[16.93861,58.484161],[16.826942,58.442215],[16.737778,58.42860400000012],[16.578053,58.450829],[16.47555,58.479721],[16.41333,58.474716],[16.693886000000134,58.409721],[16.769997,58.367218],[16.824718,58.19944],[16.825832,58.176666],[16.80282,58.138672],[16.764471,58.125179],[16.742811,58.08612],[16.731806,58.049198],[16.75027,58.012772],[16.61389,57.986938],[16.733055,57.97110700000013],[16.778053000000114,57.919441],[16.770554000000118,57.884438],[16.732498000000135,57.87277200000011],[16.61360900000011,57.89222],[16.60278,57.940277],[16.518608,57.99694],[16.495552,57.98555],[16.522331000000122,57.87783],[16.700706,57.74015],[16.618889,57.77138500000012],[16.561108,57.821388],[16.418610000000115,57.893326],[16.47642,57.839966],[16.710278,57.705276],[16.625553,57.61972],[16.6325,57.552216],[16.693333,57.469162],[16.67139,57.41083],[16.63694,57.403053000000114],[16.62416500000012,57.374443],[16.546108000000117,57.38166],[16.46722000000011,57.27666],[16.460278,57.167496],[16.513885,57.117218],[16.546108000000117,57.116943],[16.584721,57.043884],[16.49277,57.03916],[16.375,56.720833],[16.308052,56.655],[16.272499,56.656662],[16.21611,56.607216],[16.10416,56.425552],[16.043331000000137,56.268883],[16.008331,56.217773000000136],[15.86555,56.09222],[15.78861,56.111938],[15.77583,56.147774],[15.59805,56.194717],[15.37528,56.138054000000125],[15.08888800000011,56.16],[14.696665,56.16111000000012],[14.681944000000101,56.11555],[14.714722,56.09916],[14.76667,56.030273000000136],[14.72,56.00027],[14.63528,56.0075],[14.603611,56.051941],[14.551388,56.055275],[14.330276,55.93694],[14.263611,55.886108],[14.217222,55.83027600000014],[14.193333,55.76666300000011],[14.19611,55.715828],[14.276943,55.647217],[14.37278,55.53777300000013],[14.193546,55.386147],[14.122499,55.37944],[14.0375,55.38944],[13.93583,55.431389],[13.89139,55.433609],[13.6416660000001,55.417496],[13.375555000000134,55.339996],[13.289999000000137,55.341942],[12.982222,55.400551],[12.914721,55.56555200000014],[13.0405540000001,55.627495],[13.059721,55.693054],[12.66361,56.078606],[12.609722,56.111664],[12.451666,56.297775000000115],[12.629166,56.258888],[12.718681,56.222778],[12.813332000000116,56.232773],[12.833055,56.269165],[12.730555,56.359444],[12.636665,56.38777],[12.622221,56.411942],[12.635555,56.44221],[12.67972200000014,56.466385],[12.74917,56.464722],[12.832777000000135,56.439720000000136],[12.90111,56.457222],[12.93694,56.532494],[12.887499000000105,56.638329],[12.821665,56.65833],[12.72527700000012,56.63971700000013],[12.67083,56.67610900000011],[12.613609,56.746941],[12.599998,56.80805],[12.579443,56.830276],[12.468332,56.887772],[12.35027700000012,56.914444],[12.349998,56.969994],[12.28611,57.03249],[12.237778,57.059715],[12.109999,57.25],[12.15138800000011,57.287216],[12.094999,57.426941],[12.036943000000122,57.45694],[12.007776,57.428886],[11.986111,57.341385],[11.917776,57.40222200000011],[11.901388,57.426666],[11.906666,57.5149990000001],[11.922222,57.56388900000013],[11.913332,57.613609],[11.897499,57.624443],[11.862499,57.607773],[11.83,57.661385],[11.887777,57.693886000000134],[11.704443,57.693329],[11.699720000000127,57.71583],[11.72305,57.80722],[11.668055,57.84583],[11.69416600000011,57.885277],[11.75722,57.897217000000126],[11.801388,58.026382],[11.799166,58.043884],[11.776667,58.059441000000106],[11.88611,58.211937],[11.798054,58.318329],[11.723331,58.328888],[11.594721000000106,58.255272],[11.526388,58.230553],[11.405554,58.261108],[11.384165,58.311943],[11.238333000000125,58.346939],[11.201387000000125,58.399437],[11.266388,58.57944],[11.26111,58.632217],[11.24778,58.65749],[11.180832,58.70916],[11.176943,58.730827],[11.233889,58.79694400000011],[11.23139,58.845276],[11.194166,58.917496],[11.106943,58.95],[11.119165000000123,59.015831],[11.166388,59.064438],[11.314999000000114,59.101387],[11.349998000000141,59.084442],[11.429192,58.98764],[11.422777,58.92027300000012],[11.431944,58.88861],[11.49667,58.88472000000013],[11.621387,58.904716],[11.75111,59.090271],[11.739443,59.12722],[11.754444,59.188049],[11.79833,59.245277],[11.783054000000106,59.324715],[11.666248,59.595482],[11.76417,59.63833],[11.82833,59.651939],[11.902777,59.707771],[11.891109,59.79472],[11.815960000000132,59.8461],[11.956944,59.896942],[12.14,59.88832900000011],[12.310276000000101,59.968887],[12.476944,60.076385],[12.502777,60.144722],[12.527777000000128,60.33416000000011],[12.589722,60.399162],[12.605833,60.479996],[12.594444,60.51694],[12.50583300000011,60.62999700000012],[12.364721,60.779442],[12.271944,60.946106],[12.21,61.002495],[12.40778,61.053886],[12.567221,61.04805],[12.637825000000134,61.057541],[12.772221000000116,61.20083],[12.85611,61.36249500000014],[12.53,61.566109],[12.40667,61.573326],[12.12444,61.72861],[12.295832000000132,62.261665],[12.19972,62.40471600000012],[12.084721,62.52916],[12.047499,62.589996],[12.046665,62.665276],[12.089443,62.74944],[12.028889,62.892494],[12.16861,63.015831],[12.036943000000122,63.173882],[11.936388,63.272217],[12.195000000000107,63.485275000000115],[12.139444,63.58416],[12.346666,63.72888200000011],[12.47305,63.833328],[12.681944,63.96721600000012],[12.93805,64.05332900000013],[13.23,64.093048],[13.988333000000125,64.01805100000013],[14.154722,64.185822],[14.151388,64.3336],[14.11639,64.470551],[13.900833,64.507492],[13.6625,64.58276400000011],[13.7075,64.63971],[14.296438000000137,65.102127],[14.319443,65.12999],[14.368889,65.24665800000014],[14.493055,65.313599],[14.50055,65.585831],[14.535,65.702774],[14.60389,65.773331],[14.634722,65.826935],[14.54055,66.007492],[14.505,66.13249200000013],[15.025276,66.149994],[15.468054,66.28387],[15.362778,66.479996],[15.625832,66.60582000000011],[16.00999800000011,66.890823],[16.353886,67.017776],[16.40583,67.16333],[16.36138,67.237778],[16.220554,67.329987],[16.10416,67.387772],[16.085831,67.41165200000012],[16.192219000000136,67.5],[16.3825,67.515549],[16.508331000000112,67.60916],[16.57694,67.66554300000013],[16.726944000000117,67.899155],[17.188332,68.030273],[17.273609,68.090546],[17.5925,68.029709],[17.884163,67.945541],[18.155277,68.16611],[18.04583,68.40943900000013],[18.09083,68.50776700000011],[18.35805,68.539154],[18.611942,68.475266],[18.952221,68.487778],[19.94805,68.34082],[20.03028,68.394989],[20.175831,68.448044],[20.211109,68.48220800000013],[20.088055,68.501663],[19.956387,68.5438840000001],[20.063053,68.583054],[20.202499000000103,68.662216],[20.35027700000012,68.78665200000012],[20.314720000000136,68.92833],[20.096943,69.042221],[20.580929,69.0603],[20.84638600000011,69.011932],[20.908886,68.9855500000001],[20.938889,68.958328],[20.888885,68.925827],[20.88277,68.90777600000013],[20.895275,68.8936000000001],[21.081387,68.86665],[21.420555,68.724152],[21.465553000000114,68.678055],[21.62305,68.649429],[21.710278,68.617218],[21.71833,68.59111000000013],[21.773331,68.574432],[21.809166,68.570541]]]]}},{"type":"Feature","properties":{"id":"CH","iso2":"CH","name":"Switzerland","level":"country","population":8800000,"gdp_per_capita_ppp":89000,"seats_lower":200},"geometry":{"type":"Polygon","coordinates":[[[7.697223,47.543327],[8.086666,47.560555],[8.198889,47.621666],[8.283333,47.613052],[8.435833,47.573608],[8.519999,47.634163],[8.562222,47.621384],[8.57642,47.59137],[8.629166,47.646111],[8.620832,47.66111],[8.551388,47.668327],[8.518332,47.649719],[8.475555,47.646942],[8.413332,47.678329],[8.406666,47.703888],[8.479443,47.772499],[8.566111,47.806938],[8.661388,47.79805],[8.734999,47.761383],[8.734165,47.709717],[8.720222,47.696625],[8.800133,47.681725],[8.772221,47.717499],[8.808887,47.735832],[8.892776,47.651382],[8.934166,47.653053],[9.0425,47.688889],[9.261095,47.662842],[9.566724,47.540451],[9.557772,47.505783],[9.567499,47.491104],[9.594166,47.46833],[9.65361,47.455551],[9.669998,47.387772],[9.605276,47.359993],[9.491388,47.215271],[9.484444,47.179718],[9.512499,47.100273],[9.474637,47.057457],[9.544722,47.07],[9.875555,47.022491],[9.893055,47.000267],[9.873333,46.962769],[9.879444,46.939156],[10.109444,46.850273],[10.231388,46.878883],[10.313332,46.933609],[10.353611,46.994995],[10.400833,47.001106],[10.488913,46.934212],[10.447498,46.763054],[10.470833,46.635826],[10.486387,46.619438],[10.475555,46.562492],[10.44972,46.539162],[10.305555,46.553886],[10.247499,46.583885],[10.253611,46.622215],[10.233332,46.639999],[10.119165,46.611382],[10.050278,46.539993],[10.044998,46.449165],[10.153889,46.390274],[10.177221,46.272499],[10.133888,46.228882],[10.078609,46.220551],[10.063055,46.222771],[9.994999,46.291664],[9.981943,46.334717],[9.991943,46.357773],[9.949999,46.379166],[9.904999,46.383049],[9.813055,46.35833],[9.708332,46.298332],[9.581944,46.296944],[9.521387,46.319717],[9.458611,46.38472],[9.455,46.472496],[9.372776,46.5075],[9.288887,46.500275],[9.249722,46.448051],[9.253054,46.433327],[9.282221,46.419998],[9.297499,46.348885],[9.291943,46.323051],[9.238609,46.230553],[9.180555,46.179161],[9.144439,46.168049],[9.083332,46.121109],[9.035831,46.05722],[8.996666,45.973328],[9.025,45.935829],[9.066666,45.924164],[9.085554,45.899162],[9.036665,45.837776],[8.998333,45.829437],[8.951111,45.845276],[8.895555,45.955826],[8.813055,45.988609],[8.816944,46.031662],[8.853333,46.061104],[8.826111,46.096664],[8.747221,46.121109],[8.701111,46.10083],[8.617777,46.120277],[8.445555,46.245827],[8.434166,46.291107],[8.46611,46.37722],[8.459999,46.452217],[8.436388,46.463333],[8.365276,46.453606],[8.302776,46.422493],[8.139999,46.226105],[8.159443,46.180832],[8.148888,46.149437],[8.00861,46.008331],[7.911111,45.994164],[7.881944,45.977776],[7.855742,45.919052],[7.743333,45.93222],[7.647499,45.98111],[7.536666,45.981667],[7.393332,45.916107],[7.300278,45.923882],[7.188611,45.879166],[7.105,45.882217],[7.038054,45.931938],[7.005833,45.999443],[6.783889,46.148048],[6.809444,46.415276],[6.791389,46.434166],[6.633611,46.464165],[6.52,46.45916],[6.31111,46.401382],[6.243333,46.354996],[6.225555,46.322495],[6.243747,46.31551],[6.271944,46.26194],[6.245555,46.21833],[6.152222,46.15361],[5.996388,46.146942],[5.966666,46.209442],[6.009166,46.233887],[6.119166,46.264442],[6.106109,46.297489],[6.158333,46.373886],[6.071111,46.426384],[6.135278,46.539719],[6.129999,46.59333],[6.269166,46.682777],[6.434999,46.758049],[6.458611,46.785271],[6.446944,46.839439],[6.460278,46.895828],[6.528333,46.971664],[6.639722,47.004166],[6.699444,47.063889],[6.849721,47.164989],[6.839722,47.173607],[6.971666,47.291939],[7.000833,47.364998],[6.879999,47.360275],[6.990555,47.497215],[7.025,47.508049],[7.14642,47.499054],[7.178333,47.445831],[7.246944,47.42083],[7.308332,47.440277],[7.3825,47.432495],[7.415555,47.445274],[7.496944,47.494995],[7.49861,47.54805],[7.546665,47.565552],[7.557221,47.581383],[7.674444,47.606384],[7.669999,47.576385],[7.621111,47.561104],[7.656111,47.550552],[7.697223,47.543327]],[[8.710255,47.696808],[8.705,47.713051],[8.675278,47.712494],[8.678595,47.693344],[8.710255,47.696808]]]}},{"type":"Feature","properties":{"id":"TR","iso2":"TR","name":"Turkey","level":"country","population":85000000,"gdp_per_capita_ppp":32000,"seats_lower":600},"geometry":{"type":"MultiPolygon","coordinates":[[[[26.078053,39.7836],[26.0186,39.799431],[25.974995,39.829987],[26.012772,39.8425],[26.075829000000113,39.839722],[26.086388,39.829987],[26.082222,39.78944400000012],[26.078053,39.7836]]],[[[25.82444,40.100266],[25.731667,40.09304],[25.664444,40.122208000000114],[25.67083,40.151375],[25.776665,40.212212],[25.934441,40.241096],[26.013611,40.157494],[25.989998000000128,40.128876000000105],[25.958054000000118,40.121101],[25.82444,40.100266]]],[[[27.60722,40.57222],[27.528606,40.60027],[27.526665,40.64248700000013],[27.54139,40.65388],[27.65111,40.65722],[27.73305,40.637215],[27.72388500000011,40.615555],[27.611382,40.57332],[27.60722,40.57222]]],[[[35.096931,41.961655],[35.093323,41.92305],[35.136932000000115,41.85804700000011],[35.265266,41.725822],[35.506386,41.63805],[35.621666,41.631653],[35.876656,41.70082900000011],[35.955544,41.734993000000145],[36.0511,41.691933],[36.11026800000013,41.63637],[36.13082900000012,41.59915],[36.132767,41.535828],[36.11499800000013,41.496666],[36.13082900000012,41.46443],[36.240273,41.35611],[36.34499,41.283333],[36.429153,41.242775],[36.48526800000013,41.244431],[36.531662,41.26777],[36.612488,41.347488],[36.648041,41.359444],[36.80999800000012,41.3555530000001],[36.871101000000124,41.34304],[37.023331,41.26748700000013],[37.029999,41.197777],[37.04999,41.171097],[37.137215,41.14526400000011],[37.2966540000001,41.13693],[37.526375000000144,41.030266],[37.60777,41.047768],[37.654999,41.1161],[37.687485,41.13721],[37.786385,41.10054800000012],[37.78027,41.070267],[37.79361,41.045547],[37.892487,40.98277300000012],[37.99638,40.98749],[38.361382,40.90943],[38.709991000000116,40.949997],[38.81611,41.009995],[38.924164,41.0411],[39.009995,41.032219],[39.05471,41.0411],[39.144722000000115,41.063332],[39.16304800000012,41.0824970000001],[39.278603,41.049721],[39.421097,41.109444],[39.48582,41.09861],[39.55527500000011,41.04832],[39.69055,41.003052],[40.12859300000014,40.91638200000011],[40.337494,40.978867],[40.371368,41.008881],[40.458046,41.04249600000014],[40.580544,41.05470300000013],[40.833054,41.194984],[40.931107,41.18748],[41.17169200000012,41.285301],[41.320541000000105,41.36554],[41.38749700000011,41.37305],[41.53156,41.523876],[41.72470900000013,41.492493],[41.833321000000126,41.428322],[41.91693900000013,41.494987],[41.96804,41.519157],[42.182487,41.50750000000011],[42.47221400000012,41.43332700000013],[42.564995000000124,41.508324],[42.597771,41.58305400000012],[42.681389,41.594719],[42.84024,41.578873],[42.8927690000001,41.506943],[43.016106,41.393326000000116],[43.12638,41.32000000000011],[43.233597000000145,41.190269],[43.369713,41.202766],[43.451935,41.171097],[43.475548,41.136375],[43.453888,41.09027100000014],[43.47916,41.025269],[43.59943,40.992493],[43.671654,40.92805],[43.751938,40.739998],[43.741379,40.666656],[43.719208,40.622681],[43.65304600000013,40.53138000000013],[43.59277,40.501099],[43.583054,40.451111],[43.606934,40.368889],[43.72166,40.163322],[43.65778,40.139709],[43.647774,40.122765],[43.657494,40.108597000000145],[43.933884,40.01361],[44.03221900000011,40.00665300000014],[44.279999,40.046097],[44.347214,40.02388800000011],[44.487778,39.962769],[44.54832,39.91221],[44.590828,39.83305400000012],[44.80305,39.681656],[44.81304200000011,39.63081],[44.73082000000011,39.70665],[44.60582,39.78054],[44.471085,39.698868],[44.47789,39.640656],[44.431931,39.44694],[44.4161,39.425262],[44.31554,39.387497],[44.20054,39.41693900000013],[44.070267000000115,39.411652],[44.034157,39.38499500000012],[44.215828,39.140831],[44.198032,39.056675],[44.159424,39.00221],[44.208046,38.895821000000126],[44.24749,38.866653],[44.29110000000014,38.859711],[44.30332,38.83443],[44.30138,38.80443600000012],[44.26082,38.721657],[44.31388,38.63777],[44.32222,38.510277],[44.302773,38.443604],[44.307316,38.38784],[44.333878,38.378036],[44.434708000000114,38.395546],[44.484154,38.345543],[44.238884,37.960274],[44.223969,37.89915],[44.574158000000125,37.76804],[44.61805,37.72777],[44.584435,37.613884],[44.588593,37.440262],[44.6486,37.427773],[44.81526200000013,37.30526],[44.821938,37.271103],[44.78734,37.149712],[44.766106,37.16971600000011],[44.638054,37.187485],[44.5811,37.162209],[44.436378000000104,37.063042],[44.349709,37.038322],[44.31721,36.970543],[44.255272000000105,36.986664],[44.193329,37.10027],[44.22637900000012,37.15277100000014],[44.2677690000001,37.167496],[44.261658,37.24193600000012],[44.227219,37.2783280000001],[44.116379,37.316376],[44.014153,37.320541],[43.95916000000011,37.286652],[43.9036,37.221657],[43.623047,37.229996],[43.494713,37.249718],[43.15694,37.373878000000104],[42.955544,37.32222],[42.826653000000135,37.354439],[42.82,37.378319],[42.790825,37.38472000000013],[42.724709,37.351944],[42.590546,37.181656],[42.578331000000105,37.150826],[42.355614,37.10693],[42.35110500000013,37.233887],[42.294434,37.269722],[42.18083200000012,37.290543],[42.083321,37.208321],[41.99527,37.172768],[41.84027100000014,37.129990000000134],[41.539162,37.08416],[41.22165700000011,37.071106],[40.929993,37.12971],[40.770821,37.11805],[40.69722000000013,37.099709],[40.51888300000013,37.024994],[40.439713,37.013054],[40.214432,36.895821],[39.826111,36.755829],[39.229996,36.665276],[39.178596,36.667763],[39.038048,36.708611],[38.912766,36.695],[38.73138,36.701111],[38.513611,36.858047],[38.3863750000001,36.89833],[38.244164,36.914444],[38.181107,36.90582300000011],[38.023369,36.83036],[37.784157,36.748604],[37.70138,36.746941000000106],[37.53333,36.677773],[37.381386000000134,36.653885],[37.269440000000145,36.66444400000012],[37.127495000000124,36.659157],[36.97637900000012,36.763611],[36.659943,36.83371],[36.663879,36.811935],[36.586388,36.619713000000104],[36.54916400000013,36.48333],[36.582764,36.397491],[36.688599000000124,36.289444],[36.69221,36.239159],[36.619431,36.2186],[36.535553,36.23555],[36.39222,36.21332600000011],[36.37472,36.177498],[36.38721,36.083321],[36.377747,36.0],[36.299995,35.96972],[36.21916,35.960274],[36.187492,35.91360500000013],[36.168053,35.81749700000012],[36.109993,35.861382],[35.92244,35.92699],[35.980217,35.9955],[35.97666,36.00972000000013],[35.941933,36.095276000000126],[35.78333,36.296387],[35.787766,36.319153],[35.818886000000134,36.35499600000014],[35.928596,36.454163],[36.04639,36.535271],[36.149712,36.587494],[36.188889,36.594437],[36.215828,36.64637800000014],[36.205826,36.770821000000126],[36.193329,36.791939],[36.124435,36.86805],[36.06193500000012,36.914444],[36.021935,36.92638],[35.953049,36.891663],[35.820824,36.77555100000012],[35.64666,36.753609],[35.573914,36.707352],[35.575829,36.685822],[35.636101,36.682213],[35.636658,36.61805],[35.61637900000011,36.59693],[35.556664,36.57916],[35.498878,36.61193100000014],[35.33999,36.53916],[34.983047,36.71999],[34.90424,36.717064],[34.881386,36.7594380000001],[34.827209,36.795273],[34.72943900000013,36.813332000000116],[34.65943,36.80527],[34.57222,36.775826],[34.26693,36.574158],[34.215828,36.51137],[34.083054,36.41111],[34.074997,36.361931],[34.031662,36.303055],[33.988602,36.277771],[33.93693500000012,36.280266],[33.873055,36.314156],[33.7052690000001,36.179436],[33.645,36.189713],[33.610268,36.182213000000104],[33.540833,36.13971],[33.362778,36.137772],[33.045273,36.0911],[32.934441,36.096657],[32.864441,36.068329],[32.808884,36.02555100000012],[32.66971600000011,36.039162],[32.566628,36.092712],[32.497208000000114,36.10110500000013],[32.369431000000134,36.173882],[32.19999700000011,36.34915200000012],[32.149155,36.429436],[32.064713,36.516388],[32.015266,36.545547],[31.823051,36.589722],[31.742222,36.63472],[31.343609,36.804436],[31.04666,36.849152],[30.763329000000113,36.84416],[30.682774,36.88528],[30.623333,36.850822],[30.57027,36.78221900000011],[30.528332,36.494431000000134],[30.481384,36.42694],[30.47444,36.385277],[30.5111,36.339722],[30.40694,36.203606],[30.365829,36.261375],[30.276382,36.300278],[30.200829000000113,36.303596],[30.1436,36.288048],[30.14583,36.255829],[30.12694,36.244713],[29.77527,36.151665],[29.717216,36.16083],[29.6772160000001,36.11833200000012],[29.62861,36.17055],[29.570271,36.199432],[29.349716,36.23111],[29.25887,36.29583],[29.141663,36.35277600000012],[29.117222,36.383324],[29.0975,36.476379],[29.12388,36.540543],[29.080830000000105,36.558884],[29.0522160000001,36.554436],[29.047497,36.54027600000012],[29.016663000000108,36.54332000000011],[29.035275000000127,36.61637900000011],[29.08721500000013,36.626656],[29.052498,36.681107],[28.924721,36.746666],[28.864441000000113,36.686378],[28.850552,36.6560970000001],[28.65694,36.710274],[28.608604,36.803322],[28.454163,36.881386],[28.376389,36.847214],[28.38499,36.8324970000001],[28.421944,36.828049000000135],[28.398605,36.781662],[28.37805200000014,36.78221900000011],[28.288609,36.844719],[28.256386,36.842766],[28.234444,36.796097000000145],[28.27583,36.729439],[28.066383,36.589722],[27.98389,36.552773000000116],[27.959995,36.59970900000013],[28.05083100000013,36.597771],[28.086662,36.63832900000011],[28.04472,36.68777],[28.013611,36.6680530000001],[27.966389000000106,36.674164],[27.965549,36.685822],[28.038609000000122,36.707222],[28.09444,36.70221],[28.12194,36.719437],[28.124439,36.79138200000011],[28.114441,36.801659],[27.91972,36.737221],[27.911942,36.749435],[27.72749,36.75610400000011],[27.709995000000106,36.747208],[27.676105,36.691666],[27.511944,36.674431],[27.475277,36.649994],[27.379440000000102,36.68083],[27.358604,36.70694],[27.470833,36.7502750000001],[27.918884000000105,36.79416700000013],[28.02583,36.82278],[28.066383,36.934998],[28.32444,37.023331],[28.328606,37.03972],[27.51499600000011,36.992775],[27.42139,37.02804600000013],[27.33583,37.014153],[27.3383290000001,36.99527],[27.311108,36.97193],[27.272221,36.955826],[27.257500000000107,36.962494],[27.225277,37.056107],[27.32278,37.15193],[27.368332000000123,37.150551],[27.439716,37.104713],[27.549995000000138,37.131653],[27.595276,37.232491],[27.563889,37.273598000000106],[27.521381000000133,37.261658],[27.48582800000014,37.267487],[27.40416,37.308884],[27.38472,37.35138],[27.414444,37.410553],[27.371941000000106,37.399712000000136],[27.356667,37.37027],[27.313606,37.342209],[27.243607,37.33583],[27.19389,37.350822],[27.218327,37.411385],[27.2241590000001,37.473328],[27.214993,37.58194],[27.19389,37.60444],[27.261944,37.794716],[27.267773,37.95554],[27.24055,37.97971300000012],[26.985271000000125,38.065269],[26.92305,38.062218],[26.76249700000011,38.21472200000011],[26.681107,38.201653],[26.627773,38.156662],[26.610828,38.103333],[26.59111,38.10166],[26.54694,38.115273000000116],[26.438889,38.212769],[26.330555000000118,38.225822],[26.27583,38.264435],[26.29055,38.368607],[26.31805,38.373322],[26.32833,38.354156],[26.318604,38.332222000000115],[26.374722,38.30555],[26.463608,38.35526],[26.510551,38.423325],[26.42916,38.470276],[26.39472,38.44415300000014],[26.384163000000115,38.449715],[26.347218,38.62999],[26.352776,38.6533280000001],[26.369999,38.661942],[26.47916,38.668053],[26.562222,38.59970900000013],[26.61222,38.529709],[26.62944,38.45805400000012],[26.595551,38.453049],[26.644444,38.337494],[26.682217,38.307487],[26.834995,38.36555],[27.088882,38.398041],[27.16277700000012,38.44722],[27.040276,38.461098],[26.94722,38.441666],[26.730827,38.645821],[26.720833,38.716103],[26.73222,38.73026],[26.828053000000125,38.754433],[26.901939,38.816376],[27.01527,38.865555],[27.027493,38.853043],[27.064442,38.874435],[27.058048,38.923882],[27.040833000000134,38.933327],[26.922497,38.933327],[26.861111000000108,38.909157],[26.802773000000116,38.95443],[26.798611,39.027771],[26.88472,39.073318],[26.820553,39.151108],[26.75933,39.173264],[26.72889,39.221375],[26.644722000000115,39.263054],[26.664993,39.301102],[26.811382,39.39888800000011],[26.894997,39.47415200000012],[26.93972,39.484711],[26.951939,39.548882],[26.939159,39.574997],[26.923882000000106,39.582222],[26.817493,39.561661],[26.66972,39.554993],[26.13388,39.453049],[26.068886000000134,39.475266],[26.101383,39.581657],[26.156384,39.636101],[26.163052,39.68638],[26.1486,39.916656],[26.174721,39.97943900000013],[26.200272,40.00583],[26.248882,39.991096],[26.332497,40.022774],[26.433331,40.191666],[26.521111,40.219994],[26.68277400000011,40.34637500000014],[26.707222,40.384995],[26.886944,40.39555400000012],[26.9675,40.38221],[27.026665,40.39111],[27.088882,40.448318],[27.264164000000108,40.45861100000013],[27.30472200000014,40.406662],[27.29499,40.40582],[27.307499,40.3836060000001],[27.429165000000125,40.324158],[27.551941,40.30305],[27.57502,40.313271],[27.772495,40.31304200000011],[27.881104,40.37693800000011],[27.836941,40.39666],[27.791111,40.39026600000011],[27.68888900000013,40.48221600000011],[27.686382,40.497208000000114],[27.707497,40.51332900000011],[27.757217,40.529999],[27.856937,40.522491],[28.025555,40.486107],[28.03083,40.4675],[28.009163,40.447495],[27.898331,40.395821],[27.917500000000132,40.36693600000012],[27.947777,40.357491],[28.24943900000011,40.4036],[28.509163000000115,40.39526400000011],[28.674438000000123,40.36360200000013],[28.785275,40.394997],[28.873333,40.385544],[28.921104,40.36110700000012],[29.054165,40.365822],[29.148048,40.433044],[29.084438,40.47638],[29.026939,40.481110000000115],[28.96610600000014,40.46054],[28.912495,40.469437],[28.77527,40.524994],[28.804165000000125,40.558327],[28.90984,40.593117],[28.974442,40.637215],[29.251659,40.662491],[29.391388,40.703049000000135],[29.424,40.6858],[29.510551,40.73277],[29.555832,40.684998],[29.70149,40.70500900000013],[29.91,40.71305100000012],[29.940273,40.73137700000012],[29.934441000000106,40.760544],[29.591660000000104,40.775551],[29.41249,40.769722],[29.339993,40.802773],[29.254993,40.868332],[29.129440000000102,40.91444],[29.043327,40.973053],[29.025555,41.034431],[29.088221,41.118622],[29.076382000000137,41.16277],[29.166111,41.22666],[29.22388,41.23666400000013],[29.57960100000014,41.172997],[29.622498,41.17832],[29.987495,41.139435000000105],[30.161385,41.140831],[30.284718,41.208054],[30.32916,41.20249200000012],[30.376942,41.17499],[30.60611,41.13388],[30.761944,41.085274],[30.954735,41.07457],[31.23111,41.088875],[31.335831,41.13582],[31.41111,41.20916000000011],[31.421104000000128,41.280823],[31.547771,41.361931],[31.621105,41.381386],[32.158333,41.607216],[32.28221900000011,41.72277],[32.60082,41.832222000000115],[32.684433000000126,41.833755],[32.72137500000014,41.84915200000012],[32.950829,41.88499500000012],[32.992775,41.913322],[33.333878,42.020264],[33.738045,41.979713],[34.10194400000012,41.976105],[34.315269000000114,41.94082],[34.715546,41.94249],[34.850822,41.979439],[34.917213,42.03665200000012],[34.945541,42.066933],[34.946106,42.09304],[34.957764,42.09277],[35.04721100000012,42.065269],[35.11693600000012,42.004166],[35.101662,41.97277100000014],[35.096931,41.961655]]],[[[27.395,42.008041],[27.57222,41.907219],[27.595551,41.93555],[27.638054,41.958321],[27.830273,42.001389],[27.869717,42.005547],[28.013054000000125,41.982216],[28.032494,41.909157],[27.97777600000012,41.8863750000001],[27.963329,41.85667],[27.968327,41.824997],[28.076664,41.647774],[28.19278,41.54166],[28.331944,41.469437],[28.834995,41.28221900000011],[29.01722,41.241096],[29.050831,41.255829],[29.0933270000001,41.244431],[29.10916,41.228882],[29.106937,41.209991000000116],[29.039215,41.154533],[29.068394,41.123108000000116],[29.05555,41.0824970000001],[29.033333,41.051941],[28.902493000000106,40.977776],[28.830273,40.955544],[28.604717000000107,40.96472200000011],[28.571384,41.064438],[28.52916,41.08027],[28.53666,41.061935],[28.559441000000106,41.056931],[28.56778,41.02304],[28.538883,40.986107],[28.415833000000134,41.04583000000014],[28.213055,41.08027],[28.148605,41.076653000000135],[28.010830000000112,41.03555],[27.94305,40.96804],[27.866940000000113,40.969994],[27.828053000000125,40.993889],[27.74138,41.013329],[27.50972,40.983597],[27.482777000000112,40.960831],[27.443886000000134,40.84861],[27.29805,40.70443],[27.176662,40.631653],[27.020281,40.592216],[26.970551,40.55471],[26.878326,40.53278],[26.682217,40.45389],[26.684166,40.424431],[26.614998,40.35611],[26.440273,40.237488],[26.32194,40.108597000000145],[26.221943000000124,40.054153],[26.160275,40.048882],[26.159718,40.063042],[26.249165,40.176659],[26.268055,40.220551000000114],[26.269722,40.256386],[26.20972,40.317215],[26.21416,40.325554000000125],[26.543156,40.482986],[26.611111,40.509163],[26.689442,40.511101],[26.827221,40.586937],[26.805275,40.63749700000011],[26.768330000000105,40.66055300000011],[26.685555,40.637772],[26.35944,40.60833],[26.308331,40.59304],[26.1275,40.5935970000001],[26.07027,40.619431000000134],[26.04472,40.735825],[26.118332,40.745544],[26.213608,40.877213],[26.28749,40.90193],[26.361382000000106,40.955826],[26.3752750000001,41.025551],[26.323887000000127,41.09304],[26.325,41.234711],[26.35833,41.256943],[26.41527600000012,41.2594380000001],[26.611382,41.332497],[26.635277,41.358887],[26.636387,41.416382],[26.604443,41.546097],[26.570271,41.611382],[26.35583,41.71443],[26.332222,41.741379],[26.345551000000114,41.78665],[26.381660000000124,41.82304],[26.542217,41.828049],[26.57529,41.89864],[26.560593,41.92892],[26.62138,41.973053],[26.962221,42.003323],[27.04305,42.085831],[27.233051000000103,42.109993000000145],[27.282494,42.102219],[27.361664000000133,42.064995],[27.391937,42.01054],[27.395,42.008041]]]]}},{"type":"Feature","properties":{"id":"UK","iso2":"UK","name":"United Kingdom","level":"country","population":67700000,"gdp_per_capita_ppp":54000,"seats_lower":650},"geometry":{"type":"MultiPolygon","coordinates":[[[[-6.29083,49.912216],[-6.317223,49.911942],[-6.30139,49.933609000000104],[-6.280001,49.92083],[-6.28639,49.913887],[-6.29083,49.912216]]],[[[-1.059722,50.687492],[-1.168334,50.601944],[-1.2825,50.578888],[-1.49361,50.667221],[-1.569167,50.657494],[-1.52333,50.695274],[-1.308889,50.771111],[-1.118056,50.737495],[-1.093889,50.72055],[-1.059722,50.687492]]],[[[-0.938333,50.7775],[-1.02167,50.789444],[-0.970833,50.830826],[-0.946389,50.819443],[-0.93611,50.780548000000124],[-0.938333,50.7775]]],[[[-4.65167,51.159439],[-4.673334,51.16138500000011],[-4.66556,51.195],[-4.646945,51.16083],[-4.65167,51.159439]]],[[[0.904722,51.35805],[0.766111,51.375832],[0.735,51.40833],[0.748889,51.443604],[0.90417,51.418884],[0.943889000000127,51.384995],[0.9425,51.369164],[0.904722,51.35805]]],[[[-4.571389,53.238609],[-4.67694,53.280273000000136],[-4.69389,53.30138],[-4.67861,53.320831],[-4.62167,53.321388],[-4.560556,53.258331],[-4.56361,53.243332],[-4.571389,53.238609]]],[[[-4.153483959575122,53.22572995283766],[-4.35139,53.124443],[-4.40222,53.125832],[-4.49444,53.189438],[-4.5675,53.273331],[-4.569167,53.388054000000125],[-4.56,53.39666],[-4.42306,53.424995],[-4.2925,53.407494],[-4.22222,53.321663000000115],[-4.04667,53.30333],[-4.10139,53.247772],[-4.153483959575122,53.22572995283766]]],[[[-6.353333,55.237778],[-6.255,55.211937],[-6.14222,55.220276000000126],[-6.06667,55.19444],[-6.03361,55.154999],[-6.049445,55.087219],[-6.03611,55.057777],[-5.79139,54.85139],[-5.73194,54.848328],[-5.688056,54.806107],[-5.6875,54.761108],[-5.711112,54.739166],[-5.821667,54.708885],[-5.88833,54.674721],[-5.92389,54.63388800000013],[-5.90833,54.604721],[-5.88306,54.60555],[-5.855834,54.637497],[-5.803056,54.66138500000011],[-5.576945,54.678055],[-5.53528,54.651939],[-5.479445,54.536385],[-5.429723,54.483604],[-5.46111,54.385551000000135],[-5.508056,54.363609],[-5.54639,54.403439000000105],[-5.53222,54.426777],[-5.545834,54.441666],[-5.54361,54.476944],[-5.561667,54.518883],[-5.63944,54.559166],[-5.698611,54.57416500000011],[-5.704722,54.533607],[-5.67139,54.52166000000011],[-5.64502,54.492676],[-5.568172,54.366867],[-5.56222,54.283051000000114],[-5.65333,54.225555],[-5.69,54.24472],[-5.74611,54.248055000000136],[-5.86389,54.22388],[-5.87389,54.20499400000011],[-5.86528,54.162498],[-5.896389,54.09944],[-6.04389,54.03139],[-6.10833,54.03638],[-6.19667,54.095276],[-6.33889,54.115555],[-6.4475,54.058327],[-6.620001,54.03722],[-6.65556,54.065277],[-6.73472,54.18361],[-6.851667,54.28749800000014],[-6.87611,54.345276],[-6.92694,54.37916600000011],[-7.02528,54.41693900000013],[-7.05833,54.41],[-7.16083,54.336662],[-7.175556,54.28916],[-7.1425,54.255829],[-7.14583,54.225273],[-7.280834,54.124992000000134],[-7.330278,54.113052],[-7.55944,54.126938],[-7.620001,54.14611100000013],[-7.62778,54.16971600000011],[-7.69694,54.2024990000001],[-7.82056,54.19916500000011],[-7.8675,54.2241590000001],[-7.878056,54.28916],[-7.94139,54.299438],[-8.05583,54.36639],[-8.15667,54.438606],[-8.17167,54.463879000000134],[-8.04695,54.507217],[-7.833611,54.55389],[-7.752223,54.594444],[-7.7775,54.62693800000011],[-7.855278,54.63472],[-7.90639,54.664444],[-7.92528,54.702217],[-7.82972,54.7355500000001],[-7.73917,54.710548],[-7.553334,54.762772],[-7.458056,54.857773],[-7.40639,54.953331],[-7.32639,55.04527300000012],[-7.25251,55.070595],[-7.25111,55.04610400000013],[-7.073611,55.037773],[-7.01972,55.07027],[-6.966945,55.15610500000014],[-6.730278,55.18027500000011],[-6.515556,55.23305],[-6.37639,55.239166],[-6.353333,55.237778]]],[[[-6.172778,55.293053],[-6.18833,55.25972],[-6.23444,55.291382],[-6.2825,55.29222],[-6.23889,55.308609],[-6.17472,55.297493],[-6.172778,55.293053]]],[[[-5.103612,55.438606],[-5.23167,55.430275],[-5.342223,55.477219],[-5.400278,55.61777500000011],[-5.37806,55.67166],[-5.295279,55.71666],[-5.22833,55.710274],[-5.15472,55.673332],[-5.08389,55.55305],[-5.07444,55.45916000000011],[-5.093334,55.441666],[-5.103612,55.438606]]],[[[-5.016389,55.721939000000134],[-5.12194,55.78027],[-5.20056,55.877495000000124],[-5.206389,55.89944],[-5.181667,55.91805],[-5.08028,55.876938],[-5.03639,55.837776],[-5.00556,55.77611],[-5.00917,55.726944],[-5.016389,55.721939000000134]]],[[[-6.121667,55.878883],[-6.0975,55.796661],[-6.052222,55.76722],[-6.03028,55.720551],[-6.024723,55.68083200000012],[-6.07667,55.649994000000106],[-6.274445,55.57278],[-6.325556,55.5866620000001],[-6.28583,55.707222000000115],[-6.25111,55.76722],[-6.265278,55.777771],[-6.33778,55.78027],[-6.379723,55.72805],[-6.473333,55.669998],[-6.50139,55.673332],[-6.51,55.690552],[-6.441668,55.853607],[-6.36972,55.86944],[-6.309723,55.86360900000011],[-6.13667,55.934441],[-6.118611,55.921661],[-6.12278,55.895],[-6.121667,55.878883]]],[[[-6.19389,56.02916],[-6.26306,56.03611],[-6.22861,56.082771],[-6.173612,56.115273000000116],[-6.129723,56.117218],[-6.189723,56.03083],[-6.19389,56.02916]]],[[[-5.94694,55.829994],[-5.971945,55.78833],[-6.063056,55.803886],[-6.07556,55.815552],[-6.088056,55.877495000000124],[-6.07889,55.905548],[-5.96806,56.0236],[-5.80917,56.10972],[-5.705556,56.15083],[-5.685,56.125832000000116],[-5.69083,56.106667],[-5.74611,56.06360600000011],[-5.90417,55.8825],[-5.94694,55.829994]]],[[[-5.735001,56.158051],[-5.75,56.162773],[-5.73556,56.177773],[-5.68556,56.195549],[-5.67389,56.189163],[-5.675834,56.169441],[-5.71333,56.159439],[-5.735001,56.158051]]],[[[-5.63,56.19694],[-5.648056,56.18972],[-5.665278,56.21583],[-5.64194,56.260277],[-5.60688,56.250000000000114],[-5.63,56.19694]]],[[[-5.616667,56.268883],[-5.635556,56.27],[-5.648056,56.293053],[-5.630834,56.316109],[-5.58389,56.31972],[-5.60861,56.27333],[-5.616667,56.268883]]],[[[-6.404723,56.30360400000012],[-6.436389,56.310555],[-6.41639,56.33138300000013],[-6.38194,56.34083],[-6.40111,56.30610700000011],[-6.404723,56.30360400000012]]],[[[-5.54361,56.38277],[-5.584445,56.382217],[-5.56778,56.406105],[-5.51,56.41111],[-5.53639,56.38777],[-5.54361,56.38277]]],[[[-6.165833,56.464722],[-6.238611,56.46611000000013],[-6.26,56.48194100000012],[-6.236667,56.496666],[-6.205,56.49472],[-6.16056,56.4658280000001],[-6.165833,56.464722]]],[[[-6.739167,56.515831],[-6.806111,56.511383],[-6.87639,56.47499800000014],[-6.892778,56.43861],[-6.97222,56.449165],[-6.990834,56.494438000000116],[-6.97333,56.508049],[-6.75806,56.549164],[-6.72889,56.520271],[-6.739167,56.515831]]],[[[-5.783611,56.508888],[-5.65111,56.451111],[-5.66306,56.39555400000012],[-5.714723,56.35194400000012],[-5.84028,56.30888],[-5.87806,56.31916],[-5.852501,56.347771],[-5.8825,56.35194400000012],[-6.016111,56.304718],[-6.26472,56.258888],[-6.32111,56.26416],[-6.36611,56.30888],[-6.363611,56.32999400000011],[-6.350278,56.33694],[-6.29056,56.339996],[-6.23194,56.318329],[-6.01861,56.36972],[-6.0275,56.38277],[-6.115834,56.359993000000145],[-6.185,56.35666700000013],[-6.203056,56.378052],[-6.14306,56.428055],[-6.012778,56.4675],[-6.002223,56.489998],[-6.017691,56.496552],[-6.12639,56.473885],[-6.32528,56.53944],[-6.33778,56.546661],[-6.320001,56.60305000000011],[-6.133889,56.6533280000001],[-6.05694,56.635826],[-5.99611,56.583328],[-5.971111,56.544441],[-5.79389,56.512772],[-5.783611,56.508888]]],[[[-6.58917,56.579994],[-6.678334,56.55555],[-6.69889,56.579994],[-6.504723,56.683884],[-6.45722,56.689163],[-6.454445,56.678886],[-6.49333,56.629997],[-6.578889,56.583328],[-6.58917,56.579994]]],[[[-6.14472,56.869995],[-6.21139,56.88721],[-6.214723,56.903053],[-6.14972,56.94500000000011],[-6.1075,56.92694],[-6.119722,56.883888],[-6.13889,56.871384],[-6.14472,56.869995]]],[[[-6.3175,56.934166],[-6.361945,56.946388],[-6.45222,57.002220000000136],[-6.38417,57.04805],[-6.32611,57.054161],[-6.27056,57.041664],[-6.249167,57.022217],[-6.25694,56.960548],[-6.310556,56.934441],[-6.3175,56.934166]]],[[[-7.466945,56.940826],[-7.55028,56.94749500000012],[-7.56,56.96027400000014],[-7.44556,57.05555],[-7.41472,57.041382],[-7.37611,56.978607],[-7.43917,56.942772000000105],[-7.466945,56.940826]]],[[[-6.49917,57.052216],[-6.581112,57.043884],[-6.6025,57.046387],[-6.593334,57.05499300000014],[-6.549445,57.068054],[-6.495,57.054161],[-6.49917,57.052216]]],[[[-5.939167,57.278053],[-6.008334,57.295273],[-6.01917,57.307777],[-6.00583,57.318604],[-5.933889,57.311661],[-5.91778,57.29417],[-5.928056,57.28083],[-5.939167,57.278053]]],[[[-7.22306,57.337494],[-7.25222,57.32666000000012],[-7.28528,57.336105],[-7.28806,57.32249500000012],[-7.25917,57.152496],[-7.21472,57.114441],[-7.225834,57.096939000000134],[-7.36306,57.099998],[-7.38667,57.11472],[-7.41889,57.186661],[-7.42222,57.38528],[-7.368056,57.401382],[-7.335556,57.395828],[-7.271945,57.37527],[-7.224445,57.341660000000104],[-7.22306,57.337494]]],[[[-7.268889,57.39888800000011],[-7.32028,57.401382],[-7.388056,57.423882],[-7.40472,57.4419400000001],[-7.40417,57.467773],[-7.351111,57.489441],[-7.204722,57.46083],[-7.20444,57.41499],[-7.24472,57.40222200000011],[-7.268889,57.39888800000011]]],[[[-6.02694,57.328606],[-6.06833,57.32916300000011],[-6.07833,57.3941650000001],[-6.06361,57.45472],[-6.003056,57.50861],[-5.976667,57.488327],[-5.990001,57.349998],[-6.00639,57.335],[-6.02694,57.328606]]],[[[-5.967778,57.522774],[-5.978333,57.515831],[-5.990834,57.540833000000134],[-5.98222,57.562492],[-5.961667,57.575],[-5.95333,57.567215],[-5.967778,57.522774]]],[[[-6.14389,57.56805400000013],[-6.13667,57.484444],[-6.14778,57.40416],[-6.127223,57.306107],[-5.88667,57.239166],[-5.750556,57.276108],[-5.64611,57.256660000000124],[-5.670279,57.199715],[-5.803612,57.11666],[-5.847501,57.10527],[-5.928056,57.038605],[-5.98,57.026939],[-6.011945,57.022217],[-6.03472,57.05472],[-5.974167,57.13027],[-6.03056,57.177498],[-6.07722,57.124161],[-6.17667,57.17055],[-6.31444,57.157494],[-6.48139,57.30305],[-6.41306,57.335],[-6.33528,57.29833],[-6.309723,57.30416],[-6.533334,57.40833],[-6.573611,57.38416],[-6.56333,57.350273],[-6.575556,57.33332800000011],[-6.7,57.363884],[-6.720834,57.376106],[-6.72444,57.40361],[-6.78583,57.44611],[-6.6375,57.605553],[-6.57833,57.58305400000012],[-6.55722,57.546387],[-6.46333,57.508888],[-6.43,57.50499700000012],[-6.375556,57.5241620000001],[-6.39583,57.602776],[-6.42139,57.63749700000011],[-6.34556,57.68471],[-6.304167,57.686104],[-6.276945,57.67222],[-6.18139,57.614441],[-6.14611,57.575],[-6.14389,57.56805400000013]]],[[[-7.18861,57.68721800000014],[-7.06583,57.633331],[-7.15389,57.509438],[-7.233612,57.503609],[-7.32139,57.505272],[-7.32528,57.54416700000013],[-7.411667,57.56805400000013],[-7.47694,57.562492],[-7.54333,57.595551000000114],[-7.47278,57.655],[-7.275,57.656387],[-7.24472,57.676941],[-7.197223,57.68694],[-7.18861,57.68721800000014]]],[[[-7.196667,57.702217],[-7.219167,57.707771],[-7.189723,57.728882],[-7.16,57.734161],[-7.14472,57.72361000000012],[-7.155001,57.714996],[-7.196667,57.702217]]],[[[-8.55528,57.810829],[-8.5825,57.798882000000106],[-8.61195,57.806389],[-8.61861,57.826111],[-8.552223,57.813889],[-8.55528,57.810829]]],[[[-7.00639,57.881386000000134],[-7.073611,57.877777],[-7.073611,57.896111],[-6.99944,57.919998000000135],[-6.998889,57.88721],[-7.00639,57.881386000000134]]],[[[-6.802222,58.203049],[-6.873056,58.206383],[-6.89,58.248604],[-6.88167,58.25417],[-6.809723,58.228607000000125],[-6.79444,58.203331000000105],[-6.802222,58.203049]]],[[[-6.20417,58.35611],[-6.2325,58.317772000000105],[-6.32389,58.263611],[-6.32844,58.23544],[-6.276945,58.222775],[-6.160001,58.25972000000013],[-6.146945,58.252777],[-6.17222,58.20694],[-6.263778,58.17661],[-6.32911,58.182774],[-6.366667,58.15860700000013],[-6.382223,58.129715],[-6.497223,58.0975],[-6.62028,58.08194],[-6.396111,58.104721],[-6.356668,58.03],[-6.457778,57.968048000000124],[-6.47389,57.940277],[-6.544168,57.914993],[-6.62111,57.91444400000012],[-6.66639,57.92694100000011],[-6.698611,57.967499],[-6.70611,58.0075],[-6.659167,58.04666],[-6.590279,58.04999500000014],[-6.68444,58.057495],[-6.76139,57.998329],[-6.72278,57.95111],[-6.679723,57.928329],[-6.66222,57.880554],[-6.735278,57.825829],[-6.965556,57.72555],[-7.120001,57.814163],[-7.125278,57.83777600000013],[-7.06583,57.820831],[-6.83028,57.90083],[-6.935,57.949715],[-7.03556,57.953331],[-7.11278,57.983887],[-7.05556,58.020271],[-7.12806,58.13472],[-7.031945,58.238052],[-6.90806,58.21278],[-6.93611,58.188049],[-6.861945,58.10388200000011],[-6.873279,58.17859],[-6.805183,58.195866],[-6.750374,58.185238],[-6.74473,58.197197],[-6.808056,58.25972000000013],[-6.81778,58.279999],[-6.79778,58.30222],[-6.67306,58.349159],[-6.646945,58.34194200000013],[-6.55028,58.363327],[-6.292778,58.488327],[-6.266945,58.512497],[-6.22333,58.49638],[-6.165833,58.420555],[-6.20417,58.35611]]],[[[-4.15333,53.22555],[-4.066389,53.226387],[-3.85444,53.284439],[-3.58944,53.282219],[-3.388056,53.3436],[-3.336389,53.347221],[-3.10222,53.247772],[-3.0825,53.27138500000012],[-3.192223,53.385551000000135],[-3.17083,53.400276],[-3.06172,53.410831000000144],[-3.02789,53.377495],[-2.98944,53.367218],[-2.9425,53.310555000000136],[-2.8825,53.28527100000014],[-2.776389,53.292496],[-2.7025,53.346382],[-2.7175,53.35249],[-2.853611,53.32054900000014],[-2.95389,53.360275000000115],[-3.1075,53.551666],[-2.97861,53.693604],[-2.898889,53.723053],[-2.91028,53.733055],[-3.006389,53.734993],[-3.05139,53.764717],[-3.05972,53.7888870000001],[-3.053056,53.90583],[-3.03972,53.921104],[-2.9325,53.950554000000125],[-2.83361,54.084999],[-2.81361,54.22277],[-2.93528,54.15138],[-3.152223,54.081940000000145],[-3.226111,54.09861],[-3.409167,54.276665],[-3.43389,54.34805300000011],[-3.63417,54.51194],[-3.569167,54.642494],[-3.38111,54.88444],[-3.28667,54.938889],[-3.194723,54.949997],[-3.13639,54.93138900000014],[-3.103333,54.93388],[-3.02639,54.945549],[-3.023056,54.970551],[-3.05103,54.97986600000013],[-3.143611,54.964996],[-3.36056,54.971382],[-3.57111,54.990829],[-3.615834,54.87527],[-3.69611,54.8811],[-3.81222,54.84888500000011],[-3.869722,54.80527500000011],[-3.965,54.765274],[-4.13583,54.774719],[-4.34833,54.857773],[-4.39306,54.908051],[-4.428889,54.863609],[-4.411112,54.825829],[-4.35972,54.771111],[-4.345278,54.70722],[-4.365001,54.680275],[-4.38722,54.675552],[-4.50611,54.70277],[-4.598612,54.780273],[-4.680834,54.799721],[-4.85222,54.868607],[-4.928334,54.834717],[-4.96194,54.797775],[-4.9,54.701111],[-4.868334,54.682495],[-4.855834,54.631386],[-4.94111,54.64888800000011],[-4.96333,54.680275],[-4.95083,54.700272],[-4.95694,54.722771],[-5.12,54.834442],[-5.17639,54.900551],[-5.185694,54.93465400000014],[-5.174167,55.00055],[-5.054167,55.046661],[-5.01139,55.135277],[-4.865556,55.222221000000104],[-4.835556,55.322495],[-4.746667,55.411942],[-4.637778,55.443886],[-4.61333,55.494995],[-4.698611,55.606941],[-4.81361,55.64555400000012],[-4.91583,55.6969380000001],[-4.87972,55.936104],[-4.79739,55.952827],[-4.706112,55.933609],[-4.481668,55.921104],[-4.85461,55.98648500000013],[-4.86636,56.031784],[-4.85965,56.07037700000012],[-4.82861,56.11316],[-4.8672,56.10561000000013],[-4.898236,55.981449],[-4.97889,55.866104],[-5.02583,55.86972],[-5.173334,55.929161],[-5.20612,55.921886],[-5.22458,55.901752],[-5.229611,55.874069000000134],[-5.208056,55.826385],[-5.303334,55.850555],[-5.340556,55.905],[-5.308556,56.0075],[-5.202778,56.117218],[-4.92306,56.265],[-4.927501,56.273888],[-5.03222,56.232498],[-5.258889,56.10694100000012],[-5.39083,56.0],[-5.431667,56.00777],[-5.38,55.750275],[-5.4475,55.705276],[-5.48639,55.64305100000013],[-5.5552,55.414398],[-5.514723,55.361664],[-5.59583,55.305832],[-5.7775,55.29666],[-5.79,55.312492000000134],[-5.793612,55.390274],[-5.718889,55.440277],[-5.70167,55.588608000000136],[-5.60778,55.75861],[-5.674167,55.806938],[-5.67789,55.89944100000014],[-5.57056,56.037216000000114],[-5.625556,56.02055400000012],[-5.67022,55.97272],[-5.67972,55.991386],[-5.51167,56.181664000000126],[-5.597778,56.159721],[-5.59639,56.261108],[-5.57361,56.32471],[-5.521111,56.389442000000145],[-5.42056,56.432999],[-5.22083,56.435829],[-5.107779,56.507774],[-5.066389,56.560555],[-5.07611,56.562218],[-5.115556,56.512772],[-5.203056,56.454163],[-5.39867,56.478664],[-5.37718,56.52112],[-5.33234,56.517452],[-5.246389,56.555832],[-5.312389,56.55949],[-5.35139,56.54549800000012],[-5.37622,56.55616400000014],[-5.38306,56.58305400000012],[-5.314723,56.656662],[-5.133889,56.792496],[-5.12,56.816666],[-5.56389,56.54055],[-5.67694,56.49388900000014],[-5.6975,56.513611],[-5.930556,56.569717],[-6.007223,56.619438],[-6.008334,56.63749700000011],[-5.97472,56.651382],[-5.69917,56.6827770000001],[-5.55611,56.685555],[-5.545,56.688332],[-5.55139,56.69416],[-5.76222,56.71194],[-5.84872,56.68005],[-5.91917,56.673882],[-6.191389,56.679718],[-6.235001,56.710274],[-6.19028,56.75],[-5.95361,56.78166],[-5.853333,56.741943],[-5.798612,56.789162],[-5.84972,56.80778],[-5.854445,56.827774],[-5.718056,56.839439],[-5.66472,56.864716],[-5.73889,56.89361],[-5.87861,56.878609],[-5.92194,56.888054000000125],[-5.829722,57.000832],[-5.806111,57.01138300000014],[-5.73794,57.01221800000013],[-5.722278,56.996719],[-5.64333,56.971664],[-5.520278,56.996384],[-5.63139,56.984993000000145],[-5.784167,57.049438],[-5.778611,57.07805],[-5.72472,57.11305],[-5.64928,57.11627],[-5.53333,57.08777600000013],[-5.399723,57.105827],[-5.42083,57.11777],[-5.55028,57.11639],[-5.64961,57.16161000000011],[-5.64611,57.234993],[-5.55017,57.256775],[-5.449722,57.22138200000012],[-5.406112,57.229439],[-5.51267,57.277443],[-5.571167,57.284107],[-5.59884,57.33048600000012],[-5.46278,57.38694],[-5.45028,57.420273],[-5.769444,57.339996],[-5.819167,57.363884],[-5.87139,57.479164],[-5.83972,57.57278],[-5.776945,57.57],[-5.749722,57.54416700000013],[-5.65056,57.508049],[-5.62,57.524719],[-5.508612,57.53472],[-5.53528,57.552216],[-5.669168,57.54583],[-5.81028,57.637772],[-5.816668,57.821663000000115],[-5.79917,57.85499600000014],[-5.71694,57.869438000000116],[-5.683279,57.846386],[-5.661667,57.78611],[-5.6025,57.76722000000012],[-5.58056,57.829994],[-5.625556,57.852219],[-5.644667,57.877716],[-5.64444,57.899719],[-5.61111,57.92360700000012],[-5.4575,57.85889],[-5.430556,57.90083],[-5.33861,57.92083],[-5.217501,57.90083],[-5.102778,57.85083],[-5.098333,57.86805],[-5.18944,57.94832600000012],[-5.398056,58.0311],[-5.45528,58.07638500000013],[-5.42667,58.09861],[-5.31944,58.064438],[-5.27972,58.07972],[-5.274445,58.1486],[-5.2975,58.15083],[-5.396389,58.24249300000014],[-5.39222,58.2594380000001],[-5.203611,58.250832],[-5.071667,58.264717],[-5.12639,58.287498],[-5.17472,58.349998],[-5.109445,58.50833100000011],[-5.00472,58.623329],[-4.772223,58.60361],[-4.70167,58.558609],[-4.676667,58.524437],[-4.76111,58.45138500000013],[-4.756667,58.442497],[-4.60389,58.523331],[-4.595,58.56499],[-4.565001,58.576111],[-4.47611,58.561104000000114],[-4.428889,58.539719000000105],[-4.27722,58.53360700000013],[-4.080556,58.555275],[-3.78528,58.566666],[-3.660278,58.61972],[-3.576111,58.621941000000106],[-3.553334,58.60916],[-3.365,58.595276],[-3.35083,58.61610400000012],[-3.37333,58.627495000000124],[-3.35389,58.66055300000011],[-3.01583,58.643051],[-3.05556,58.454437],[-3.12194,58.369438],[-3.20861,58.304443],[-3.36417,58.273888],[-3.420278,58.24360700000011],[-3.51528,58.162498],[-3.99694,57.950554],[-4.01167,57.92694100000011],[-3.99111,57.901939],[-4.015,57.867775],[-4.12,57.85083],[-4.39222,57.905273],[-4.34556,57.85833],[-4.043223,57.814384],[-3.874722,57.815277],[-3.84167,57.824715],[-3.81139,57.856384],[-3.775,57.858604],[-3.82306,57.801666],[-3.97778,57.69833],[-4.021,57.699383],[-4.01639,57.721382],[-4.031112,57.731384],[-4.097778,57.723885],[-4.296667,57.674438],[-4.41639,57.60166],[-4.43583,57.575],[-4.41472,57.57278],[-4.24944,57.659439000000134],[-4.19139,57.67139],[-4.08078,57.665329],[-4.04667,57.642776],[-4.210834,57.53611000000012],[-4.240556,57.5],[-4.225278,57.48917],[-4.15889,57.496666],[-4.03833,57.55722],[-3.754137,57.625038],[-3.639445,57.643883],[-3.638611,57.634163000000115],[-3.59278,57.637215],[-3.50639,57.673607],[-3.48806,57.709442],[-3.339723,57.723328],[-3.28944,57.72583],[-3.223333,57.69166600000011],[-3.041945,57.662216],[-2.898056,57.70694],[-2.40028,57.66638200000011],[-2.18611,57.668610000000115],[-2.131389,57.695274],[-2.07556,57.69944],[-1.929722,57.677773000000116],[-1.86,57.621384],[-1.781389,57.505554],[-1.773334,57.458054],[-1.977778,57.313889],[-2.061667,57.204163],[-2.075,57.151382],[-2.06722,57.134438],[-2.093334,57.070274],[-2.19028,56.97472],[-2.1975,56.945549],[-2.186389,56.91805],[-2.219722,56.867775],[-2.315556,56.798882000000106],[-2.39,56.77166],[-2.47806,56.71527100000014],[-2.462778,56.696388],[-2.448084,56.69964600000014],[-2.44889,56.68722],[-2.48861,56.614166],[-2.52722,56.57861],[-2.720834,56.488884],[-3.07028,56.451942],[-3.278056,56.357498000000135],[-3.264722,56.346107],[-3.193056,56.35889],[-2.995556,56.414162],[-2.919167,56.44944],[-2.884445,56.451385],[-2.808889,56.43888900000013],[-2.79806,56.414719000000105],[-2.81528,56.373604000000114],[-2.80056,56.344444],[-2.643611,56.31666600000011],[-2.582222,56.281387],[-2.582778,56.268051],[-2.678056,56.214996],[-2.78806,56.187492],[-2.956944,56.20222],[-3.13556,56.113609],[-3.15417,56.085548],[-3.3925,56.01111],[-3.5825,56.05499300000014],[-3.73722,56.05555],[-3.725278,56.027496],[-3.66194,56.005829],[-3.053056,55.943604],[-2.91028,55.97805],[-2.86528,56.031944],[-2.82028,56.05694],[-2.657222,56.059715],[-2.375278,55.95694],[-2.079722,55.867218],[-1.98,55.75666],[-1.819722,55.63416],[-1.74694,55.624992],[-1.633889,55.580826],[-1.58139,55.48555],[-1.57333,55.419716],[-1.599445,55.38582600000012],[-1.515,55.149719],[-1.480834,55.082771],[-1.38139,54.976387],[-1.2975,54.763611],[-1.165278,54.64971900000012],[-0.564722,54.48],[-0.515556,54.444717],[-0.4575,54.376938],[-0.38194,54.25555400000013],[-0.2625,54.174438],[-0.075,54.111938],[-0.17389,54.0816650000001],[-0.208611,54.048332],[-0.215,54.0149990000001],[-0.17111,53.92166],[-0.1275,53.86388],[0.141111,53.62722],[0.151944,53.591942],[0.118056,53.564438],[0.138333,53.599716],[0.109167,53.619164000000126],[0.02972,53.639999],[-0.085556,53.624443],[-0.141944,53.648048],[-0.23139,53.72166],[-0.2725,53.73555],[-0.54917,53.706108],[-0.586111,53.72666],[-0.632222,53.729164],[-0.718889,53.699715],[-0.69306,53.686104],[-0.519722,53.685272],[-0.297778,53.71278],[-0.20722,53.630829],[0.026944000000128,53.50972],[0.146944,53.474716000000114],[0.235556,53.39944],[0.340278000000126,53.233055],[0.357778,53.16083],[0.34167,53.09583],[0.17333,53.009163],[0.032222,52.91722],[3.7000000134e-05,52.87955],[0.086389,52.88971700000013],[0.165278,52.860275],[0.238611000000105,52.796104],[0.363333,52.780273],[0.43056,52.825554000000125],[0.445278,52.86777500000011],[0.494167,52.937492000000134],[0.545833,52.96611000000013],[0.66722,52.976105],[0.877778,52.967773],[0.911667,52.952217],[1.28222,52.92749800000013],[1.39333,52.893608],[1.656944,52.76416],[1.7025,52.7158280000001],[1.746389000000136,52.620277],[1.74944,52.455826],[1.73305,52.393051],[1.685751,52.32630200000011],[1.579722,52.076385],[1.328611,51.92833],[1.27417,51.988327],[1.16028,52.023331],[1.208333,51.950829],[1.293611000000112,51.877495],[1.28639,51.854996],[1.223611000000119,51.80888],[1.132222000000127,51.776939],[1.05,51.770554],[0.986667,51.826111],[0.699722,51.719444],[0.75861,51.691383],[0.93167,51.738609],[0.94694,51.725555],[0.950555000000122,51.606384],[0.789444,51.524162],[0.648889000000111,51.536659],[0.465,51.503052],[0.382778,51.450554000000125],[0.443889,51.45166000000012],[0.47889,51.482216],[0.536111,51.48805],[0.6975,51.470833],[0.725278000000117,51.455276],[0.719167,51.438332000000116],[0.64,51.43972],[0.558056000000136,51.41111],[0.5783330000001,51.39],[0.905,51.3408280000001],[0.999167,51.34777100000014],[1.06278,51.368889],[1.385556,51.387772],[1.4275,51.331108],[1.408889000000102,51.188332],[1.390278000000137,51.15416],[1.35361,51.126663],[1.100278000000117,51.073608],[1.045555,51.049438],[0.978889,50.99666600000012],[0.968055,50.96833],[0.975000000000136,50.931938],[0.85667,50.925552],[0.781389,50.935555000000136],[0.66222,50.869438],[0.349444,50.808609],[0.271111,50.745827],[0.242222,50.738052],[-0.138056,50.818329],[-0.255,50.82638],[-0.675278,50.781105],[-0.74611,50.765831000000105],[-0.76806,50.752777],[-0.77639,50.72916],[-0.79639,50.725273],[-0.910278,50.772217],[-0.86361,50.800827],[-0.92694,50.839439],[-1.15472,50.844162],[-1.159167,50.83666],[-1.115834,50.805275],[-1.146945,50.7775],[-1.331389,50.791382],[-1.592778,50.724159],[-1.68444,50.73888],[-1.934167,50.712776],[-2.009445,50.714996],[-2.041945,50.733887],[-2.079722,50.69416],[-1.95289,50.66711],[-1.935556,50.639442],[-1.95833,50.59861],[-2.0575,50.585548],[-2.197222,50.62610600000011],[-2.393889,50.64166],[-2.446667,50.626389],[-2.464445,50.59833],[-2.458611,50.57499700000011],[-2.42472,50.559998],[-2.434451,50.54179],[-2.45523,50.548901],[-2.4946,50.595654],[-2.661945,50.67333200000013],[-2.82306,50.720276000000126],[-2.92472,50.731941],[-2.97806,50.706383],[-3.25417,50.671944],[-3.458611,50.590553],[-3.500278,50.535828],[-3.651945,50.231110000000115],[-3.675,50.220276],[-3.72889,50.206383],[-3.813334,50.217216],[-3.839723,50.23222],[-3.878889,50.282776],[-3.94083,50.312492],[-4.05278,50.29583],[-4.175,50.377777],[-4.38,50.36388],[-4.51056,50.32249500000012],[-4.67861,50.325829],[-4.7625,50.311386],[-4.8575,50.231667],[-5.04806,50.17110400000013],[-5.07528,50.084717000000126],[-5.054723,50.06194],[-5.05944,50.04249600000014],[-5.086112,50.022774],[-5.159167,50.0044400000001],[-5.19889,49.95555100000013],[-5.255834,50.000832],[-5.253334,50.03],[-5.28972,50.069443],[-5.33361,50.091385000000116],[-5.47056,50.124992],[-5.5375,50.11332700000014],[-5.53944,50.073883],[-5.56722,50.05110900000011],[-5.65972,50.03583],[-5.6875,50.041939],[-5.71861,50.06305],[-5.69583,50.153053000000114],[-5.49583,50.216942],[-5.46889,50.197777],[-5.42778,50.193886],[-5.15389,50.342499],[-5.05194,50.422218],[-5.024445,50.466660000000104],[-5.03889,50.500275],[-5.013889,50.544998],[-4.91583,50.57721700000013],[-4.78139,50.594444000000124],[-4.76167,50.614716],[-4.743611,50.667496],[-4.553612,50.785271],[-4.54333,50.92694100000011],[-4.523612,51.01527],[-4.42417,51.009163],[-4.35778,50.989441],[-4.30361,51.004166],[-4.20889,51.07416500000011],[-4.22972,51.18639],[-4.116667,51.212219],[-3.7925,51.23917],[-3.61861,51.21666],[-3.565556,51.23167],[-3.51056,51.223885],[-3.437778,51.20694],[-3.39,51.18110700000011],[-3.02833,51.20611],[-3.00944,51.24971800000014],[-3.00694,51.30722],[-2.96,51.374992000000134],[-2.65333,51.563889],[-2.47167,51.724442],[-2.38,51.75555400000013],[-2.39667,51.776382],[-2.460556,51.74666600000012],[-2.71472,51.580826000000116],[-2.847778,51.544998],[-2.966389,51.541664],[-3.115556,51.489998],[-3.15167,51.453049000000135],[-3.16389,51.409721],[-3.185556,51.395554],[-3.346111,51.378609],[-3.56028,51.405548],[-3.74944,51.525276],[-3.840278,51.620827],[-3.965556,51.609718],[-4.20028,51.5425],[-4.20556,51.532219],[-4.242778,51.540833],[-4.27778,51.556664],[-4.291112,51.610275000000115],[-4.231945,51.633049],[-4.17444,51.62221],[-4.116389,51.634163],[-4.075,51.648605],[-4.06389,51.665833000000134],[-4.074722,51.67722],[-4.262222,51.67694100000011],[-4.43611,51.737221],[-4.57444,51.734161],[-4.675834,51.71888700000011],[-4.69028,51.66666],[-4.708611,51.650276],[-4.783334,51.631943],[-4.834445,51.64582800000011],[-4.86194,51.640831],[-4.941389,51.594162],[-5.05139,51.620277],[-5.021278,51.66861],[-4.86111,51.713333],[-4.88444,51.74666600000012],[-4.90417,51.713882],[-5.01072,51.702995],[-5.19111,51.70888500000012],[-5.24694,51.73027000000013],[-5.15111,51.765],[-5.11222,51.766663],[-5.101945,51.778885],[-5.127223,51.854439],[-5.18833,51.86999500000013],[-5.258889,51.870552],[-5.239167,51.916382],[-5.096945,51.961388],[-5.07667,51.996109],[-4.832223,52.01527],[-4.73694,52.103607],[-4.66944,52.130272],[-4.49528,52.13777],[-4.23167,52.248886],[-4.13083,52.334717],[-4.098333,52.381943],[-4.059723,52.485832],[-4.080556,52.55332900000013],[-4.1275,52.60527],[-4.053334,52.71666],[-4.14833,52.79833],[-4.13639,52.876663],[-4.11833,52.894440000000145],[-4.133612,52.914444],[-4.23333,52.914993],[-4.414167,52.88472],[-4.47722,52.854996],[-4.53944,52.79305],[-4.740834,52.78083],[-4.76086,52.78897100000012],[-4.721945,52.836105],[-4.61889,52.90916],[-4.52667,52.935829],[-4.3575,53.031387],[-4.330278,53.112221],[-4.19639,53.20611],[-4.15333,53.22555]]],[[[-2.918334,58.731941],[-2.94806,58.7305530000001],[-2.98,58.75027],[-3.036945,58.818054],[-3.01,58.831665],[-2.89917,58.838333],[-2.87778,58.824165],[-2.91389,58.733887],[-2.918334,58.731941]]],[[[-3.23139,58.775551],[-3.300834,58.778053000000114],[-3.43111,58.87138],[-3.41222,58.910553],[-3.34917,58.92694100000011],[-3.21472,58.874161],[-3.13472,58.800827],[-3.136945,58.78666],[-3.180833,58.77916],[-3.23139,58.775551]]],[[[-2.79306,58.951385],[-2.75583,58.91777000000013],[-2.82444,58.87888],[-2.97,58.93943800000011],[-3.05722,58.935829],[-3.188334,58.91],[-3.303334,58.945831],[-3.34556,58.9658280000001],[-3.368056,59.009995],[-3.350278,59.109993000000145],[-3.3175,59.12944],[-3.21889,59.1486],[-3.076945,59.121666],[-2.998333,59.06972],[-2.94722,58.998329],[-2.85222,58.975555],[-2.79306,58.951385]]],[[[-2.681389,59.195831],[-2.68583,59.18416600000012],[-2.69361,59.197495],[-2.68444,59.22083],[-2.59278,59.29055],[-2.55556,59.303055],[-2.407222,59.31389],[-2.39,59.27971600000012],[-2.495556,59.244995],[-2.625,59.233604],[-2.681389,59.195831]]],[[[-2.89,59.29527300000012],[-2.84972,59.268051],[-2.8775,59.228607000000125],[-2.873056,59.256104],[-2.936667,59.28361],[-2.971945,59.287216],[-2.98806,59.26416000000012],[-3.003334,59.263611],[-3.076389,59.331383],[-2.897223,59.299721],[-2.89,59.29527300000012]]],[[[-1.296111,60.491104],[-1.286667,60.47110700000013],[-1.03722,60.44416],[-1.101111,60.27583],[-1.164167,60.25833100000011],[-1.19889,60.26778],[-1.18556,60.23055],[-1.125556,60.147774],[-1.14667,60.13194],[-1.170556,60.137215],[-1.212222,60.102776],[-1.22056,60.022499],[-1.26861,59.851105],[-1.30694,59.857498000000135],[-1.37806,59.90222200000011],[-1.33004,60.0],[-1.305833,60.012772],[-1.26306,60.106941],[-1.29139,60.24139],[-1.410278,60.25499700000012],[-1.363611,60.229721],[-1.358333,60.192497],[-1.44861,60.151108],[-1.520278,60.181389],[-1.519722,60.201111],[-1.66472,60.230827],[-1.69278,60.283882],[-1.628334,60.30722],[-1.42694,60.32138800000013],[-1.32028,60.356384],[-1.445833,60.46054800000013],[-1.61167,60.476662],[-1.593056,60.50777],[-1.41611,60.604996],[-1.301944,60.63666500000011],[-1.2875,60.613327],[-1.296111,60.491104]]],[[[-1.029444,60.495827],[-1.1275,60.48638],[-1.170278,60.52722200000011],[-1.17944,60.63250000000011],[-1.11,60.72583],[-0.99111,60.719994],[-0.982778,60.651382000000126],[-1.025556,60.498886],[-1.029444,60.495827]]],[[[-0.819722,60.68888900000013],[-0.835,60.67333200000013],[-0.935556,60.67443800000012],[-0.96556,60.688049],[-0.938889,60.79444100000012],[-0.878333,60.844444],[-0.76778,60.82888800000012],[-0.757222,60.813889],[-0.76361,60.793327],[-0.819722,60.68888900000013]]]]}},{"type":"Feature","properties":{"id":"RS","iso2":"RS","name":"Serbia","level":"country","population":6600000,"gdp_per_capita_ppp":21000,"seats_lower":250},"geometry":{"type":"Polygon","coordinates":[[[20.071423,42.560913],[20.10722,42.654442],[20.007774,42.684441],[19.977497,42.703888],[19.980274,42.721939],[20.014999,42.752495],[20.066666,42.773048],[20.231941,42.761108],[20.382774,42.835548],[20.348888,42.886383],[20.286942,42.932495],[20.059719,43.005554],[19.969719,43.090553],[19.647778,43.181664],[19.563332,43.256386],[19.511944,43.321938],[19.444164,43.373604],[19.254719,43.459999],[19.228809,43.513214],[19.408607,43.584442],[19.480553,43.571388],[19.493889,43.588051],[19.51083,43.679718],[19.487499,43.763329],[19.251221,43.962379],[19.237019,44.011009],[19.30674,43.998528],[19.374165,43.965553],[19.524502,43.958939],[19.619442,44.018883],[19.620476,44.048454],[19.485832,44.120277],[19.357952,44.209412],[19.239998,44.264999],[19.161705,44.286011],[19.104443,44.355827],[19.123402,44.514542],[19.193981,44.560158],[19.31361,44.70472],[19.382774,44.863052],[19.371387,44.88916],[19.310276,44.908607],[19.177219,44.923607],[19.039719,44.861382],[19.004444,44.904442],[19.032497,44.930832],[19.050831,44.928055],[19.115555,45.031944],[19.104164,45.096664],[19.163609,45.212219],[19.21833,45.208332],[19.261665,45.180275],[19.41111,45.174995],[19.422775,45.179993],[19.423885,45.22583],[19.418331,45.234718],[19.260521,45.247429],[19.138611,45.287498],[18.980324,45.378624],[19.0,45.490829],[19.020523,45.498665],[19.087837,45.489502],[19.099987,45.515869],[19.020523,45.562988],[18.955269,45.537186],[18.902496,45.570274],[18.909458,45.620758],[18.933609,45.625275],[18.968357,45.663017],[18.958611,45.77861],[18.833054,45.873886],[18.81702,45.912964],[18.858887,45.91111],[18.995552,45.952499],[19.096386,46.024437],[19.130554,46.019997],[19.155277,45.987221],[19.286388,45.989441],[19.46722,46.078606],[19.517498,46.116661],[19.505833,46.141106],[19.559998,46.171944],[19.672775,46.180832],[19.842499,46.149162],[19.961109,46.17083],[20.112221,46.167496],[20.200832,46.151382],[20.321388,46.063606],[20.378052,45.97805],[20.506386,45.915833],[20.561943,45.909996],[20.591663,45.894165],[20.654999,45.833885],[20.664165,45.795555],[20.713333,45.743889],[20.747776,45.743607],[20.776943,45.773605],[20.801388,45.76416],[20.798885,45.656662],[20.766666,45.609993],[20.808331,45.478882],[20.986664,45.345833],[21.048885,45.316383],[21.276386,45.229721],[21.416664,45.214722],[21.482777,45.183609],[21.513611,45.151108],[21.512775,45.123329],[21.443054,45.053604],[21.366943,45.008331],[21.429722,44.961662],[21.470833,44.963051],[21.540833,44.938606],[21.558609,44.896111],[21.366108,44.864441],[21.362091,44.823143],[21.400398,44.780823],[21.524441,44.778328],[21.588333,44.763329],[21.61565,44.717705],[21.618332,44.678329],[21.649441,44.657776],[21.783607,44.661942],[21.993889,44.635551],[22.029163,44.593887],[22.039444,44.551666],[22.084442,44.503052],[22.128609,44.481384],[22.176941,44.481941],[22.31361,44.664162],[22.436386,44.714439],[22.479164,44.710274],[22.604721,44.622215],[22.709999,44.606667],[22.762703,44.56192],[22.754444,44.539719],[22.699585,44.522522],[22.6325,44.548607],[22.590275,44.549164],[22.459999,44.482216],[22.463333,44.449997],[22.549721,44.323051],[22.576111,44.304718],[22.672775,44.286385],[22.691666,44.26416],[22.681435,44.224701],[22.650276,44.211937],[22.619164,44.169998],[22.614719,44.117493],[22.552776,44.063889],[22.416943,44.006943],[22.367222,43.826942],[22.414165,43.709442],[22.543331,43.472496],[22.628052,43.430832],[22.766666,43.385826],[22.833054,43.328888],[22.847221,43.284996],[22.904442,43.230827],[23.004997,43.192772],[22.990555,43.133049],[22.966389,43.101662],[22.745552,42.893608],[22.66222,42.880829],[22.603886,42.896111],[22.524998,42.878609],[22.442219,42.821663],[22.44722,42.599442],[22.464165,42.568886],[22.544441,42.515549],[22.558887,42.487495],[22.519444,42.399162],[22.410831,42.335274],[22.365276,42.323883],[22.324444,42.361382],[22.221943,42.34166],[22.195,42.315277],[22.083332,42.300552],[22.023609,42.31694],[21.850277,42.330826],[21.806664,42.303329],[21.788609,42.263329],[21.721386,42.232773],[21.61972,42.254166],[21.466663,42.265831],[21.344444,42.193054],[21.304996,42.147774],[21.221107,42.145271],[21.141941,42.198051],[21.116943,42.202499],[20.914997,42.119995],[20.796108,42.085274],[20.771942,42.050827],[20.759163,41.993332],[20.778332,41.929718],[20.744164,41.874161],[20.713055,41.856667],[20.631664,41.855827],[20.589642,41.882187],[20.58083,41.906662],[20.588608,41.927498],[20.617775,41.941666],[20.623333,41.966942],[20.524166,42.214439],[20.450832,42.278328],[20.355675,42.311844],[20.24472,42.328606],[20.220833,42.433327],[20.16861,42.506943],[20.0975,42.536942],[20.071423,42.560913]]]}}]}